symbol,date,news_volume,news_tone
BNBUSDT,2017-09-08,1,-0.925925925925926
BNBUSDT,2017-10-02,2,-0.13225371120107998
BNBUSDT,2017-10-04,1,-0.301204819277108
BNBUSDT,2017-10-06,1,0.179211469534051
BNBUSDT,2017-10-16,1,3.0750307503075
BNBUSDT,2017-10-18,1,-0.658616904500549
BNBUSDT,2017-10-23,1,1.8
BNBUSDT,2017-10-24,1,2.89634146341463
BNBUSDT,2017-10-28,1,2.94117647058824
BNBUSDT,2017-10-30,1,-2.39520958083832
BNBUSDT,2017-11-14,1,1.73501577287066
BNBUSDT,2017-12-11,1,2.7992277992278
BNBUSDT,2017-12-12,1,1.59151193633952
BNBUSDT,2017-12-15,1,-0.558659217877095
BNBUSDT,2017-12-18,2,0.0452709205346764
BNBUSDT,2017-12-19,2,0.28119406717911355
BNBUSDT,2017-12-20,5,0.218805475689518
BNBUSDT,2017-12-21,1,0.195858981533296
BNBUSDT,2017-12-26,2,0.2124300920079375
BNBUSDT,2017-12-28,1,1.06796116504854
BNBUSDT,2018-01-02,4,0.47110933945405919
BNBUSDT,2018-01-03,2,1.043693212309841
BNBUSDT,2018-01-06,2,0.31041068972293151
BNBUSDT,2018-01-08,1,-2.14986758062003
BNBUSDT,2018-01-09,1,-0.625651720542231
BNBUSDT,2018-01-11,1,3.80952380952381
BNBUSDT,2018-01-12,1,-1.19453924914676
BNBUSDT,2018-01-16,3,-2.86592439985578
BNBUSDT,2018-01-17,1,2.18978102189781
BNBUSDT,2018-01-18,1,2.72727272727273
BNBUSDT,2018-01-24,2,1.04852876592007
BNBUSDT,2018-02-03,1,0.93167701863354
BNBUSDT,2018-02-04,1,0.940438871473354
BNBUSDT,2018-02-05,1,1.24223602484472
BNBUSDT,2018-02-06,1,-0.635930047694754
BNBUSDT,2018-02-08,1,-1.62907268170426
BNBUSDT,2018-02-16,1,1.0989010989011
BNBUSDT,2018-02-21,1,1.45772594752187
BNBUSDT,2018-02-22,1,1.31500298864316
BNBUSDT,2018-02-23,1,1.24610591900312
BNBUSDT,2018-02-24,1,1.25786163522013
BNBUSDT,2018-02-26,2,1.3199095928145115
BNBUSDT,2018-02-27,1,-0.152671755725191
BNBUSDT,2018-03-04,1,1.24223602484472
BNBUSDT,2018-03-10,1,1.18343195266272
BNBUSDT,2018-03-12,7,-3.2495576705897102
BNBUSDT,2018-03-13,7,-1.4351539064830714
BNBUSDT,2018-03-14,4,-0.29710840751379725
BNBUSDT,2018-03-15,1,-3.15315315315315
BNBUSDT,2018-03-16,4,-1.0320399321463307
BNBUSDT,2018-03-17,1,0.923076923076923
BNBUSDT,2018-03-18,1,0.934579439252336
BNBUSDT,2018-03-19,4,-2.7222027870930443
BNBUSDT,2018-03-20,1,0.934579439252336
BNBUSDT,2018-03-22,2,-0.10670731707317005
BNBUSDT,2018-03-23,4,0.14240091021384627
BNBUSDT,2018-03-26,1,0.322061191626409
BNBUSDT,2018-03-29,2,0.9178588724094725
BNBUSDT,2018-03-31,5,-1.2626988659079068
BNBUSDT,2018-04-02,1,-0.584368151935719
BNBUSDT,2018-04-03,3,0.14400932042063233
BNBUSDT,2018-04-04,4,-1.307571526246512
BNBUSDT,2018-04-05,1,-0.720461095100865
BNBUSDT,2018-04-06,2,-0.27823711934003703
BNBUSDT,2018-04-09,1,1.23839009287926
BNBUSDT,2018-04-11,1,-0.185873605947955
BNBUSDT,2018-04-13,1,1.24610591900312
BNBUSDT,2018-04-15,4,-2.1827995469847741
BNBUSDT,2018-04-18,2,-0.23803943397884708
BNBUSDT,2018-04-20,1,-0.606060606060606
BNBUSDT,2018-04-21,2,-0.53238728695060655
BNBUSDT,2018-04-23,1,0.24390243902439
BNBUSDT,2018-04-25,2,0.8229421863258406
BNBUSDT,2018-04-27,2,-1.7524235645041051
BNBUSDT,2018-04-29,1,-2.59965337954939
BNBUSDT,2018-05-01,1,1.29421915444349
BNBUSDT,2018-05-03,1,0.3690036900369
BNBUSDT,2018-05-04,1,0.911854103343465
BNBUSDT,2018-05-07,1,1.6116035455278
BNBUSDT,2018-05-09,1,0.0
BNBUSDT,2018-05-10,1,1.79282868525896
BNBUSDT,2018-05-11,1,-1.07874865156419
BNBUSDT,2018-05-16,4,2.0050437276088147
BNBUSDT,2018-05-18,1,1.98412698412698
BNBUSDT,2018-05-21,1,-2.51465798045603
BNBUSDT,2018-05-22,1,1.64765525982256
BNBUSDT,2018-05-24,1,1.41078838174274
BNBUSDT,2018-05-31,1,-2.38532110091743
BNBUSDT,2018-06-02,1,-3.16066725197542
BNBUSDT,2018-06-06,1,2.51450676982592
BNBUSDT,2018-06-07,3,1.1239378555448747
BNBUSDT,2018-06-08,2,0.538865067809449
BNBUSDT,2018-06-12,2,-0.81711385358465694
BNBUSDT,2018-06-13,2,-1.9503228120516507
BNBUSDT,2018-06-17,2,0.0498584662892434
BNBUSDT,2018-06-18,7,-0.076294632969091752
BNBUSDT,2018-06-19,3,2.76264573955048
BNBUSDT,2018-06-20,3,4.24583152095114
BNBUSDT,2018-06-21,1,-1.0530749789385
BNBUSDT,2018-06-22,1,0.0
BNBUSDT,2018-06-23,1,-1.56459544032186
BNBUSDT,2018-06-25,2,4.29594272076372
BNBUSDT,2018-06-27,3,0.78961687919761
BNBUSDT,2018-06-28,1,1.23456790123457
BNBUSDT,2018-06-29,2,-0.97633724398488808
BNBUSDT,2018-06-30,1,-1.85758513931889
BNBUSDT,2018-07-03,10,1.8576459206557807
BNBUSDT,2018-07-04,5,-0.97642279012743338
BNBUSDT,2018-07-05,1,-0.413793103448276
BNBUSDT,2018-07-06,1,-0.755667506297229
BNBUSDT,2018-07-07,4,-1.3367707142589142
BNBUSDT,2018-07-12,4,1.29102569029847
BNBUSDT,2018-07-13,5,1.306145430453806
BNBUSDT,2018-07-16,5,-0.65653053637060177
BNBUSDT,2018-07-17,1,-1.63398692810458
BNBUSDT,2018-07-25,4,-0.066662857360531486
BNBUSDT,2018-07-28,2,1.87353629976581
BNBUSDT,2018-07-29,3,2.2505344330471666
BNBUSDT,2018-07-30,3,-1.0358025506299366
BNBUSDT,2018-08-01,6,2.9820053206677053
BNBUSDT,2018-08-02,2,2.9199155295646548
BNBUSDT,2018-08-03,3,0.17160630679249322
BNBUSDT,2018-08-09,1,0.314465408805031
BNBUSDT,2018-08-11,1,1.81818181818182
BNBUSDT,2018-08-12,1,1.65745856353591
BNBUSDT,2018-08-14,1,-4.93273542600897
BNBUSDT,2018-08-15,2,-1.8040188740644352
BNBUSDT,2018-08-20,2,0.59942991281019453
BNBUSDT,2018-08-22,2,1.1318010745928366
BNBUSDT,2018-08-25,2,-1.3369173929518752
BNBUSDT,2018-08-27,2,-2.4102901576351692
BNBUSDT,2018-08-30,1,-1.2972972972973
BNBUSDT,2018-09-01,2,-3.8483978098913951
BNBUSDT,2018-09-04,6,4.3260486847637463
BNBUSDT,2018-09-05,2,-0.086823289070480481
BNBUSDT,2018-09-06,1,0.0
BNBUSDT,2018-09-07,1,1.00200400801603
BNBUSDT,2018-09-08,1,1.11524163568773
BNBUSDT,2018-09-09,1,0.554016620498615
BNBUSDT,2018-09-13,2,0.79061595700702947
BNBUSDT,2018-09-14,2,1.4439187857283653
BNBUSDT,2018-09-15,4,0.66644392323464774
BNBUSDT,2018-09-16,2,0.0057415828395574464
BNBUSDT,2018-09-19,1,1.58730158730159
BNBUSDT,2018-09-20,2,1.7424201334273486
BNBUSDT,2018-09-25,1,1.92307692307692
BNBUSDT,2018-09-26,1,0.282485875706215
BNBUSDT,2018-09-27,1,-0.095602294455067
BNBUSDT,2018-09-29,1,-0.269541778975741
BNBUSDT,2018-10-01,1,3.87323943661972
BNBUSDT,2018-10-02,2,0.5337034812506205
BNBUSDT,2018-10-03,16,1.2468725198128032
BNBUSDT,2018-10-04,1,1.15273775216138
BNBUSDT,2018-10-05,8,2.2492185871534636
BNBUSDT,2018-10-06,4,0.3071580782309663
BNBUSDT,2018-10-07,1,-1.01498308361527
BNBUSDT,2018-10-08,1,0.28328611898017
BNBUSDT,2018-10-09,1,0.961538461538462
BNBUSDT,2018-10-11,1,1.97183098591549
BNBUSDT,2018-10-14,1,-0.540540540540541
BNBUSDT,2018-10-15,1,0.106157112526539
BNBUSDT,2018-10-16,2,0.4761418468686951
BNBUSDT,2018-10-17,2,0.49833887043189351
BNBUSDT,2018-10-18,1,1.87734668335419
BNBUSDT,2018-10-19,1,3.49514563106796
BNBUSDT,2018-10-20,1,-2.29885057471264
BNBUSDT,2018-10-22,1,0.564971751412429
BNBUSDT,2018-10-25,1,0.783289817232375
BNBUSDT,2018-10-27,2,1.7257421778176054
BNBUSDT,2018-10-29,6,0.4077833342998235
BNBUSDT,2018-10-30,1,-5.93220338983051
BNBUSDT,2018-10-31,8,1.7654846219495812
BNBUSDT,2018-11-01,6,-0.60657430715105676
BNBUSDT,2018-11-02,1,-1.17647058823529
BNBUSDT,2018-11-03,1,2.20588235294118
BNBUSDT,2018-11-06,1,0.0
BNBUSDT,2018-11-07,3,-1.3043922530340175
BNBUSDT,2018-11-09,4,1.0162062931942288
BNBUSDT,2018-11-13,1,0.0
BNBUSDT,2018-11-14,2,0.968752664336263
BNBUSDT,2018-11-15,2,0.29692220543806647
BNBUSDT,2018-11-16,5,-0.4352072385035578
BNBUSDT,2018-11-17,3,-2.6434288807091768
BNBUSDT,2018-11-19,2,-0.56073447988056557
BNBUSDT,2018-11-20,1,-2.97029702970297
BNBUSDT,2018-11-21,1,-4.49897750511247
BNBUSDT,2018-11-22,1,2.42290748898678
BNBUSDT,2018-11-23,2,-4.1556348566824006
BNBUSDT,2018-11-25,1,0.276243093922652
BNBUSDT,2018-11-26,1,0.982800982800983
BNBUSDT,2018-11-30,1,4.08805031446541
BNBUSDT,2018-12-03,3,-5.5016628760350663
BNBUSDT,2018-12-05,4,0.76675810639554
BNBUSDT,2018-12-06,3,-0.977703981950267
BNBUSDT,2018-12-07,4,-3.4334886285339303
BNBUSDT,2018-12-09,1,-0.347222222222222
BNBUSDT,2018-12-10,1,-0.394944707740916
BNBUSDT,2018-12-11,2,1.5831527627302251
BNBUSDT,2018-12-12,4,-1.1798196353231
BNBUSDT,2018-12-13,3,3.37289104536353
BNBUSDT,2018-12-14,1,0.99009900990099
BNBUSDT,2018-12-17,1,3.70121130551817
BNBUSDT,2018-12-19,2,2.0635495952639848
BNBUSDT,2018-12-20,1,-1.51898734177215
BNBUSDT,2018-12-23,1,2.60355029585799
BNBUSDT,2018-12-25,4,-2.6343324915070525
BNBUSDT,2018-12-28,1,1.4042426053182
BNBUSDT,2018-12-29,2,-0.54054054054054
BNBUSDT,2018-12-31,5,-1.0840914223719273
BNBUSDT,2019-01-02,2,0.249376558603491
BNBUSDT,2019-01-04,1,-1.82186234817814
BNBUSDT,2019-01-07,1,0.28328611898017
BNBUSDT,2019-01-08,4,-2.3244348526467427
BNBUSDT,2019-01-09,2,-0.41407867494824
BNBUSDT,2019-01-10,2,-4.2654028436019
BNBUSDT,2019-01-11,1,-1.12903225806452
BNBUSDT,2019-01-12,1,-1.28676470588235
BNBUSDT,2019-01-16,1,0.526315789473684
BNBUSDT,2019-01-17,3,-1.5639643861293326
BNBUSDT,2019-01-18,4,0.92688673333834526
BNBUSDT,2019-01-20,2,1.1027630941600151
BNBUSDT,2019-01-24,1,-2.77777777777778
BNBUSDT,2019-01-25,2,0.31918807633898549
BNBUSDT,2019-01-26,3,0.041818574744386737
BNBUSDT,2019-01-27,2,-1.2396348739463865
BNBUSDT,2019-01-28,1,0.21505376344086
BNBUSDT,2019-01-29,7,-0.278098914027893
BNBUSDT,2019-02-01,6,-2.4367529786189115
BNBUSDT,2019-02-02,1,-1.08695652173913
BNBUSDT,2019-02-03,3,-0.20688516971287768
BNBUSDT,2019-02-04,3,0.55554409817838679
BNBUSDT,2019-02-05,1,1.47299509001637
BNBUSDT,2019-02-06,9,-1.0522536831480567
BNBUSDT,2019-02-07,12,0.26321626894506234
BNBUSDT,2019-02-08,4,1.0299288682287655
BNBUSDT,2019-02-10,3,-0.097852531164579676
BNBUSDT,2019-02-11,9,0.638758394389882
BNBUSDT,2019-02-12,10,-0.82289600565694165
BNBUSDT,2019-02-13,2,0.38529310641223952
BNBUSDT,2019-02-14,2,1.0308570704439526
BNBUSDT,2019-02-15,5,-0.21987611311749891
BNBUSDT,2019-02-16,2,1.74968569818355
BNBUSDT,2019-02-17,2,-2.92071368243243
BNBUSDT,2019-02-18,8,1.230433450128958
BNBUSDT,2019-02-19,4,1.0317843480106614
BNBUSDT,2019-02-20,12,0.63300538911064175
BNBUSDT,2019-02-21,8,0.10136928552050266
BNBUSDT,2019-02-22,4,0.35840771077317
BNBUSDT,2019-02-23,2,-0.016445807110250565
BNBUSDT,2019-02-24,3,0.059734727499327844
BNBUSDT,2019-02-25,8,-2.1119457271814297
BNBUSDT,2019-02-26,7,-0.44269878525933848
BNBUSDT,2019-02-27,8,0.95293780135858885
BNBUSDT,2019-02-28,5,-0.47757225647577295
BNBUSDT,2019-03-01,5,0.38704802447922365
BNBUSDT,2019-03-02,11,-0.059374184342441107
BNBUSDT,2019-03-03,6,-0.62753239117720239
BNBUSDT,2019-03-04,2,-1.3757424794021849
BNBUSDT,2019-03-05,12,0.3261357769081859
BNBUSDT,2019-03-06,8,1.0941430265237986
BNBUSDT,2019-03-07,17,0.915329042387268
BNBUSDT,2019-03-08,5,0.19731033725133845
BNBUSDT,2019-03-09,1,0.138312586445366
BNBUSDT,2019-03-10,3,0.437881576708132
BNBUSDT,2019-03-11,7,0.82539749486706948
BNBUSDT,2019-03-12,1,0.970873786407767
BNBUSDT,2019-03-13,5,0.44900691713583185
BNBUSDT,2019-03-14,5,-0.2062668784426166
BNBUSDT,2019-03-15,15,0.47969597937972069
BNBUSDT,2019-03-16,2,-1.258155157935535
BNBUSDT,2019-03-17,4,-0.86804462543914918
BNBUSDT,2019-03-18,3,1.6910044074136168
BNBUSDT,2019-03-19,12,0.85792827653364967
BNBUSDT,2019-03-20,9,1.9914770689614891
BNBUSDT,2019-03-21,9,0.96712269674913609
BNBUSDT,2019-03-22,4,-1.6254578754578748
BNBUSDT,2019-03-23,1,1.89873417721519
BNBUSDT,2019-03-24,7,0.5230982533259565
BNBUSDT,2019-03-25,13,-0.46349211711282168
BNBUSDT,2019-03-26,7,-0.23084905167148045
BNBUSDT,2019-03-27,10,0.091331992971703913
BNBUSDT,2019-03-28,3,0.5257073191238919
BNBUSDT,2019-03-29,1,-0.263157894736842
BNBUSDT,2019-03-30,5,-0.79004023645566257
BNBUSDT,2019-03-31,7,-0.24418893227994276
BNBUSDT,2019-04-01,2,0.85328949826278511
BNBUSDT,2019-04-02,7,0.40067690902971431
BNBUSDT,2019-04-03,4,-0.036224678241617569
BNBUSDT,2019-04-04,5,0.62819005098383118
BNBUSDT,2019-04-05,5,2.0763704490182109
BNBUSDT,2019-04-06,2,0.716453693604536
BNBUSDT,2019-04-07,5,0.32089033455211746
BNBUSDT,2019-04-08,2,0.84346322039278609
BNBUSDT,2019-04-09,6,-0.92504309448624933
BNBUSDT,2019-04-10,9,0.90853150861112608
BNBUSDT,2019-04-11,3,0.24135850357727767
BNBUSDT,2019-04-12,2,-0.32813697929977048
BNBUSDT,2019-04-13,1,0.277777777777778
BNBUSDT,2019-04-14,3,0.88809946714032006
BNBUSDT,2019-04-16,5,2.3623693367455565
BNBUSDT,2019-04-17,8,1.9069739007029516
BNBUSDT,2019-04-18,14,0.47315859699898322
BNBUSDT,2019-04-19,14,0.51343493148969488
BNBUSDT,2019-04-20,6,0.83242744436261629
BNBUSDT,2019-04-21,4,0.74709162719143318
BNBUSDT,2019-04-22,7,-0.36182844992600871
BNBUSDT,2019-04-23,9,0.63908526257629761
BNBUSDT,2019-04-24,14,-0.168844515157194
BNBUSDT,2019-04-25,6,-0.82399798341136
BNBUSDT,2019-04-26,5,0.18529135209630015
BNBUSDT,2019-04-27,7,0.54040028952003938
BNBUSDT,2019-04-28,2,0.59339525283798
BNBUSDT,2019-04-29,8,0.28719561062957916
BNBUSDT,2019-05-01,2,1.4713300717648998
BNBUSDT,2019-05-02,2,1.3256200062260035
BNBUSDT,2019-05-03,10,-0.17238570188684646
BNBUSDT,2019-05-04,5,-1.2459050880192242
BNBUSDT,2019-05-05,3,-0.43686442002709769
BNBUSDT,2019-05-06,4,-2.1268723555458693
BNBUSDT,2019-05-07,2,0.052546595954956477
BNBUSDT,2019-05-08,9,-0.541770493441607
BNBUSDT,2019-05-09,3,-1.07953471036364
BNBUSDT,2019-05-10,2,0.022889842632329849
BNBUSDT,2019-05-13,8,-0.58905041536457614
BNBUSDT,2019-05-14,4,-1.7240159030423015
BNBUSDT,2019-05-15,2,-0.19104077116305151
BNBUSDT,2019-05-16,1,0.0
BNBUSDT,2019-05-17,6,-0.549243452289679
BNBUSDT,2019-05-18,3,-1.3445199892064044
BNBUSDT,2019-05-19,5,-0.43872574884299664
BNBUSDT,2019-05-20,2,0.39094746716698003
BNBUSDT,2019-05-21,4,1.6391168813812753
BNBUSDT,2019-05-22,4,-0.387204761019156
BNBUSDT,2019-05-23,3,-2.0260313363761666
BNBUSDT,2019-05-24,2,1.62755266473294
BNBUSDT,2019-05-25,2,-2.3592665307130782
BNBUSDT,2019-05-27,3,-0.14414597747931066
BNBUSDT,2019-05-28,2,2.398433318736922
BNBUSDT,2019-05-29,6,1.1643208615050336
BNBUSDT,2019-05-30,3,0.96886279573035794
BNBUSDT,2019-05-31,6,-0.38578402456141075
BNBUSDT,2019-06-01,4,-0.35660943656562477
BNBUSDT,2019-06-02,1,2.03160270880361
BNBUSDT,2019-06-03,3,-0.18772499392654318
BNBUSDT,2019-06-04,1,-2.39234449760766
BNBUSDT,2019-06-05,1,-2.04081632653061
BNBUSDT,2019-06-06,2,-0.18125000000000013
BNBUSDT,2019-06-07,1,0.0979431929480898
BNBUSDT,2019-06-09,2,-0.234741784037559
BNBUSDT,2019-06-10,3,-1.2062721927668734
BNBUSDT,2019-06-11,1,-1.31578947368421
BNBUSDT,2019-06-12,2,0.606060606060606
BNBUSDT,2019-06-13,3,-0.0910569105691067
BNBUSDT,2019-06-14,6,-0.724250467205264
BNBUSDT,2019-06-15,5,-1.2316301752898029
BNBUSDT,2019-06-16,2,1.8497118558297281
BNBUSDT,2019-06-17,6,0.8226230219747237
BNBUSDT,2019-06-18,1,0.343642611683849
BNBUSDT,2019-06-19,4,-0.40164740310580327
BNBUSDT,2019-06-20,4,0.22834389960943594
BNBUSDT,2019-06-21,7,0.0298897011667029
BNBUSDT,2019-06-22,2,0.0
BNBUSDT,2019-06-23,2,1.0278278362180979
BNBUSDT,2019-06-24,1,-1.28205128205128
BNBUSDT,2019-06-26,3,0.66824927633606923
BNBUSDT,2019-06-27,2,-2.2343167367231858
BNBUSDT,2019-06-28,1,1.29310344827586
BNBUSDT,2019-06-30,7,-0.67142655649401317
BNBUSDT,2019-07-01,1,1.4218009478673
BNBUSDT,2019-07-02,1,0.598802395209581
BNBUSDT,2019-07-03,1,0.494233937397035
BNBUSDT,2019-07-05,2,1.5811877076411975
BNBUSDT,2019-07-06,3,0.29571249704665131
BNBUSDT,2019-07-07,2,0.193548387096774
BNBUSDT,2019-07-08,2,0.979315749136719
BNBUSDT,2019-07-09,1,1.8140589569161
BNBUSDT,2019-07-10,8,0.866533566451342
BNBUSDT,2019-07-11,4,0.33569723579653044
BNBUSDT,2019-07-12,8,-0.34412333062660216
BNBUSDT,2019-07-13,8,0.0733779467571285
BNBUSDT,2019-07-15,2,-1.7865503192580845
BNBUSDT,2019-07-16,10,-0.49913350991961658
BNBUSDT,2019-07-17,1,-1.0498687664042
BNBUSDT,2019-07-18,4,0.11169159317718974
BNBUSDT,2019-07-19,5,0.00130765609822657
BNBUSDT,2019-07-20,3,0.12531328320802
BNBUSDT,2019-07-22,6,1.8506161138471111
BNBUSDT,2019-07-24,1,2.30237912509593
BNBUSDT,2019-07-25,2,1.1656627811240654
BNBUSDT,2019-07-26,7,0.64403295951035366
BNBUSDT,2019-07-27,2,1.4886037402512886
BNBUSDT,2019-07-28,5,-0.24429317170205181
BNBUSDT,2019-07-29,4,-0.23632694700913198
BNBUSDT,2019-07-30,3,-0.21242749355854273
BNBUSDT,2019-07-31,2,0.51139092094021477
BNBUSDT,2019-08-01,3,-0.27545831781689312
BNBUSDT,2019-08-02,1,1.46443514644351
BNBUSDT,2019-08-04,1,-1.01419878296146
BNBUSDT,2019-08-05,2,-0.939180875011831
BNBUSDT,2019-08-06,8,0.72860348013405452
BNBUSDT,2019-08-07,1,-1.71306209850107
BNBUSDT,2019-08-08,4,0.27976782287220991
BNBUSDT,2019-08-09,1,-2.1875
BNBUSDT,2019-08-10,3,-2.9456465539331265
BNBUSDT,2019-08-11,1,1.6597510373444
BNBUSDT,2019-08-12,5,0.33686878102068996
BNBUSDT,2019-08-13,3,-0.58568597794321
BNBUSDT,2019-08-14,3,-0.40297738017756835
BNBUSDT,2019-08-15,1,-4.34782608695652
BNBUSDT,2019-08-16,1,-2.92682926829268
BNBUSDT,2019-08-18,1,-0.386847195357834
BNBUSDT,2019-08-19,2,0.0856793145654835
BNBUSDT,2019-08-20,2,-0.12851731601731498
BNBUSDT,2019-08-22,7,0.92931863733915787
BNBUSDT,2019-08-23,2,1.0390696662511461
BNBUSDT,2019-08-25,2,-1.70940170940171
BNBUSDT,2019-08-26,4,-0.20068020115231727
BNBUSDT,2019-08-27,3,0.47782220924349428
BNBUSDT,2019-08-28,5,0.38563707920586043
BNBUSDT,2019-08-29,5,-2.498911459842676
BNBUSDT,2019-08-30,5,4.8454638326532589
BNBUSDT,2019-08-31,1,6.27376425855513
BNBUSDT,2019-09-01,1,-0.714711137581894
BNBUSDT,2019-09-02,2,0.357003129890453
BNBUSDT,2019-09-03,7,0.28275281703158428
BNBUSDT,2019-09-04,2,-0.718284729912636
BNBUSDT,2019-09-05,2,-1.5194135447300019
BNBUSDT,2019-09-06,5,0.98784642005419276
BNBUSDT,2019-09-07,2,0.18157841347128989
BNBUSDT,2019-09-09,5,1.1721778088490917
BNBUSDT,2019-09-11,3,0.85931926521694058
BNBUSDT,2019-09-12,9,-1.4103718100554179
BNBUSDT,2019-09-13,4,-0.085017741171270755
BNBUSDT,2019-09-15,1,0.156985871271586
BNBUSDT,2019-09-16,2,1.491242765351505
BNBUSDT,2019-09-17,3,0.392199250638452
BNBUSDT,2019-09-18,13,-0.5633312751666173
BNBUSDT,2019-09-19,3,-0.36538019987497328
BNBUSDT,2019-09-20,2,-2.0991411656799817
BNBUSDT,2019-09-21,2,-0.048115526298047051
BNBUSDT,2019-09-22,3,-0.59249644164255322
BNBUSDT,2019-09-23,8,0.68456442190919853
BNBUSDT,2019-09-24,2,1.0363684533042639
BNBUSDT,2019-09-25,4,-1.5008426288312471
BNBUSDT,2019-09-26,4,-0.35947205097801022
BNBUSDT,2019-09-27,6,-1.7032894246933263
BNBUSDT,2019-09-28,1,-2.00445434298441
BNBUSDT,2019-09-30,6,-1.0365933846100432
BNBUSDT,2019-10-01,2,0.039658328248932478
BNBUSDT,2019-10-02,3,-2.5275914344740231
BNBUSDT,2019-10-03,1,2.35294117647059
BNBUSDT,2019-10-04,2,0.38687000931790549
BNBUSDT,2019-10-05,2,1.6117680180180165
BNBUSDT,2019-10-06,2,1.0234265956096944
BNBUSDT,2019-10-07,1,0.0
BNBUSDT,2019-10-08,3,0.48770250986317432
BNBUSDT,2019-10-09,6,-0.73315032585465356
BNBUSDT,2019-10-10,1,1.06951871657754
BNBUSDT,2019-10-11,3,0.30670152111133064
BNBUSDT,2019-10-13,6,0.17967568498397363
BNBUSDT,2019-10-14,1,-0.362976406533575
BNBUSDT,2019-10-15,1,1.1214953271028
BNBUSDT,2019-10-16,4,-0.66282754282575473
BNBUSDT,2019-10-17,4,-1.5168978369286386
BNBUSDT,2019-10-18,7,-0.10299158521793951
BNBUSDT,2019-10-19,2,0.311526479750779
BNBUSDT,2019-10-21,2,0.7847533632287
BNBUSDT,2019-10-22,2,1.0922381412131168
BNBUSDT,2019-10-23,2,-0.13898211394954002
BNBUSDT,2019-10-24,5,-0.21031083224093006
BNBUSDT,2019-10-25,2,-1.5119878285504451
BNBUSDT,2019-10-27,1,-0.449101796407186
BNBUSDT,2019-10-28,1,-0.304878048780488
BNBUSDT,2019-10-29,5,1.3956045708057521
BNBUSDT,2019-10-30,3,1.1555366866130699
BNBUSDT,2019-10-31,2,0.87282087739103
BNBUSDT,2019-11-01,1,3.10679611650485
BNBUSDT,2019-11-03,1,1.36986301369863
BNBUSDT,2019-11-05,1,0.276243093922652
BNBUSDT,2019-11-07,2,1.1647287766690768
BNBUSDT,2019-11-08,2,-1.2910819936189339
BNBUSDT,2019-11-10,1,-0.657894736842106
BNBUSDT,2019-11-11,2,-0.459750542761057
BNBUSDT,2019-11-12,3,0.13421888670642468
BNBUSDT,2019-11-13,1,0.176991150442478
BNBUSDT,2019-11-14,2,1.1705630724608951
BNBUSDT,2019-11-15,2,0.34864900471138793
BNBUSDT,2019-11-16,2,0.091870093301835043
BNBUSDT,2019-11-17,2,0.82184752766299807
BNBUSDT,2019-11-18,1,0.560224089635854
BNBUSDT,2019-11-20,1,-0.237529691211401
BNBUSDT,2019-11-21,1,1.62866449511401
BNBUSDT,2019-11-22,1,-3.71134020618557
BNBUSDT,2019-11-25,1,-2.23752151462995
BNBUSDT,2019-11-26,1,3.17124735729387
BNBUSDT,2019-11-27,1,3.04054054054054
BNBUSDT,2019-11-28,1,-1.23456790123457
BNBUSDT,2019-11-29,1,1.01010101010101
BNBUSDT,2019-12-02,1,-3.19148936170213
BNBUSDT,2019-12-03,2,-0.41883718876920351
BNBUSDT,2019-12-05,1,0.627615062761506
BNBUSDT,2019-12-06,3,1.1149961149961163
BNBUSDT,2019-12-07,2,-3.95480225988701
BNBUSDT,2019-12-09,2,1.0877534654599605
BNBUSDT,2019-12-10,1,-3.54838709677419
BNBUSDT,2019-12-12,1,0.487012987012987
BNBUSDT,2019-12-13,1,-1.8348623853211
BNBUSDT,2019-12-15,1,0.723589001447178
BNBUSDT,2019-12-16,2,0.604048307252733
BNBUSDT,2019-12-17,6,-2.6947194328140482
BNBUSDT,2019-12-20,1,0.137931034482759
BNBUSDT,2019-12-21,3,-0.7866920903502177
BNBUSDT,2019-12-22,1,0.0
BNBUSDT,2019-12-26,1,0.179856115107914
BNBUSDT,2019-12-27,1,-0.815217391304348
BNBUSDT,2019-12-29,2,1.3645998940116575
BNBUSDT,2019-12-30,4,2.04529615072134
BNBUSDT,2019-12-31,4,0.62575131022040509
BNBUSDT,2020-01-01,3,0.13661275402603734
BNBUSDT,2020-01-02,2,-0.6179717321778605
BNBUSDT,2020-01-03,4,0.7266923250379923
BNBUSDT,2020-01-05,1,0.0
BNBUSDT,2020-01-06,1,2.2140221402214
BNBUSDT,2020-01-07,2,1.85842713605802
BNBUSDT,2020-01-09,1,-0.512820512820512
BNBUSDT,2020-01-13,2,2.4380924170616103
BNBUSDT,2020-01-14,4,-0.56366952875336951
BNBUSDT,2020-01-15,1,3.07692307692308
BNBUSDT,2020-01-18,1,2.40384615384615
BNBUSDT,2020-01-19,1,2.5
BNBUSDT,2020-01-20,1,-0.738916256157635
BNBUSDT,2020-01-21,3,0.31651358463389861
BNBUSDT,2020-01-22,1,1.20481927710843
BNBUSDT,2020-01-23,1,-0.35778175313059
BNBUSDT,2020-01-28,2,0.9488897431673
BNBUSDT,2020-01-31,1,-2.0109689213894
BNBUSDT,2020-02-01,2,1.4183153039015024
BNBUSDT,2020-02-02,2,-0.515782559981455
BNBUSDT,2020-02-06,1,-0.275482093663912
BNBUSDT,2020-02-07,2,0.500695927496045
BNBUSDT,2020-02-08,2,-0.42701863354037251
BNBUSDT,2020-02-09,2,2.49281173336147
BNBUSDT,2020-02-10,2,1.1168791377565079
BNBUSDT,2020-02-13,3,1.0312646717510321
BNBUSDT,2020-02-14,2,0.31484962406015016
BNBUSDT,2020-02-15,2,-1.09670987038883
BNBUSDT,2020-02-16,1,1.6597510373444
BNBUSDT,2020-02-17,1,1.04384133611691
BNBUSDT,2020-02-18,2,-0.569404096786515
BNBUSDT,2020-02-25,2,1.0239684466019421
BNBUSDT,2020-03-01,1,2.32558139534884
BNBUSDT,2020-03-02,1,0.562324273664481
BNBUSDT,2020-03-05,1,1.7910447761194
BNBUSDT,2020-03-07,1,0.465116279069767
BNBUSDT,2020-03-08,1,0.851063829787234
BNBUSDT,2020-03-09,1,0.974658869395712
BNBUSDT,2020-03-10,1,0.962566844919786
BNBUSDT,2020-03-13,1,-0.310077519379845
BNBUSDT,2020-03-15,1,1.32978723404255
BNBUSDT,2020-03-17,3,0.8561752374743048
BNBUSDT,2020-03-18,2,1.0831068281031229
BNBUSDT,2020-03-19,4,-0.45042607845235239
BNBUSDT,2020-03-20,2,0.65218006394477
BNBUSDT,2020-03-23,1,0.0
BNBUSDT,2020-03-26,1,0.489596083231334
BNBUSDT,2020-03-27,1,2.37691001697793
BNBUSDT,2020-03-30,2,0.89203313013984453
BNBUSDT,2020-03-31,4,1.808600230271695
BNBUSDT,2020-04-01,13,1.8982594456362487
BNBUSDT,2020-04-02,16,1.8765408320493051
BNBUSDT,2020-04-05,1,1.53061224489796
BNBUSDT,2020-04-08,1,-2.49110320284697
BNBUSDT,2020-04-09,1,0.348432055749129
BNBUSDT,2020-04-10,2,-1.1107932875667426
BNBUSDT,2020-04-12,1,0.347222222222222
BNBUSDT,2020-04-13,15,0.302114803625378
BNBUSDT,2020-04-14,2,1.7742359225851649
BNBUSDT,2020-04-18,1,-2.57936507936508
BNBUSDT,2020-04-20,1,-0.25412960609911
BNBUSDT,2020-04-22,1,-1.33333333333333
BNBUSDT,2020-04-23,1,1.82370820668693
BNBUSDT,2020-04-26,1,3.11475409836066
BNBUSDT,2020-04-27,1,-1.14107883817427
BNBUSDT,2020-04-28,1,0.829875518672199
BNBUSDT,2020-04-30,1,4.32989690721649
BNBUSDT,2020-05-07,1,0.0
BNBUSDT,2020-05-08,2,1.0923811663134471
BNBUSDT,2020-05-15,1,-0.229885057471264
BNBUSDT,2020-05-16,1,-0.668896321070234
BNBUSDT,2020-05-18,5,1.1468172546865192
BNBUSDT,2020-05-25,1,1.10344827586207
BNBUSDT,2020-05-27,2,4.098064205015155
BNBUSDT,2020-05-30,1,0.554016620498615
BNBUSDT,2020-06-03,1,-3.1578947368421
BNBUSDT,2020-06-04,1,-1.42857142857143
BNBUSDT,2020-06-08,2,-0.032090445686919988
BNBUSDT,2020-06-09,1,0.193798449612403
BNBUSDT,2020-06-10,1,1.63934426229508
BNBUSDT,2020-06-11,2,-1.0716742580264724
BNBUSDT,2020-06-12,3,2.7294685990338166
BNBUSDT,2020-06-19,2,0.341296928327645
BNBUSDT,2020-06-21,1,0.436681222707424
BNBUSDT,2020-06-25,2,-1.2778483562110725
BNBUSDT,2020-06-27,2,-1.74426065636883
BNBUSDT,2020-06-29,2,2.62376606828615
BNBUSDT,2020-06-30,2,1.870719579697909
BNBUSDT,2020-07-01,1,-1.27832655432888
BNBUSDT,2020-07-02,1,-0.425531914893617
BNBUSDT,2020-07-04,1,0.816326530612245
BNBUSDT,2020-07-06,1,0.227272727272727
BNBUSDT,2020-07-07,1,2.51046025104602
BNBUSDT,2020-07-10,1,0.63752276867031
BNBUSDT,2020-07-13,1,1.55555555555556
BNBUSDT,2020-07-14,5,0.33285147528651604
BNBUSDT,2020-07-15,2,0.87835700563969255
BNBUSDT,2020-07-18,2,-0.83706853618357968
BNBUSDT,2020-07-19,1,0.947867298578199
BNBUSDT,2020-07-22,1,4.12621359223301
BNBUSDT,2020-07-24,1,-1.53172866520788
BNBUSDT,2020-07-25,2,0.51350471851610846
BNBUSDT,2020-07-26,3,-0.26187034096208539
BNBUSDT,2020-07-29,1,-0.185528756957329
BNBUSDT,2020-07-31,1,-1.11464968152866
BNBUSDT,2020-08-03,1,1.89873417721519
BNBUSDT,2020-08-05,1,4.81171548117155
BNBUSDT,2020-08-06,4,1.6537400221136758
BNBUSDT,2020-08-07,1,3.33333333333333
BNBUSDT,2020-08-09,1,2.80373831775701
BNBUSDT,2020-08-10,3,1.3568249911803807
BNBUSDT,2020-08-14,1,2.87162162162162
BNBUSDT,2020-08-15,2,0.47661553380939758
BNBUSDT,2020-08-16,1,-0.617283950617284
BNBUSDT,2020-09-02,1,1.3953488372093
BNBUSDT,2020-09-04,3,-0.97989446236933331
BNBUSDT,2020-09-05,1,2.65848670756646
BNBUSDT,2020-09-06,1,4.71841704718417
BNBUSDT,2020-09-08,1,-1.82926829268293
BNBUSDT,2020-09-09,1,0.970873786407767
BNBUSDT,2020-09-10,2,-0.78295160143980747
BNBUSDT,2020-09-11,2,0.632430432652408
BNBUSDT,2020-09-14,2,-0.4965033681466926
BNBUSDT,2020-09-15,1,-4.52261306532663
BNBUSDT,2020-09-16,2,-0.827677496991577
BNBUSDT,2020-09-17,1,2.84280936454849
BNBUSDT,2020-09-19,1,1.96671709531014
BNBUSDT,2020-09-21,4,1.3401233336911116
BNBUSDT,2020-09-22,2,1.4455163208348512
BNBUSDT,2020-09-23,1,2.47592847317744
BNBUSDT,2020-09-25,1,0.300902708124373
BNBUSDT,2020-09-27,1,1.20080053368913
BNBUSDT,2020-09-28,4,-0.41270138286047847
BNBUSDT,2020-09-29,2,1.4667192843988421
BNBUSDT,2020-09-30,1,3.00500834724541
BNBUSDT,2020-10-04,1,-2.8322440087146
BNBUSDT,2020-10-05,1,2.77777777777778
BNBUSDT,2020-10-06,1,0.837988826815643
BNBUSDT,2020-10-07,2,-0.703022440501012
BNBUSDT,2020-10-12,2,1.8636226352928249
BNBUSDT,2020-10-15,2,1.7622583536038925
BNBUSDT,2020-10-18,1,1.59574468085106
BNBUSDT,2020-10-20,2,-3.8649110883739004
BNBUSDT,2020-10-27,1,0.0
BNBUSDT,2020-11-05,1,-1.42857142857143
BNBUSDT,2020-11-12,1,-0.888888888888889
BNBUSDT,2020-11-18,2,3.22806889149102
BNBUSDT,2020-11-19,1,5.83333333333333
BNBUSDT,2020-11-24,1,2.43161094224924
BNBUSDT,2020-11-29,1,-0.178571428571429
BNBUSDT,2020-11-30,6,0.43293155303180308
BNBUSDT,2020-12-01,2,1.66798549291131
BNBUSDT,2020-12-05,1,0.434782608695652
BNBUSDT,2020-12-07,1,0.572246065808298
BNBUSDT,2020-12-08,1,-0.646551724137931
BNBUSDT,2020-12-10,1,3.52564102564103
BNBUSDT,2020-12-12,1,1.3986013986014
BNBUSDT,2020-12-14,1,5.4481546572935
BNBUSDT,2020-12-15,2,2.2388059701492549
BNBUSDT,2020-12-17,1,-1.41129032258065
BNBUSDT,2020-12-18,1,3.28738069989396
BNBUSDT,2020-12-23,1,3.40632603406326
BNBUSDT,2020-12-27,24,2.4355772788570742
BNBUSDT,2020-12-28,3,0.85151290604120378
BNBUSDT,2020-12-29,2,1.237940138672982
BNBUSDT,2021-01-06,1,-1.12963959117805
BNBUSDT,2021-01-08,1,2.05338809034908
BNBUSDT,2021-01-12,2,2.77492291880781
BNBUSDT,2021-01-13,1,3.41463414634146
BNBUSDT,2021-01-15,1,2.44077530509691
BNBUSDT,2021-01-18,1,0.0
BNBUSDT,2021-01-19,1,0.683371298405467
BNBUSDT,2021-01-20,2,-1.2761873947540661
BNBUSDT,2021-01-25,1,-0.970873786407767
BNBUSDT,2021-01-29,1,0.0
BNBUSDT,2021-02-01,1,-0.239234449760765
BNBUSDT,2021-02-02,3,0.024586712887943674
BNBUSDT,2021-02-03,1,1.16666666666667
BNBUSDT,2021-02-04,2,1.8588891841615749
BNBUSDT,2021-02-05,3,0.53131950650078275
BNBUSDT,2021-02-07,1,1.79414542020774
BNBUSDT,2021-02-08,5,1.2530787949273083
BNBUSDT,2021-02-09,4,1.5659076916987074
BNBUSDT,2021-02-10,2,0.3282976182273365
BNBUSDT,2021-02-11,2,2.6213108020888352
BNBUSDT,2021-02-12,1,1.38888888888889
BNBUSDT,2021-02-13,1,-0.883720930232558
BNBUSDT,2021-02-16,1,3.35365853658537
BNBUSDT,2021-02-17,1,1.0958904109589
BNBUSDT,2021-02-18,5,0.39658476366639717
BNBUSDT,2021-02-19,10,0.43088360531397196
BNBUSDT,2021-02-20,14,0.18168810055016946
BNBUSDT,2021-02-21,29,-0.79390173934785291
BNBUSDT,2021-02-22,16,0.021161311267263838
BNBUSDT,2021-02-23,3,0.74602759487356329
BNBUSDT,2021-02-24,2,1.0438118312134059
BNBUSDT,2021-02-26,2,1.835134493841545
BNBUSDT,2021-02-28,1,-0.934142923867352
BNBUSDT,2021-03-01,2,0.70565256712629354
BNBUSDT,2021-03-02,3,0.32165086984265634
BNBUSDT,2021-03-03,3,-0.036368115147999425
BNBUSDT,2021-03-04,3,-0.32824760594108132
BNBUSDT,2021-03-05,1,-0.524475524475524
BNBUSDT,2021-03-08,4,1.9106776180698151
BNBUSDT,2021-03-09,4,-0.48892976051380277
BNBUSDT,2021-03-10,6,0.82862099218052787
BNBUSDT,2021-03-11,1,-1.62337662337662
BNBUSDT,2021-03-12,9,1.540677870694152
BNBUSDT,2021-03-13,4,0.50782504422097063
BNBUSDT,2021-03-14,1,-2.29885057471264
BNBUSDT,2021-03-15,5,-0.3473058951873052
BNBUSDT,2021-03-17,2,0.36502541042492642
BNBUSDT,2021-03-18,2,2.635708772832515
BNBUSDT,2021-03-21,1,2.82301845819761
BNBUSDT,2021-03-22,1,-0.24330900243309
BNBUSDT,2021-03-23,3,1.6807134842188358
BNBUSDT,2021-03-24,1,2.97121634168988
BNBUSDT,2021-03-25,5,0.530953354075508
BNBUSDT,2021-03-26,2,-0.040840738209159011
BNBUSDT,2021-03-28,1,0.0
BNBUSDT,2021-03-29,4,1.9483395623162758
BNBUSDT,2021-03-30,5,1.7266068529535674
BNBUSDT,2021-03-31,5,1.8580224870395545
BNBUSDT,2021-04-01,1,1.20092378752887
BNBUSDT,2021-04-02,4,1.2154651192120904
BNBUSDT,2021-04-03,2,0.395344898502335
BNBUSDT,2021-04-05,3,1.3330647707278804
BNBUSDT,2021-04-06,10,1.6303404416062508
BNBUSDT,2021-04-07,8,0.92696722765119521
BNBUSDT,2021-04-08,5,0.086604317740921311
BNBUSDT,2021-04-09,8,0.58301896583309609
BNBUSDT,2021-04-10,2,0.209146981401509
BNBUSDT,2021-04-11,1,1.90114068441065
BNBUSDT,2021-04-12,4,1.4128099602234525
BNBUSDT,2021-04-13,15,0.78441621228310143
BNBUSDT,2021-04-14,12,1.1018084402299841
BNBUSDT,2021-04-15,2,0.546270532268196
BNBUSDT,2021-04-16,8,-0.68551275196061934
BNBUSDT,2021-04-17,4,-2.11059395216768
BNBUSDT,2021-04-18,5,-1.6149803535348461
BNBUSDT,2021-04-19,12,-0.89549709019994972
BNBUSDT,2021-04-20,7,0.62543607634347231
BNBUSDT,2021-04-21,11,1.0817614751391791
BNBUSDT,2021-04-22,13,-0.29242551307962417
BNBUSDT,2021-04-23,19,-0.77223185008976436
BNBUSDT,2021-04-24,5,0.30696017540818221
BNBUSDT,2021-04-25,1,-6.81818181818182
BNBUSDT,2021-04-26,7,0.10412526389982475
BNBUSDT,2021-04-27,5,0.784705385023447
BNBUSDT,2021-04-28,10,-0.44481070779779325
BNBUSDT,2021-04-29,4,-0.45126202248019243
BNBUSDT,2021-04-30,2,1.6922027032976705
BNBUSDT,2021-05-01,2,-0.50451081720241753
BNBUSDT,2021-05-02,2,-0.30561987363133492
BNBUSDT,2021-05-03,17,0.22006875078821644
BNBUSDT,2021-05-04,8,-0.950165236523199
BNBUSDT,2021-05-05,10,-0.594576331125087
BNBUSDT,2021-05-06,8,0.33717531544174695
BNBUSDT,2021-05-07,3,-1.0764439448863485
BNBUSDT,2021-05-08,4,0.48127215832845138
BNBUSDT,2021-05-09,3,0.062753130801272983
BNBUSDT,2021-05-10,7,-0.46654821801064278
BNBUSDT,2021-05-11,9,0.23296043050480189
BNBUSDT,2021-05-12,6,-0.53800335499688046
BNBUSDT,2021-05-13,32,-0.43946173396316912
BNBUSDT,2021-05-14,16,1.1290841557495033
BNBUSDT,2021-05-15,2,-1.6757990867579924
BNBUSDT,2021-05-16,4,-0.934992625774155
BNBUSDT,2021-05-17,9,0.127706063549445
BNBUSDT,2021-05-18,8,0.025670874651410547
BNBUSDT,2021-05-19,18,-2.2824047653614228
BNBUSDT,2021-05-20,11,-0.18659869745219126
BNBUSDT,2021-05-21,7,-1.3034495168076865
BNBUSDT,2021-05-22,2,-1.783774587985115
BNBUSDT,2021-05-23,18,0.1147261653779693
BNBUSDT,2021-05-24,23,-0.63957925431499973
BNBUSDT,2021-05-25,2,1.1791202967673549
BNBUSDT,2021-05-26,13,-0.11054196459119904
BNBUSDT,2021-05-27,5,-0.12585096136936075
BNBUSDT,2021-05-28,7,-0.19112411526325851
BNBUSDT,2021-05-29,2,-5.39021164021164
BNBUSDT,2021-05-30,3,0.047348861079543558
BNBUSDT,2021-05-31,7,-0.26841391414341
BNBUSDT,2021-06-01,1,-0.591715976331361
BNBUSDT,2021-06-02,6,0.09342296829014779
BNBUSDT,2021-06-03,8,0.53060520227928487
BNBUSDT,2021-06-04,5,-1.9173126856410478
BNBUSDT,2021-06-05,2,0.96827097592442646
BNBUSDT,2021-06-07,3,-1.5290253169231423
BNBUSDT,2021-06-08,9,0.1978092536802363
BNBUSDT,2021-06-09,6,0.65745992614174831
BNBUSDT,2021-06-10,2,-0.514731713277635
BNBUSDT,2021-06-11,7,1.1019951697299928
BNBUSDT,2021-06-12,3,-1.9821701979354325
BNBUSDT,2021-06-13,1,4.61538461538461
BNBUSDT,2021-06-14,2,-0.215146299483649
BNBUSDT,2021-06-15,9,0.24936058942487049
BNBUSDT,2021-06-16,4,-1.5119988496408796
BNBUSDT,2021-06-17,6,1.1740611504138003
BNBUSDT,2021-06-18,3,-1.2027751779055433
BNBUSDT,2021-06-19,1,-1.16279069767442
BNBUSDT,2021-06-21,3,-0.88641696666840708
BNBUSDT,2021-06-22,7,-1.2928879850432131
BNBUSDT,2021-06-23,4,-0.9939403725560696
BNBUSDT,2021-06-24,9,1.0678486827597498
BNBUSDT,2021-06-25,2,0.838439213157045
BNBUSDT,2021-06-26,1,-2.45128849780013
BNBUSDT,2021-06-27,1,0.0
BNBUSDT,2021-06-28,8,0.98909817072689488
BNBUSDT,2021-06-29,3,-0.687177581293542
BNBUSDT,2021-06-30,8,-0.82378631757122411
BNBUSDT,2021-07-01,11,-1.1434210592084584
BNBUSDT,2021-07-02,9,0.17089575755724928
BNBUSDT,2021-07-03,1,-0.245700245700246
BNBUSDT,2021-07-04,2,0.67352284194890755
BNBUSDT,2021-07-06,8,0.82141954843808473
BNBUSDT,2021-07-07,3,0.75755146180970878
BNBUSDT,2021-07-08,3,-0.24854371651397533
BNBUSDT,2021-07-09,3,-2.3660115617830608
BNBUSDT,2021-07-11,1,-0.909780136467021
BNBUSDT,2021-07-12,3,0.59864606739814
BNBUSDT,2021-07-13,5,-0.3363994527112798
BNBUSDT,2021-07-15,3,0.041481705527439794
BNBUSDT,2021-07-16,5,-0.98456882542659141
BNBUSDT,2021-07-17,2,0.16374266188805997
BNBUSDT,2021-07-19,4,-2.1173948063161179
BNBUSDT,2021-07-20,11,-0.8755955877906838
BNBUSDT,2021-07-21,9,-0.31785722171563141
BNBUSDT,2021-07-22,1,0.0
BNBUSDT,2021-07-23,2,-2.5150312850776295
BNBUSDT,2021-07-24,1,-5.02901353965184
BNBUSDT,2021-07-25,1,1.26353790613718
BNBUSDT,2021-07-26,4,-0.35869089228293544
BNBUSDT,2021-07-27,8,-0.82585906739350712
BNBUSDT,2021-07-28,3,-1.7058944912539364
BNBUSDT,2021-07-30,4,0.17169231760074094
BNBUSDT,2021-07-31,1,0.141242937853107
BNBUSDT,2021-08-01,2,-0.7086544423775365
BNBUSDT,2021-08-02,2,0.14596282026042651
BNBUSDT,2021-08-03,4,1.0886780547139643
BNBUSDT,2021-08-04,3,-0.29386458205736271
BNBUSDT,2021-08-05,2,1.37342908438061
BNBUSDT,2021-08-06,1,2.68120881617814
BNBUSDT,2021-08-07,4,-1.8882948292427806
BNBUSDT,2021-08-08,4,-0.97136656580186753
BNBUSDT,2021-08-09,3,0.41861426187714335
BNBUSDT,2021-08-10,1,0.447427293064877
BNBUSDT,2021-08-11,4,-3.2120179254311108
BNBUSDT,2021-08-12,6,-0.60055971834319566
BNBUSDT,2021-08-13,4,1.6324675015222798
BNBUSDT,2021-08-14,2,0.76948668030261991
BNBUSDT,2021-08-16,2,1.1723672247595465
BNBUSDT,2021-08-17,6,1.2021825529747328
BNBUSDT,2021-08-18,1,1.56331422615946
BNBUSDT,2021-08-19,7,-0.2550694697664323
BNBUSDT,2021-08-20,10,0.73681200473498643
BNBUSDT,2021-08-21,1,0.930232558139535
BNBUSDT,2021-08-22,2,1.3732872943786689
BNBUSDT,2021-08-23,21,1.3011668216378929
BNBUSDT,2021-08-24,7,1.0722721636530543
BNBUSDT,2021-08-25,10,1.5412707708382372
BNBUSDT,2021-08-26,8,0.41521641465286369
BNBUSDT,2021-08-27,1,-0.565610859728507
BNBUSDT,2021-08-28,4,0.25252525252525226
BNBUSDT,2021-08-29,1,1.60705028512182
BNBUSDT,2021-08-30,8,1.0181760535787219
BNBUSDT,2021-08-31,8,0.89776297189581455
BNBUSDT,2021-09-01,6,0.019660917764696695
BNBUSDT,2021-09-02,6,1.1557129020342911
BNBUSDT,2021-09-03,5,0.14580541075600484
BNBUSDT,2021-09-04,3,-0.49524869461175242
BNBUSDT,2021-09-05,3,1.0059117559449287
BNBUSDT,2021-09-06,16,0.016707963277558288
BNBUSDT,2021-09-07,10,0.078272574866707578
BNBUSDT,2021-09-08,8,0.48305578054054521
BNBUSDT,2021-09-09,11,-1.1185926825485988
BNBUSDT,2021-09-10,6,0.34465237985265984
BNBUSDT,2021-09-11,1,-0.608519269776876
BNBUSDT,2021-09-12,1,1.2108980827447
BNBUSDT,2021-09-13,2,1.6407495393660851
BNBUSDT,2021-09-14,2,1.7041073870413999
BNBUSDT,2021-09-15,10,2.9644954781480992
BNBUSDT,2021-09-16,3,2.0490262360342566
BNBUSDT,2021-09-17,6,2.5011003086436392
BNBUSDT,2021-09-18,1,1.91313340227508
BNBUSDT,2021-09-19,1,3.07328605200946
BNBUSDT,2021-09-20,5,-0.770454685453063
BNBUSDT,2021-09-21,7,0.47444257574120346
BNBUSDT,2021-09-22,9,0.61522873419280333
BNBUSDT,2021-09-23,2,1.2750662200443625
BNBUSDT,2021-09-24,15,-1.9281504620034209
BNBUSDT,2021-09-25,4,-1.484148830896475
BNBUSDT,2021-09-27,7,-0.39610555614584253
BNBUSDT,2021-09-28,4,1.7478478170954492
BNBUSDT,2021-09-29,3,-0.68871869963840815
BNBUSDT,2021-09-30,4,1.4990821390960298
BNBUSDT,2021-10-01,6,-1.8088759853366729
BNBUSDT,2021-10-02,2,-0.12380414961187436
BNBUSDT,2021-10-03,4,0.059944516001713244
BNBUSDT,2021-10-04,6,0.038342117711859136
BNBUSDT,2021-10-05,9,1.6274049579609347
BNBUSDT,2021-10-06,13,0.39523017153896611
BNBUSDT,2021-10-07,5,0.28278731821675046
BNBUSDT,2021-10-08,3,-0.094495357707590377
BNBUSDT,2021-10-09,3,0.541963470337225
BNBUSDT,2021-10-10,2,0.458590037774972
BNBUSDT,2021-10-11,3,0.940558771884074
BNBUSDT,2021-10-12,1,1.58328055731476
BNBUSDT,2021-10-13,8,0.93129976228759159
BNBUSDT,2021-10-14,8,0.50661154861512769
BNBUSDT,2021-10-15,19,0.669523487304708
BNBUSDT,2021-10-16,1,1.1686143572621
BNBUSDT,2021-10-17,1,1.52594099694812
BNBUSDT,2021-10-18,7,0.070832330727205517
BNBUSDT,2021-10-19,6,0.20536407741306217
BNBUSDT,2021-10-20,2,1.7131790338142552
BNBUSDT,2021-10-21,7,1.1210639152093893
BNBUSDT,2021-10-22,9,0.42781021407356751
BNBUSDT,2021-10-23,4,-0.61678424456202241
BNBUSDT,2021-10-24,7,0.84197671999010948
BNBUSDT,2021-10-25,6,0.96314633956302531
BNBUSDT,2021-10-26,11,1.2106182234081571
BNBUSDT,2021-10-27,14,-0.18412905792969891
BNBUSDT,2021-10-28,11,0.52658965668471525
BNBUSDT,2021-10-29,15,1.2335160038204174
BNBUSDT,2021-10-30,4,2.562007621657524
BNBUSDT,2021-10-31,2,0.56753267260517237
BNBUSDT,2021-11-01,5,0.28727250976951996
BNBUSDT,2021-11-02,8,-0.44095572535068445
BNBUSDT,2021-11-03,5,1.4140327411030496
BNBUSDT,2021-11-04,6,0.019681648324955642
BNBUSDT,2021-11-05,5,0.92077999639062047
BNBUSDT,2021-11-06,4,-0.3510743065029871
BNBUSDT,2021-11-07,2,0.57529676541797248
BNBUSDT,2021-11-08,16,0.40332389145212949
BNBUSDT,2021-11-09,18,1.21982144204801
BNBUSDT,2021-11-10,4,-1.4224916132028145
BNBUSDT,2021-11-11,3,0.051236423209845061
BNBUSDT,2021-11-12,7,0.2325852694049661
BNBUSDT,2021-11-13,9,-0.5424774786569021
BNBUSDT,2021-11-15,1,3.63636363636364
BNBUSDT,2021-11-16,10,0.76076031328277549
BNBUSDT,2021-11-17,11,0.28418628446948357
BNBUSDT,2021-11-18,9,1.0471958361111211
BNBUSDT,2021-11-19,4,0.2113936590854017
BNBUSDT,2021-11-20,4,1.1585780730433335
BNBUSDT,2021-11-21,2,2.22222222222222
BNBUSDT,2021-11-22,5,1.3247719579562949
BNBUSDT,2021-11-23,2,0.24287943815841051
BNBUSDT,2021-11-24,5,0.53451071091720159
BNBUSDT,2021-11-25,6,0.23631985071465017
BNBUSDT,2021-11-26,3,0.30710991104815261
BNBUSDT,2021-11-27,5,-1.7197844646780218
BNBUSDT,2021-11-28,2,-0.566037735849055
BNBUSDT,2021-11-29,7,1.2842920627240328
BNBUSDT,2021-11-30,6,1.7210765590222168
BNBUSDT,2021-12-01,5,2.2374004685735689
BNBUSDT,2021-12-02,5,-1.4653898997420278
BNBUSDT,2021-12-03,4,-1.4935040880664974
BNBUSDT,2021-12-04,10,-1.4337194702780567
BNBUSDT,2021-12-05,5,-2.2379499258421349
BNBUSDT,2021-12-06,10,-0.4234037389691836
BNBUSDT,2021-12-07,4,1.4462746943307052
BNBUSDT,2021-12-08,6,-0.16137274960677755
BNBUSDT,2021-12-09,4,2.5721263207097977
BNBUSDT,2021-12-10,4,0.37982398264763906
BNBUSDT,2021-12-12,4,0.50101765064983894
BNBUSDT,2021-12-13,6,0.76165085663515819
BNBUSDT,2021-12-14,6,0.49997154329556687
BNBUSDT,2021-12-15,3,1.9191661693732935
BNBUSDT,2021-12-16,2,-4.295255291839795
BNBUSDT,2021-12-17,6,0.95493598410841551
BNBUSDT,2021-12-18,1,1.96319018404908
BNBUSDT,2021-12-20,8,-1.5569205502406325
BNBUSDT,2021-12-21,4,2.4345930296848151
BNBUSDT,2021-12-22,2,0.66461517387135416
BNBUSDT,2021-12-23,10,-1.1940875378652696
BNBUSDT,2021-12-24,2,1.11461505002175
BNBUSDT,2021-12-25,4,-1.7792953689787776
BNBUSDT,2021-12-27,2,1.8675834904951865
BNBUSDT,2021-12-28,2,-0.78377886888525
BNBUSDT,2021-12-29,2,0.59633027522936
BNBUSDT,2021-12-30,8,0.47976894287215843
BNBUSDT,2021-12-31,9,-0.74869796179838621
BNBUSDT,2022-01-01,15,-0.94810319229276641
BNBUSDT,2022-01-02,5,0.61398796760616481
BNBUSDT,2022-01-03,16,2.2141823127068627
BNBUSDT,2022-01-04,11,0.61653301376619674
BNBUSDT,2022-01-05,6,0.075461888279559491
BNBUSDT,2022-01-06,14,0.68516527954508621
BNBUSDT,2022-01-07,19,-3.010527860079788
BNBUSDT,2022-01-08,5,-0.33327510321986065
BNBUSDT,2022-01-09,3,-0.96051327593338032
BNBUSDT,2022-01-10,18,-0.28588070638097635
BNBUSDT,2022-01-11,12,-0.067169423370343193
BNBUSDT,2022-01-12,14,2.3348331523087897
BNBUSDT,2022-01-13,6,0.58303813876371846
BNBUSDT,2022-01-14,7,1.7295538105961092
BNBUSDT,2022-01-15,4,0.827609366844784
BNBUSDT,2022-01-16,2,1.330689959008545
BNBUSDT,2022-01-17,15,2.0178968592220916
BNBUSDT,2022-01-18,10,0.68579824420356539
BNBUSDT,2022-01-19,3,1.522481750035
BNBUSDT,2022-01-20,3,0.85563887463070964
BNBUSDT,2022-01-21,24,-3.3043424256003355
BNBUSDT,2022-01-22,19,-2.026754258766772
BNBUSDT,2022-01-23,12,0.48517442664907984
BNBUSDT,2022-01-24,8,-0.33129407909361636
BNBUSDT,2022-01-25,11,0.15712793130494912
BNBUSDT,2022-01-26,6,-0.17742585598759444
BNBUSDT,2022-01-27,6,-0.3308120240682525
BNBUSDT,2022-01-28,6,-0.63252029761973616
BNBUSDT,2022-01-29,5,-2.7646052323647803
BNBUSDT,2022-01-30,3,-0.55351745251137352
BNBUSDT,2022-01-31,6,0.323725342410519
BNBUSDT,2022-02-01,2,0.45752953705623
BNBUSDT,2022-02-02,9,-0.6138408866793903
BNBUSDT,2022-02-03,5,1.105392113681702
BNBUSDT,2022-02-04,5,0.328271052129242
BNBUSDT,2022-02-05,1,2.05761316872428
BNBUSDT,2022-02-06,1,0.895355344152211
BNBUSDT,2022-02-07,7,1.043545164686329
BNBUSDT,2022-02-08,6,0.8765434333098423
BNBUSDT,2022-02-09,4,1.2304078317010148
BNBUSDT,2022-02-10,4,0.45543447754551125
BNBUSDT,2022-02-11,7,-0.40283118290320918
BNBUSDT,2022-02-12,5,0.59655287224237363
BNBUSDT,2022-02-13,1,0.981461286804798
BNBUSDT,2022-02-14,5,-0.57659063919792009
BNBUSDT,2022-02-15,3,-1.1067397869972988
BNBUSDT,2022-02-16,9,1.7304979156975697
BNBUSDT,2022-02-17,4,-1.2387253800373998
BNBUSDT,2022-02-18,4,-3.37162537242064
BNBUSDT,2022-02-19,1,0.611790878754172
BNBUSDT,2022-02-21,3,-3.8749508411414668
BNBUSDT,2022-02-22,8,2.4964024206635127
BNBUSDT,2022-02-23,3,0.89595238874558669
BNBUSDT,2022-02-24,5,-2.3879965571782944
BNBUSDT,2022-02-25,4,-0.89492665938256621
BNBUSDT,2022-03-01,1,-4.71204188481675
BNBUSDT,2022-03-02,2,2.68282605701694
BNBUSDT,2022-03-03,1,2.16473072861668
BNBUSDT,2022-03-04,1,1.69811320754717
BNBUSDT,2022-03-05,3,1.0356968061971576
BNBUSDT,2022-03-06,1,1.74317257408483
BNBUSDT,2022-03-07,4,1.4960745198429726
BNBUSDT,2022-03-09,14,2.7321070199674744
BNBUSDT,2022-03-10,2,0.34988451244699303
BNBUSDT,2022-03-11,2,1.3873411075565776
BNBUSDT,2022-03-13,1,1.06445890005914
BNBUSDT,2022-03-14,2,3.32893021915614
BNBUSDT,2022-03-15,19,1.2127040347417701
BNBUSDT,2022-03-16,3,0.83417009532934761
BNBUSDT,2022-03-17,4,1.3809478196310652
BNBUSDT,2022-03-18,2,2.0885595885595851
BNBUSDT,2022-03-19,2,1.98421052631579
BNBUSDT,2022-03-20,1,1.6935150764147
BNBUSDT,2022-03-21,2,0.63344933743809562
BNBUSDT,2022-03-22,1,-0.115008625646924
BNBUSDT,2022-03-23,2,1.4894899524737915
BNBUSDT,2022-03-24,1,1.37242669993762
BNBUSDT,2022-03-25,2,0.712710170946452
BNBUSDT,2022-03-26,1,2.313743637205
BNBUSDT,2022-03-27,1,1.27981384525887
BNBUSDT,2022-03-29,2,1.1016905011705875
BNBUSDT,2022-03-30,3,1.0347536400943729
BNBUSDT,2022-03-31,3,2.5663126436112131
BNBUSDT,2022-04-01,2,2.6255022025862598
BNBUSDT,2022-04-02,4,-0.5471274323260249
BNBUSDT,2022-04-03,6,0.95902483483382406
BNBUSDT,2022-04-04,2,0.85009175478411092
BNBUSDT,2022-04-05,2,-0.29596025913825996
BNBUSDT,2022-04-06,2,0.657518582046885
BNBUSDT,2022-04-07,1,1.61707632600259
BNBUSDT,2022-04-08,1,0.0995024875621895
BNBUSDT,2022-04-09,3,1.8754996007265723
BNBUSDT,2022-04-10,2,0.297796307325789
BNBUSDT,2022-04-11,2,-1.30790190735695
BNBUSDT,2022-04-12,3,-1.2348580394064943
BNBUSDT,2022-04-13,1,2.12636695018226
BNBUSDT,2022-04-14,2,0.602608648793026
BNBUSDT,2022-04-15,1,6.20525059665871
BNBUSDT,2022-04-16,2,-0.61050061050061155
BNBUSDT,2022-04-17,1,-0.719424460431655
BNBUSDT,2022-04-18,5,-0.08544079455155322
BNBUSDT,2022-04-19,6,-0.46030269022128756
BNBUSDT,2022-04-20,4,-0.33930780558495138
BNBUSDT,2022-04-21,8,0.91830804033644864
BNBUSDT,2022-04-22,5,0.97553615924045767
BNBUSDT,2022-04-23,3,0.27328002067900431
BNBUSDT,2022-04-24,3,-0.29668016290807059
BNBUSDT,2022-04-25,4,1.2896421287896049
BNBUSDT,2022-04-26,4,0.92487947066784382
BNBUSDT,2022-04-27,3,-1.0604515424757355
BNBUSDT,2022-04-28,4,1.009771995254545
BNBUSDT,2022-04-30,4,1.7883326301054128
BNBUSDT,2022-05-01,1,0.0
BNBUSDT,2022-05-02,1,0.858369098712446
BNBUSDT,2022-05-03,1,2.74936061381074
BNBUSDT,2022-05-04,1,3.0241935483871
BNBUSDT,2022-05-05,4,1.8902679411276524
BNBUSDT,2022-05-06,2,1.5240699938512
BNBUSDT,2022-05-07,3,-2.1161144219601375
BNBUSDT,2022-05-10,5,0.45077607045121754
BNBUSDT,2022-05-11,6,-0.8214386970978842
BNBUSDT,2022-05-12,1,-2.12177121771218
BNBUSDT,2022-05-14,1,-3.04761904761905
BNBUSDT,2022-05-16,2,-0.48515699647457988
BNBUSDT,2022-05-17,3,-1.3217851676584929
BNBUSDT,2022-05-18,3,1.46658801647691
BNBUSDT,2022-05-19,3,0.37231099467365264
BNBUSDT,2022-05-20,3,0.94060685777388
BNBUSDT,2022-05-21,2,1.2939460076950049
BNBUSDT,2022-05-22,1,1.37395459976105
BNBUSDT,2022-05-23,6,2.2031835944799449
BNBUSDT,2022-05-24,4,1.27775481485709
BNBUSDT,2022-05-25,4,1.1606402936076812
BNBUSDT,2022-05-26,5,1.533943106667502
BNBUSDT,2022-05-27,4,-0.89671344127252994
BNBUSDT,2022-05-28,2,1.7097758602546549
BNBUSDT,2022-05-29,2,0.44705628015129684
BNBUSDT,2022-05-30,4,2.3409983904051588
BNBUSDT,2022-05-31,4,1.0343766192463777
BNBUSDT,2022-06-01,4,-0.034349710500439112
BNBUSDT,2022-06-02,4,0.70342576367150489
BNBUSDT,2022-06-03,6,0.97557438262999419
BNBUSDT,2022-06-04,5,2.1483482514675218
BNBUSDT,2022-06-07,4,0.35842689398723704
BNBUSDT,2022-06-08,3,3.2106496740643067
BNBUSDT,2022-06-09,10,2.5016908851560258
BNBUSDT,2022-06-10,9,1.3985588371052258
BNBUSDT,2022-06-13,3,1.6048335563514287
BNBUSDT,2022-06-14,9,1.841752754282409
BNBUSDT,2022-06-16,1,0.714285714285714
BNBUSDT,2022-06-18,2,-4.4094045899534553
BNBUSDT,2022-06-20,2,0.56532663316583
BNBUSDT,2022-06-21,4,0.40533246126932643
BNBUSDT,2022-06-22,1,2.09171359613837
BNBUSDT,2022-06-23,1,3.18257956448911
BNBUSDT,2022-06-24,5,0.24592512169666625
BNBUSDT,2022-06-25,3,-2.6704244759037596
BNBUSDT,2022-06-26,3,-0.11441166212789367
BNBUSDT,2022-06-27,2,3.1650623941199529
BNBUSDT,2022-06-29,1,-1.79640718562874
BNBUSDT,2022-06-30,6,-1.3916597399360557
BNBUSDT,2022-07-01,4,-0.14025247413001241
BNBUSDT,2022-07-02,1,-6.9164265129683
BNBUSDT,2022-07-04,3,2.9932758765507668
BNBUSDT,2022-07-05,1,0.0
BNBUSDT,2022-07-06,1,-4.18956043956044
BNBUSDT,2022-07-07,1,-4.65116279069767
BNBUSDT,2022-07-08,5,1.8171476187998823
BNBUSDT,2022-07-11,12,2.7966290837697008
BNBUSDT,2022-07-12,1,-6.69546436285097
BNBUSDT,2022-07-13,1,-0.838323353293413
BNBUSDT,2022-07-14,1,2.8169014084507
BNBUSDT,2022-07-18,2,3.5564495149142452
BNBUSDT,2022-07-19,2,2.3404095608466049
BNBUSDT,2022-07-20,1,4.529262086514
BNBUSDT,2022-07-21,1,-1.70261066969353
BNBUSDT,2022-07-22,1,5.56844547563805
BNBUSDT,2022-07-23,2,3.0895836643770247
BNBUSDT,2022-07-24,2,2.1362996532426952
BNBUSDT,2022-07-25,1,2.20649458784346
BNBUSDT,2022-07-26,3,-1.232715404795222
BNBUSDT,2022-07-27,3,3.647210138688143
BNBUSDT,2022-07-28,2,2.4552424086663849
BNBUSDT,2022-07-29,2,-0.587955975888966
BNBUSDT,2022-07-30,1,1.49253731343284
BNBUSDT,2022-07-31,1,-0.171232876712329
BNBUSDT,2022-08-01,2,0.10098236028950991
BNBUSDT,2022-08-02,6,2.137858251862542
BNBUSDT,2022-08-04,3,2.5453157567865068
BNBUSDT,2022-08-05,5,1.505384698959733
BNBUSDT,2022-08-07,1,-1.36054421768708
BNBUSDT,2022-08-08,3,-2.1699647991985671
BNBUSDT,2022-08-10,2,-0.716537281996912
BNBUSDT,2022-08-11,3,-0.10850644073163407
BNBUSDT,2022-08-12,3,1.4360972928747853
BNBUSDT,2022-08-13,1,1.68453292496172
BNBUSDT,2022-08-14,1,0.0
BNBUSDT,2022-08-15,2,3.5504106760990748
BNBUSDT,2022-08-16,4,0.93156164643068773
BNBUSDT,2022-08-17,3,0.27576603916542669
BNBUSDT,2022-08-18,2,-0.57113307285681358
BNBUSDT,2022-08-19,15,-1.3843285572282618
BNBUSDT,2022-08-20,1,0.806451612903226
BNBUSDT,2022-08-22,4,-1.3442114772617124
BNBUSDT,2022-08-23,3,-0.16480251774369337
BNBUSDT,2022-08-24,6,3.371995289092764
BNBUSDT,2022-08-25,3,1.0849095613340733
BNBUSDT,2022-08-26,2,0.18552127445049504
BNBUSDT,2022-08-27,2,0.75486605046208344
BNBUSDT,2022-08-28,1,-2.70935960591133
BNBUSDT,2022-08-29,2,-1.21533341550598
BNBUSDT,2022-08-30,2,0.357142857142857
BNBUSDT,2022-08-31,2,-1.536696901552995
BNBUSDT,2022-09-01,4,-1.2041069346765272
BNBUSDT,2022-09-02,2,-3.4545585309136233
BNBUSDT,2022-09-03,2,2.1624417607571331
BNBUSDT,2022-09-05,1,3.41207349081365
BNBUSDT,2022-09-06,2,1.8594322087143698
BNBUSDT,2022-09-07,2,-2.65248074704162
BNBUSDT,2022-09-08,3,-0.70579198779160679
BNBUSDT,2022-09-09,1,-0.251889168765743
BNBUSDT,2022-09-10,2,0.200501253132833
BNBUSDT,2022-09-12,3,-0.32011034578899666
BNBUSDT,2022-09-13,2,0.87393738337134508
BNBUSDT,2022-09-14,3,0.82134133636239659
BNBUSDT,2022-09-15,3,2.3177642664875711
BNBUSDT,2022-09-16,3,-0.39550370478224295
BNBUSDT,2022-09-17,1,2.70049099836334
BNBUSDT,2022-09-19,2,-0.836652661828631
BNBUSDT,2022-09-20,2,-0.808625336927225
BNBUSDT,2022-09-21,2,-1.7174631046448452
BNBUSDT,2022-09-22,1,-2.96495956873315
BNBUSDT,2022-09-23,2,-0.38789340207042911
BNBUSDT,2022-09-24,1,-1.15606936416185
BNBUSDT,2022-09-26,10,1.3134767875755382
BNBUSDT,2022-09-27,1,-0.785340314136126
BNBUSDT,2022-09-28,2,-2.45335080881592
BNBUSDT,2022-09-29,10,4.0051046773969929
BNBUSDT,2022-09-30,2,-2.89954337899543
BNBUSDT,2022-10-01,1,2.56410256410256
BNBUSDT,2022-10-03,1,-2.17983651226158
BNBUSDT,2022-10-04,3,0.24660188296551988
BNBUSDT,2022-10-05,3,-0.51010980889029534
BNBUSDT,2022-10-06,5,-0.20919850438455939
BNBUSDT,2022-10-07,22,-3.4145521889099975
BNBUSDT,2022-10-08,4,-3.7906948682026527
BNBUSDT,2022-10-09,4,-4.31202333435724
BNBUSDT,2022-10-10,4,-1.6300002316694375
BNBUSDT,2022-10-11,5,-1.2057089407414157
BNBUSDT,2022-10-12,6,-4.0301311930355483
BNBUSDT,2022-10-13,6,-2.4257734809053186
BNBUSDT,2022-10-14,6,-0.055221006263795142
BNBUSDT,2022-10-15,2,1.798525869554221
BNBUSDT,2022-10-17,5,-0.3032075438302706
BNBUSDT,2022-10-18,9,0.64053206111972172
BNBUSDT,2022-10-19,3,-3.4152109384702336
BNBUSDT,2022-10-20,3,0.82345533049054076
BNBUSDT,2022-10-21,4,0.52084703108941721
BNBUSDT,2022-10-22,1,0.0
BNBUSDT,2022-10-24,3,1.6679230397707649
BNBUSDT,2022-10-25,2,-0.22668839814517194
BNBUSDT,2022-10-26,3,0.75628650361723149
BNBUSDT,2022-10-27,5,0.12753939313755436
BNBUSDT,2022-10-28,2,1.4592520474199651
BNBUSDT,2022-10-29,1,1.28676470588235
BNBUSDT,2022-10-30,3,1.0272520725054952
BNBUSDT,2022-10-31,4,-0.58713438117103112
BNBUSDT,2022-11-01,5,-1.4962308666404409
BNBUSDT,2022-11-02,5,0.73426687034027627
BNBUSDT,2022-11-03,3,0.25587947789085996
BNBUSDT,2022-11-04,4,1.3336305071753873
BNBUSDT,2022-11-05,2,-1.566055930568949
BNBUSDT,2022-11-06,1,-8.57142857142857
BNBUSDT,2022-11-07,7,0.29225337502212084
BNBUSDT,2022-11-08,4,-1.1335294452464875
BNBUSDT,2022-11-09,5,-0.13366538338366585
BNBUSDT,2022-11-10,76,2.0801191135206656
BNBUSDT,2022-11-11,4,-1.4760627097721064
BNBUSDT,2022-11-13,1,-0.968188105117566
BNBUSDT,2022-11-14,6,-2.1639949388871034
BNBUSDT,2022-11-15,2,-2.2906709227203663
BNBUSDT,2022-11-17,2,-0.33568754655778843
BNBUSDT,2022-11-18,2,4.8094379683904993
BNBUSDT,2022-11-21,5,-0.51177634393538129
BNBUSDT,2022-11-22,3,-3.9661415554400667
BNBUSDT,2022-11-23,1,1.38339920948617
BNBUSDT,2022-11-25,6,0.34875416697574618
BNBUSDT,2022-11-26,2,-1.9839069412098149
BNBUSDT,2022-11-27,2,-1.2236011136764926
BNBUSDT,2022-11-28,4,-1.5058033572838991
BNBUSDT,2022-11-29,7,0.94380910986722233
BNBUSDT,2022-11-30,6,-0.90231019030658333
BNBUSDT,2022-12-01,3,-1.072017377038242
BNBUSDT,2022-12-02,5,-2.8842272082106857
BNBUSDT,2022-12-03,2,-0.26937263071616396
BNBUSDT,2022-12-04,1,1.98300283286119
BNBUSDT,2022-12-05,1,-1.92102454642476
BNBUSDT,2022-12-06,4,0.2033030345869673
BNBUSDT,2022-12-07,12,1.6224617898594329
BNBUSDT,2022-12-08,12,1.4314954246244891
BNBUSDT,2022-12-09,3,2.3164144514172933
BNBUSDT,2022-12-10,1,-2.74442538593482
BNBUSDT,2022-12-12,4,2.2329750124848675
BNBUSDT,2022-12-13,10,-2.9656493281049916
BNBUSDT,2022-12-14,3,-1.0856333128837032
BNBUSDT,2022-12-15,1,0.0
BNBUSDT,2022-12-16,3,1.9252376329630432
BNBUSDT,2022-12-17,1,-0.87719298245614
BNBUSDT,2022-12-18,1,0.0
BNBUSDT,2022-12-19,12,0.28532626693364938
BNBUSDT,2022-12-20,3,-1.164869730257589
BNBUSDT,2022-12-21,2,0.59241940426878514
BNBUSDT,2022-12-22,5,-0.7101756372211554
BNBUSDT,2022-12-24,2,1.0050879094412351
BNBUSDT,2022-12-25,1,-1.95783132530121
BNBUSDT,2022-12-26,1,-5.35714285714286
BNBUSDT,2022-12-29,2,-0.834627329192545
BNBUSDT,2022-12-30,2,-1.8973170868759
BNBUSDT,2022-12-31,1,-3.26803286088291
BNBUSDT,2023-01-01,2,-0.57958232706631518
BNBUSDT,2023-01-04,2,0.45033193005181493
BNBUSDT,2023-01-05,14,0.366742872804898
BNBUSDT,2023-01-08,2,-0.40876985415187006
BNBUSDT,2023-01-09,3,-0.13251727708658995
BNBUSDT,2023-01-10,3,-0.67329030791004341
BNBUSDT,2023-01-11,1,1.46678170836928
BNBUSDT,2023-01-12,2,-3.38680926916221
BNBUSDT,2023-01-13,1,2.12765957446809
BNBUSDT,2023-01-14,1,-2.53164556962025
BNBUSDT,2023-01-16,2,1.8212156703755433
BNBUSDT,2023-01-17,2,-2.6448813809655651
BNBUSDT,2023-01-18,4,1.3031677404904949
BNBUSDT,2023-01-19,2,0.28249688279301755
BNBUSDT,2023-01-20,2,-0.44809717974856023
BNBUSDT,2023-01-22,1,-2.37467018469657
BNBUSDT,2023-01-23,2,0.77523361797605
BNBUSDT,2023-01-24,4,0.011684965507289855
BNBUSDT,2023-01-25,3,-1.9432581468627292
BNBUSDT,2023-01-27,5,2.4353723891595411
BNBUSDT,2023-01-30,2,1.1956959274921322
BNBUSDT,2023-01-31,1,2.41935483870968
BNBUSDT,2023-02-01,1,2.41935483870968
BNBUSDT,2023-02-02,4,-0.34104189506500593
BNBUSDT,2023-02-03,3,2.648408358312353
BNBUSDT,2023-02-04,1,-1.5158924205379
BNBUSDT,2023-02-05,1,1.73076923076923
BNBUSDT,2023-02-06,3,-0.52382089145039734
BNBUSDT,2023-02-07,3,-1.0605571794366146
BNBUSDT,2023-02-13,8,-0.60648924399628523
BNBUSDT,2023-02-14,5,-0.10719947418482345
BNBUSDT,2023-02-15,2,-1.342622250694
BNBUSDT,2023-02-16,11,0.48499319545354369
BNBUSDT,2023-02-17,7,1.3671279160928587
BNBUSDT,2023-02-20,2,-0.34398782343987477
BNBUSDT,2023-02-22,2,1.21963594592565
BNBUSDT,2023-02-23,1,3.53982300884956
BNBUSDT,2023-02-24,1,0.51107325383305
BNBUSDT,2023-02-27,8,4.31893687707641
BNBUSDT,2023-03-02,1,4.10958904109589
BNBUSDT,2023-03-03,2,0.35814706719817752
BNBUSDT,2023-03-04,8,4.0992018627688447
BNBUSDT,2023-03-06,1,-1.75438596491228
BNBUSDT,2023-03-09,3,-2.1585241292155333
BNBUSDT,2023-03-10,4,0.86989456734330806
BNBUSDT,2023-03-12,1,4.28305400372439
BNBUSDT,2023-03-13,5,-1.7412961164652176
BNBUSDT,2023-03-14,3,-1.6222064983043396
BNBUSDT,2023-03-16,2,0.6294307097865
BNBUSDT,2023-03-17,8,-0.39366222911426713
BNBUSDT,2023-03-18,2,1.684397163120565
BNBUSDT,2023-03-19,1,0.793650793650794
BNBUSDT,2023-03-20,6,1.0975227488502284
BNBUSDT,2023-03-21,5,-0.18374636813398393
BNBUSDT,2023-03-22,7,2.387521165583641
BNBUSDT,2023-03-23,2,2.35495700205984
BNBUSDT,2023-03-24,20,4.639633233507034
BNBUSDT,2023-03-25,6,1.46925618513657
BNBUSDT,2023-03-26,4,1.383813894640221
BNBUSDT,2023-03-27,3,-2.77969783633976
BNBUSDT,2023-03-28,13,-1.7508445732928979
BNBUSDT,2023-03-29,9,0.90600827831809561
BNBUSDT,2023-03-30,11,2.4806897861895547
BNBUSDT,2023-03-31,4,2.2766378707592132
BNBUSDT,2023-04-01,7,0.36885621258850088
BNBUSDT,2023-04-02,1,1.58730158730159
BNBUSDT,2023-04-03,3,1.5915303058555634
BNBUSDT,2023-04-04,7,-1.0206026760194185
BNBUSDT,2023-04-05,6,0.99964502864559657
BNBUSDT,2023-04-06,3,0.47390759689000994
BNBUSDT,2023-04-07,5,0.966978321551742
BNBUSDT,2023-04-08,4,2.2656686955378826
BNBUSDT,2023-04-09,4,1.3491712776479181
BNBUSDT,2023-04-10,6,1.0523033305116554
BNBUSDT,2023-04-11,3,-1.181841307294605
BNBUSDT,2023-04-12,6,-0.31892588524079662
BNBUSDT,2023-04-13,9,2.0711262631638467
BNBUSDT,2023-04-14,5,-0.80939708610762462
BNBUSDT,2023-04-15,3,2.5558525664678529
BNBUSDT,2023-04-16,2,1.5196432336423551
BNBUSDT,2023-04-17,13,1.5477662534023306
BNBUSDT,2023-04-18,17,1.3258829534646193
BNBUSDT,2023-04-19,5,2.2571228679534339
BNBUSDT,2023-04-20,7,-1.336819079013138
BNBUSDT,2023-04-21,11,2.1598341856961083
BNBUSDT,2023-04-22,4,1.6018538371918649
BNBUSDT,2023-04-23,3,1.6197051206706135
BNBUSDT,2023-04-24,7,1.9023768396480092
BNBUSDT,2023-04-25,20,3.3125190245182643
BNBUSDT,2023-04-26,3,1.1230042787709267
BNBUSDT,2023-04-27,19,3.5500546027407962
BNBUSDT,2023-04-28,9,1.2791645369112878
BNBUSDT,2023-04-29,2,1.42602495543672
BNBUSDT,2023-04-30,5,0.581397409792008
BNBUSDT,2023-05-01,4,-0.057565514738062484
BNBUSDT,2023-05-02,12,0.53742236557527723
BNBUSDT,2023-05-03,6,2.4220337436983561
BNBUSDT,2023-05-04,8,1.0210947519194418
BNBUSDT,2023-05-05,6,0.9360177478887487
BNBUSDT,2023-05-06,6,2.2287344022654247
BNBUSDT,2023-05-07,4,1.2880787236248712
BNBUSDT,2023-05-08,5,-0.41508531389751813
BNBUSDT,2023-05-09,6,0.0993522688919258
BNBUSDT,2023-05-10,5,1.1130294804489202
BNBUSDT,2023-05-11,6,0.989842519913197
BNBUSDT,2023-05-12,6,2.05509407385276
BNBUSDT,2023-05-13,7,1.6184146769746226
BNBUSDT,2023-05-14,2,1.60427807486631
BNBUSDT,2023-05-15,14,2.7237034395838404
BNBUSDT,2023-05-16,7,0.22267507010496917
BNBUSDT,2023-05-17,5,0.920072383978356
BNBUSDT,2023-05-18,5,1.2757257774445403
BNBUSDT,2023-05-19,5,4.63763456867252
BNBUSDT,2023-05-20,1,1.25673249551167
BNBUSDT,2023-05-21,1,-1.17994100294985
BNBUSDT,2023-05-22,3,0.69389026486911987
BNBUSDT,2023-05-23,4,0.41481871709825652
BNBUSDT,2023-05-24,2,2.94705503090985
BNBUSDT,2023-05-25,11,2.4733894927494804
BNBUSDT,2023-05-26,5,3.18932014491603
BNBUSDT,2023-05-27,3,3.92670745611922
BNBUSDT,2023-05-28,8,4.5121801356931979
BNBUSDT,2023-05-29,14,1.8071263894908971
BNBUSDT,2023-05-30,8,3.2251013148583612
BNBUSDT,2023-05-31,5,1.854378191460677
BNBUSDT,2023-06-01,5,1.0466084883949018
BNBUSDT,2023-06-02,14,-0.41869996783804675
BNBUSDT,2023-06-03,28,2.8306104301657511
BNBUSDT,2023-06-04,4,0.2211259289501748
BNBUSDT,2023-06-05,17,-3.9220283451904763
BNBUSDT,2023-06-06,23,-3.132900453843932
BNBUSDT,2023-06-07,10,-1.4887261688272972
BNBUSDT,2023-06-08,6,-0.19788079990773022
BNBUSDT,2023-06-09,10,0.045430339655731289
BNBUSDT,2023-06-10,3,2.7477610146823834
BNBUSDT,2023-06-11,3,1.9127392397825
BNBUSDT,2023-06-12,14,-3.180804285801496
BNBUSDT,2023-06-13,13,-0.53526961649200766
BNBUSDT,2023-06-14,24,-2.1968382817963477
BNBUSDT,2023-06-15,8,0.73501766153675863
BNBUSDT,2023-06-16,7,0.25048945297070424
BNBUSDT,2023-06-17,3,0.40659600431896359
BNBUSDT,2023-06-18,5,0.56703565594715555
BNBUSDT,2023-06-19,6,-0.28740719966002926
BNBUSDT,2023-06-20,5,1.3736230305368737
BNBUSDT,2023-06-21,5,2.1112552896098737
BNBUSDT,2023-06-22,7,1.9262905595454343
BNBUSDT,2023-06-23,2,0.27364847680527005
BNBUSDT,2023-06-24,5,1.5764962858660121
BNBUSDT,2023-06-25,1,0.568181818181818
BNBUSDT,2023-06-26,5,2.3547378638669239
BNBUSDT,2023-06-27,5,-0.37331705326408193
BNBUSDT,2023-06-28,4,-1.6969205665850216
BNBUSDT,2023-06-29,2,-1.673228346456695
BNBUSDT,2023-06-30,4,1.6638847809174375
BNBUSDT,2023-07-01,3,1.4285987617173768
BNBUSDT,2023-07-02,5,-0.58805938375545241
BNBUSDT,2023-07-03,2,1.42857598397954
BNBUSDT,2023-07-04,8,0.735783070528316
BNBUSDT,2023-07-05,3,0.66846694825285646
BNBUSDT,2023-07-06,5,-0.096200344002932647
BNBUSDT,2023-07-07,3,0.50702722487429708
BNBUSDT,2023-07-08,4,2.9322653922897297
BNBUSDT,2023-07-09,2,-0.49080183730094018
BNBUSDT,2023-07-10,5,1.1747458444466852
BNBUSDT,2023-07-11,1,2.1511017838405
BNBUSDT,2023-07-12,3,2.50599697320151
BNBUSDT,2023-07-13,7,1.5641726543876004
BNBUSDT,2023-07-14,11,2.1423964336162435
BNBUSDT,2023-07-15,5,1.426548730446044
BNBUSDT,2023-07-16,4,3.6664129649876074
BNBUSDT,2023-07-17,2,2.124066037313765
BNBUSDT,2023-07-18,7,0.004053732182606351
BNBUSDT,2023-07-19,5,1.09062089324652
BNBUSDT,2023-07-20,6,0.48465744154250057
BNBUSDT,2023-07-21,13,-0.48907941852462866
BNBUSDT,2023-07-22,8,-0.031958712204157531
BNBUSDT,2023-07-23,4,3.6478966232786254
BNBUSDT,2023-07-24,5,2.85173582586998
BNBUSDT,2023-07-25,5,1.2147030743005822
BNBUSDT,2023-07-26,2,-0.45680126325287551
BNBUSDT,2023-07-27,3,2.5762988091800332
BNBUSDT,2023-07-28,2,-0.76923076923077
BNBUSDT,2023-07-29,1,1.82370820668693
BNBUSDT,2023-07-30,5,1.8743544683309079
BNBUSDT,2023-07-31,1,2.98507462686567
BNBUSDT,2023-08-01,2,3.2034050179211446
BNBUSDT,2023-08-02,2,1.77454786193614
BNBUSDT,2023-08-03,5,-0.40788562306487886
BNBUSDT,2023-08-05,2,-0.13957307060755486
BNBUSDT,2023-08-06,5,0.802347471382662
BNBUSDT,2023-08-07,3,-0.53267441292764661
BNBUSDT,2023-08-08,4,-0.62088127031728779
BNBUSDT,2023-08-09,1,2.85714285714286
BNBUSDT,2023-08-10,4,1.5292190908075636
BNBUSDT,2023-08-11,2,1.1442600112132348
BNBUSDT,2023-08-12,4,1.3210601278185163
BNBUSDT,2023-08-13,46,-2.557044553960321
BNBUSDT,2023-08-14,5,1.4672432105843569
BNBUSDT,2023-08-15,6,-0.50526272946420647
BNBUSDT,2023-08-16,4,-0.87879245917450188
BNBUSDT,2023-08-17,4,0.71748936635714755
BNBUSDT,2023-08-18,10,-2.2549634190143184
BNBUSDT,2023-08-19,6,-0.22885929840966812
BNBUSDT,2023-08-20,5,-1.7437972804778563
BNBUSDT,2023-08-21,9,-1.7474921576286602
BNBUSDT,2023-08-22,6,-0.97129999541684664
BNBUSDT,2023-08-23,11,-0.57482833661143073
BNBUSDT,2023-08-24,6,-0.82526338246633935
BNBUSDT,2023-08-25,5,-1.6642217452288817
BNBUSDT,2023-08-26,4,-0.48928554622818021
BNBUSDT,2023-08-27,2,2.61899897515626
BNBUSDT,2023-08-28,3,0.10305689342181656
BNBUSDT,2023-08-29,2,1.6158046900096399
BNBUSDT,2023-08-30,4,0.91424747148783736
BNBUSDT,2023-08-31,7,2.749998075838024
BNBUSDT,2023-09-01,3,-3.2808224705879292
BNBUSDT,2023-09-02,1,0.222010783380907
BNBUSDT,2023-09-03,2,0.14194320244142511
BNBUSDT,2023-09-04,3,-3.1937383019442658
BNBUSDT,2023-09-05,2,2.5057561245164841
BNBUSDT,2023-09-06,3,1.4774724489762012
BNBUSDT,2023-09-07,3,3.9959420232620331
BNBUSDT,2023-09-08,4,-0.617070148518375
BNBUSDT,2023-09-09,4,0.07518558179211221
BNBUSDT,2023-09-10,2,2.74508380146413
BNBUSDT,2023-09-11,3,-2.4042034638591963
BNBUSDT,2023-09-12,10,-1.5472488712228263
BNBUSDT,2023-09-13,4,0.2122672062932407
BNBUSDT,2023-09-14,5,-0.00047228084062589382
BNBUSDT,2023-09-15,5,-0.15083157927746438
BNBUSDT,2023-09-16,3,0.17478602513161179
BNBUSDT,2023-09-17,2,0.80500894454383
BNBUSDT,2023-09-18,6,-1.1626156616637173
BNBUSDT,2023-09-19,9,1.1919700686815728
BNBUSDT,2023-09-20,6,2.3889475497572152
BNBUSDT,2023-09-21,5,1.2315303805201718
BNBUSDT,2023-09-22,6,-0.23754995598752848
BNBUSDT,2023-09-23,8,1.3042677200325392
BNBUSDT,2023-09-24,4,-0.018734254459525257
BNBUSDT,2023-09-25,2,-2.0511418022699281
BNBUSDT,2023-09-26,9,0.4528622310743235
BNBUSDT,2023-09-27,9,0.4338196708779789
BNBUSDT,2023-09-28,6,1.1826264576274481
BNBUSDT,2023-09-29,4,1.1159291289269562
BNBUSDT,2023-10-01,4,1.9554334471689176
BNBUSDT,2023-10-02,5,3.09541039774347
BNBUSDT,2023-10-03,3,1.9794060472684332
BNBUSDT,2023-10-04,8,4.0292994830097086
BNBUSDT,2023-10-05,10,0.59075952034362955
BNBUSDT,2023-10-06,7,1.3513168560546789
BNBUSDT,2023-10-07,1,-1.88172043010753
BNBUSDT,2023-10-08,8,-0.69404912785211215
BNBUSDT,2023-10-09,1,3.35195530726257
BNBUSDT,2023-10-10,6,3.1303543861719421
BNBUSDT,2023-10-11,5,1.6529241293732482
BNBUSDT,2023-10-12,3,1.8225055443344396
BNBUSDT,2023-10-13,2,1.8991152808814851
BNBUSDT,2023-10-15,2,1.6380952380952349
BNBUSDT,2023-10-16,12,-0.17442473641295531
BNBUSDT,2023-10-17,11,0.59437984794336618
BNBUSDT,2023-10-18,5,-0.36838510558620774
BNBUSDT,2023-10-19,3,4.59051526045704
BNBUSDT,2023-10-20,3,-0.84670447106930524
BNBUSDT,2023-10-21,1,0.72202166064982
BNBUSDT,2023-10-22,1,1.43884892086331
BNBUSDT,2023-10-23,3,2.7614175910440735
BNBUSDT,2023-10-24,2,1.742627345844505
BNBUSDT,2023-10-25,3,0.34842310441705004
BNBUSDT,2023-10-26,6,3.0435046587651016
BNBUSDT,2023-10-27,1,-2.8169014084507
BNBUSDT,2023-10-28,3,0.98476736437674983
BNBUSDT,2023-10-29,2,-1.6964285714285698
BNBUSDT,2023-10-30,8,4.7876753609612459
BNBUSDT,2023-10-31,7,2.2279327345383217
BNBUSDT,2023-11-02,1,1.02040816326531
BNBUSDT,2023-11-03,4,3.44091561850658
BNBUSDT,2023-11-04,2,2.90751829673985
BNBUSDT,2023-11-06,8,1.451678864829451
BNBUSDT,2023-11-07,3,1.1731388433683536
BNBUSDT,2023-11-08,4,0.33901918896551253
BNBUSDT,2023-11-09,2,1.4863387978142049
BNBUSDT,2023-11-10,3,0.98586729791659033
BNBUSDT,2023-11-11,2,1.090385337106575
BNBUSDT,2023-11-12,2,0.047572635291935006
BNBUSDT,2023-11-13,5,0.0088597763645829053
BNBUSDT,2023-11-14,7,0.72503268305058532
BNBUSDT,2023-11-15,21,2.1663512022338871
BNBUSDT,2023-11-16,5,1.6077075263119005
BNBUSDT,2023-11-19,15,-0.26824806040498739
BNBUSDT,2023-11-21,11,-1.4977898561567895
BNBUSDT,2023-11-22,18,-3.8100154731224936
BNBUSDT,2023-11-23,6,-0.61580536862438984
BNBUSDT,2023-11-24,19,1.6315089918711307
BNBUSDT,2023-11-25,2,-0.30357132556114053
BNBUSDT,2023-11-26,2,1.51642475171887
BNBUSDT,2023-11-27,7,-1.3819419575180669
BNBUSDT,2023-11-28,3,1.2180101786701436
BNBUSDT,2023-11-29,4,0.92060707052284751
BNBUSDT,2023-11-30,6,1.58044543193532
BNBUSDT,2023-12-01,3,-0.65681091604007857
BNBUSDT,2023-12-02,4,0.55987899051029988
BNBUSDT,2023-12-03,3,-1.3215087651026267
BNBUSDT,2023-12-04,47,-2.051000701844409
BNBUSDT,2023-12-05,28,-1.7473750213712991
BNBUSDT,2023-12-06,4,1.7377279514495574
BNBUSDT,2023-12-07,7,1.0141154235934005
BNBUSDT,2023-12-08,3,-1.6501162547801613
BNBUSDT,2023-12-09,1,4.35339308578745
BNBUSDT,2023-12-10,1,4.40582053354891
BNBUSDT,2023-12-11,8,-0.22130358414388537
BNBUSDT,2023-12-12,3,2.7228695897589663
BNBUSDT,2023-12-13,6,0.71441254619267858
BNBUSDT,2023-12-14,3,0.088635378657606623
BNBUSDT,2023-12-15,1,4.6875
BNBUSDT,2023-12-16,1,1.53846153846154
BNBUSDT,2023-12-18,4,1.0806212139558342
BNBUSDT,2023-12-19,5,-1.8975367477166898
BNBUSDT,2023-12-20,4,0.32451388472562448
BNBUSDT,2023-12-21,3,1.9407841995210975
BNBUSDT,2023-12-22,8,2.7188505463896018
BNBUSDT,2023-12-23,5,0.049198221667798969
BNBUSDT,2023-12-24,3,-0.061443932411673341
BNBUSDT,2023-12-25,3,0.23155145831725721
BNBUSDT,2023-12-26,6,0.31239748755368912
BNBUSDT,2023-12-27,6,0.78599102917360819
BNBUSDT,2023-12-28,10,0.29962364708833922
BNBUSDT,2023-12-29,10,0.56138696636221108
BNBUSDT,2023-12-30,3,0.90445517981749823
BNBUSDT,2023-12-31,2,1.9005253346890352
BNBUSDT,2024-01-01,4,1.7549212127387286
BNBUSDT,2024-01-02,3,1.7733229597636369
BNBUSDT,2024-01-03,5,-0.34939835943922815
BNBUSDT,2024-01-04,4,-0.95120793663326919
BNBUSDT,2024-01-05,1,0.0
BNBUSDT,2024-01-06,2,2.1887210898722147
BNBUSDT,2024-01-07,1,0.888888888888889
BNBUSDT,2024-01-08,4,-2.9447112885588798
BNBUSDT,2024-01-09,6,2.8551651274094918
BNBUSDT,2024-01-10,8,0.62285547759224114
BNBUSDT,2024-01-11,2,0.70084227787716347
BNBUSDT,2024-01-12,4,-0.53570625823953266
BNBUSDT,2024-01-13,2,0.80789946140036
BNBUSDT,2024-01-14,7,1.219881996020586
BNBUSDT,2024-01-15,5,1.338545964740772
BNBUSDT,2024-01-16,4,2.1136647934211132
BNBUSDT,2024-01-17,2,1.9604225538507074
BNBUSDT,2024-01-18,11,-0.71444836788538779
BNBUSDT,2024-01-20,3,-0.40088833849519956
BNBUSDT,2024-01-21,1,-1.63934426229508
BNBUSDT,2024-01-22,11,1.909276305994102
BNBUSDT,2024-01-23,3,0.42117645830659645
BNBUSDT,2024-01-24,6,0.86824584508380087
BNBUSDT,2024-01-25,2,-0.15597207697602
BNBUSDT,2024-01-26,4,0.35362093312222553
BNBUSDT,2024-01-28,3,0.12460389580328995
BNBUSDT,2024-01-29,3,-0.26212779437053108
BNBUSDT,2024-01-30,3,1.7810279822849964
BNBUSDT,2024-01-31,1,-0.158227848101266
BNBUSDT,2024-02-01,3,0.51231451334005729
BNBUSDT,2024-02-02,2,1.55052086589337
BNBUSDT,2024-02-03,6,0.833403457263912
BNBUSDT,2024-02-05,8,1.6473576322106709
BNBUSDT,2024-02-06,8,1.7139741304547265
BNBUSDT,2024-02-07,6,3.2614982166110269
BNBUSDT,2024-02-08,1,3.19148936170213
BNBUSDT,2024-02-09,5,1.5795467826924618
BNBUSDT,2024-02-11,1,1.42348754448399
BNBUSDT,2024-02-12,7,1.501267519513438
BNBUSDT,2024-02-13,3,2.65254908707215
BNBUSDT,2024-02-14,8,1.0529395575089349
BNBUSDT,2024-02-15,4,2.8007430787819603
BNBUSDT,2024-02-16,5,1.1862856122134062
BNBUSDT,2024-02-17,1,1.5929203539823
BNBUSDT,2024-02-18,5,1.1841980236087442
BNBUSDT,2024-02-19,8,1.8180208702900236
BNBUSDT,2024-02-20,7,2.282982119676074
BNBUSDT,2024-02-21,4,2.4396510311525126
BNBUSDT,2024-02-22,10,2.603631001127686
BNBUSDT,2024-02-23,5,2.6903295227353023
BNBUSDT,2024-02-24,8,1.9130454059523525
BNBUSDT,2024-02-25,2,1.5154885182560851
BNBUSDT,2024-02-26,5,0.83315549190980387
BNBUSDT,2024-02-27,3,1.4496290227931634
BNBUSDT,2024-02-28,7,1.9841734425369315
BNBUSDT,2024-03-01,2,3.696620581184856
BNBUSDT,2024-03-02,2,-0.11316872427983515
BNBUSDT,2024-03-04,3,2.45953503502349
BNBUSDT,2024-03-05,4,1.6301822068290666
BNBUSDT,2024-03-06,7,1.8321768363814073
BNBUSDT,2024-03-07,6,2.0657438755451318
BNBUSDT,2024-03-08,6,3.3780073091538161
BNBUSDT,2024-03-09,3,2.7129386149234129
BNBUSDT,2024-03-10,3,1.9483083477148435
BNBUSDT,2024-03-11,2,3.5252079136701298
BNBUSDT,2024-03-12,5,2.48191841138375
BNBUSDT,2024-03-13,6,3.7903426300933116
BNBUSDT,2024-03-14,14,1.835943697370114
BNBUSDT,2024-03-15,6,3.9616557227387368
BNBUSDT,2024-03-16,3,-1.150376410757457
BNBUSDT,2024-03-17,9,-0.74101306990601723
BNBUSDT,2024-03-18,10,1.5506849546849248
BNBUSDT,2024-03-19,9,0.85490189769831471
BNBUSDT,2024-03-20,7,2.0008313406524834
BNBUSDT,2024-03-21,8,3.5752110057603512
BNBUSDT,2024-03-22,9,1.1760546502083575
BNBUSDT,2024-03-23,2,1.9826686629463248
BNBUSDT,2024-03-24,2,-1.4229465709728859
BNBUSDT,2024-03-25,2,1.517296800857185
BNBUSDT,2024-03-26,4,1.44481074916077
BNBUSDT,2024-03-27,7,3.3462808372090853
BNBUSDT,2024-03-28,3,0.039099477301722807
BNBUSDT,2024-03-29,3,3.7633633310361865
BNBUSDT,2024-03-30,3,1.38095238095238
BNBUSDT,2024-03-31,1,1.59857904085258
BNBUSDT,2024-04-01,8,3.3867121369797588
BNBUSDT,2024-04-02,4,0.5636938263442024
BNBUSDT,2024-04-03,4,3.5761934990798459
BNBUSDT,2024-04-04,10,0.092452430915515915
BNBUSDT,2024-04-05,10,2.2480037146178069
BNBUSDT,2024-04-06,3,2.2245477181167228
BNBUSDT,2024-04-07,4,1.2489846145411325
BNBUSDT,2024-04-08,3,2.3899982818280621
BNBUSDT,2024-04-09,6,1.0820488696715915
BNBUSDT,2024-04-10,2,2.2823207565854631
BNBUSDT,2024-04-11,8,2.0594223327236962
BNBUSDT,2024-04-12,6,1.0559227910377966
BNBUSDT,2024-04-13,1,0.194552529182879
BNBUSDT,2024-04-14,3,1.4319849803720768
BNBUSDT,2024-04-15,3,0.40650406504065006
BNBUSDT,2024-04-16,3,-0.051929315441832991
BNBUSDT,2024-04-17,2,1.8323913811374051
BNBUSDT,2024-04-18,12,1.013988875600115
BNBUSDT,2024-04-19,5,0.48349946475627203
BNBUSDT,2024-04-20,5,1.7545128943984298
BNBUSDT,2024-04-21,3,1.5425850236194367
BNBUSDT,2024-04-22,3,-0.093517769363833381
BNBUSDT,2024-04-23,7,3.1136168244318014
BNBUSDT,2024-04-24,3,5.7917152495471829
BNBUSDT,2024-04-25,3,2.9107457477157
BNBUSDT,2024-04-26,4,0.76623267799773032
BNBUSDT,2024-04-29,4,1.8187820311882807
BNBUSDT,2024-04-30,2,-4.8367835001294743
BNBUSDT,2024-05-01,5,-5.4954412299495363
BNBUSDT,2024-05-02,1,1.43884892086331
BNBUSDT,2024-05-03,6,-1.2668438286190733
BNBUSDT,2024-05-04,2,-0.14159843296533992
BNBUSDT,2024-05-05,1,1.06666666666667
BNBUSDT,2024-05-06,3,2.6082284650833052
BNBUSDT,2024-05-07,1,3.125
BNBUSDT,2024-05-08,5,2.6052966989346422
BNBUSDT,2024-05-09,1,1.61579892280072
BNBUSDT,2024-05-11,1,-3.03030303030303
BNBUSDT,2024-05-12,2,1.25593282219788
BNBUSDT,2024-05-13,1,2.94906166219839
BNBUSDT,2024-05-14,1,2.747791952895
BNBUSDT,2024-05-15,3,1.48840479237007
BNBUSDT,2024-05-16,3,-0.20126605832917011
BNBUSDT,2024-05-18,4,1.1118122160525
BNBUSDT,2024-05-19,1,1.61870503597122
BNBUSDT,2024-05-20,3,-1.63740415763011
BNBUSDT,2024-05-21,3,-0.45613564601126655
BNBUSDT,2024-05-22,11,1.4841378451072076
BNBUSDT,2024-05-24,7,-0.14383496625609882
BNBUSDT,2024-05-25,2,3.8342838802064048
BNBUSDT,2024-05-26,4,1.6612645221587949
BNBUSDT,2024-05-27,2,0.78275813362211011
BNBUSDT,2024-05-28,8,1.9448423201772864
BNBUSDT,2024-05-29,7,1.2019476800436673
BNBUSDT,2024-05-30,5,-0.83243544918010182
BNBUSDT,2024-05-31,8,0.65074976300653
BNBUSDT,2024-06-01,9,0.32402555756929369
BNBUSDT,2024-06-02,4,1.8142620140531325
BNBUSDT,2024-06-03,10,2.640448841449877
BNBUSDT,2024-06-04,5,0.83038852521315776
BNBUSDT,2024-06-05,18,0.89676819645224159
BNBUSDT,2024-06-06,12,1.3842942405569489
BNBUSDT,2024-06-07,4,-1.4538192435595749
BNBUSDT,2024-06-08,2,-1.5587696407750797
BNBUSDT,2024-06-09,4,-0.377630245686562
BNBUSDT,2024-06-10,5,-0.054791626676924
BNBUSDT,2024-06-11,16,1.0090769209123791
BNBUSDT,2024-06-12,5,-0.19677064835839408
BNBUSDT,2024-06-13,7,0.63372493587799339
BNBUSDT,2024-06-14,5,0.3242919325052267
BNBUSDT,2024-06-15,4,-1.0660784393128109
BNBUSDT,2024-06-16,2,-3.4327763456933251
BNBUSDT,2024-06-17,7,-0.061669763919387027
BNBUSDT,2024-06-18,9,0.004810491873766809
BNBUSDT,2024-06-19,7,0.84513655265647714
BNBUSDT,2024-06-20,5,-1.13910171377565
BNBUSDT,2024-06-21,5,2.2994769423268342
BNBUSDT,2024-06-22,3,1.5446735290037767
BNBUSDT,2024-06-23,2,1.575287399762245
BNBUSDT,2024-06-24,5,1.930411610151932
BNBUSDT,2024-06-25,6,-0.84436184631260491
BNBUSDT,2024-06-26,5,-1.8913470909874
BNBUSDT,2024-06-27,6,3.6620729238213254
BNBUSDT,2024-06-28,2,1.4856401909123549
BNBUSDT,2024-06-29,13,-1.6218593993019723
BNBUSDT,2024-06-30,2,4.6040189125295505
BNBUSDT,2024-07-01,2,3.5655490865288098
BNBUSDT,2024-07-02,2,0.596613442769941
BNBUSDT,2024-07-03,1,1.48148148148148
BNBUSDT,2024-07-04,5,1.2793334595747374
BNBUSDT,2024-07-05,1,-0.331125827814569
BNBUSDT,2024-07-06,2,3.46928905829699
BNBUSDT,2024-07-07,2,1.572223705559775
BNBUSDT,2024-07-08,3,-2.1391578144735206
BNBUSDT,2024-07-09,1,1.46788990825688
BNBUSDT,2024-07-10,1,1.71428571428571
BNBUSDT,2024-07-11,7,2.3362568317142771
BNBUSDT,2024-07-12,3,2.75547445086889
BNBUSDT,2024-07-13,2,1.57562014704872
BNBUSDT,2024-07-14,4,1.40166669909445
BNBUSDT,2024-07-15,2,1.2197900077166846
BNBUSDT,2024-07-17,3,0.96329982047492646
BNBUSDT,2024-07-18,5,2.1454194712197467
BNBUSDT,2024-07-19,6,1.5845261119339868
BNBUSDT,2024-07-20,3,1.9117303184557135
BNBUSDT,2024-07-21,4,1.344569929410079
BNBUSDT,2024-07-23,3,0.60712024735519587
BNBUSDT,2024-07-24,2,4.666515239577695
BNBUSDT,2024-07-26,1,2.85110876451954
BNBUSDT,2024-07-27,7,2.0802811259187912
BNBUSDT,2024-07-28,5,1.7963750769402143
BNBUSDT,2024-07-29,7,2.3890371941359025
BNBUSDT,2024-07-30,3,4.9744985781918434
BNBUSDT,2024-07-31,3,3.6792860266422873
BNBUSDT,2024-08-01,3,1.2528197907677368
BNBUSDT,2024-08-04,2,0.21857923497268006
BNBUSDT,2024-08-05,6,0.68251232086926494
BNBUSDT,2024-08-06,4,0.52187303968749021
BNBUSDT,2024-08-07,5,-0.37604123297603942
BNBUSDT,2024-08-08,5,3.1438998483248861
BNBUSDT,2024-08-09,10,1.8369940234724733
BNBUSDT,2024-08-10,4,2.8794691511360622
BNBUSDT,2024-08-11,2,2.0496021441379249
BNBUSDT,2024-08-12,3,-0.033456200803183345
BNBUSDT,2024-08-13,5,5.8417428508427642
BNBUSDT,2024-08-16,2,1.47433260105107
BNBUSDT,2024-08-17,4,1.4769908990638025
BNBUSDT,2024-08-18,3,1.30956752777366
BNBUSDT,2024-08-19,3,3.4876827955152168
BNBUSDT,2024-08-20,8,2.2751501937664478
BNBUSDT,2024-08-21,6,3.679471976434435
BNBUSDT,2024-08-22,2,1.217840433717466
BNBUSDT,2024-08-23,4,1.474577252589655
BNBUSDT,2024-08-24,3,2.1633389147022335
BNBUSDT,2024-08-25,1,1.6728624535316
BNBUSDT,2024-08-26,5,2.1064992120164621
BNBUSDT,2024-08-27,1,-2.65654648956357
BNBUSDT,2024-08-28,6,3.6047099342324551
BNBUSDT,2024-08-29,4,-0.59128837584496008
BNBUSDT,2024-08-30,2,0.922385300357115
BNBUSDT,2024-09-01,3,1.5308187482759565
BNBUSDT,2024-09-02,2,1.5721142013290699
BNBUSDT,2024-09-03,5,2.148895628163908
BNBUSDT,2024-09-04,7,2.4073246912868855
BNBUSDT,2024-09-05,3,2.7138860548848331
BNBUSDT,2024-09-06,5,2.7980997949656774
BNBUSDT,2024-09-07,9,2.2582660515900757
BNBUSDT,2024-09-08,1,1.66666666666667
BNBUSDT,2024-09-09,1,1.48619957537155
BNBUSDT,2024-09-10,6,3.0037034654444081
BNBUSDT,2024-09-11,4,0.78869887154325247
BNBUSDT,2024-09-12,4,1.7441740594908801
BNBUSDT,2024-09-13,6,1.3253123315224369
BNBUSDT,2024-09-14,5,1.4765664401234659
BNBUSDT,2024-09-15,6,1.4740238264997534
BNBUSDT,2024-09-16,4,1.69735801704187
BNBUSDT,2024-09-17,9,2.5316221614677623
BNBUSDT,2024-09-18,5,2.0059743773521
BNBUSDT,2024-09-20,9,0.20566940708038484
BNBUSDT,2024-09-21,2,5.72772960733418
BNBUSDT,2024-09-22,5,2.6822127676659022
BNBUSDT,2024-09-23,9,2.72608051974253
BNBUSDT,2024-09-24,6,2.0110883509852968
BNBUSDT,2024-09-25,9,2.1214699182858952
BNBUSDT,2024-09-26,3,1.3192394588914069
BNBUSDT,2024-09-27,5,-1.122617677917858
BNBUSDT,2024-09-28,3,1.5171461158177268
BNBUSDT,2024-09-29,4,2.4976002348872228
BNBUSDT,2024-09-30,4,1.2590238912808669
BNBUSDT,2024-10-01,5,1.441529155088892
BNBUSDT,2024-10-02,4,0.73424514482346059
BNBUSDT,2024-10-03,3,0.6158098538963257
BNBUSDT,2024-10-04,4,0.639917689335726
BNBUSDT,2024-10-05,2,1.4733414733414749
BNBUSDT,2024-10-06,1,0.403022670025189
BNBUSDT,2024-10-07,3,2.6814915523969169
BNBUSDT,2024-10-08,4,0.523222741096155
BNBUSDT,2024-10-09,5,3.0604290837581924
BNBUSDT,2024-10-10,4,0.43307333490404132
BNBUSDT,2024-10-11,8,0.532680725302133
BNBUSDT,2024-10-12,4,1.5013602518166476
BNBUSDT,2024-10-13,2,1.67597765363128
BNBUSDT,2024-10-14,7,1.5341974310248632
BNBUSDT,2024-10-15,7,1.5248537556607014
BNBUSDT,2024-10-16,5,0.97026790365845361
BNBUSDT,2024-10-17,6,1.8651182425479429
BNBUSDT,2024-10-18,8,0.947610036532898
BNBUSDT,2024-10-19,3,3.5784782052807866
BNBUSDT,2024-10-20,4,2.19703828864239
BNBUSDT,2024-10-21,2,0.90139289625941654
BNBUSDT,2024-10-22,9,1.2061307953693534
BNBUSDT,2024-10-23,4,0.81398629373261122
BNBUSDT,2024-10-24,9,1.6719255225723739
BNBUSDT,2024-10-25,5,-0.38138208315283717
BNBUSDT,2024-10-26,1,0.89086859688196
BNBUSDT,2024-10-27,2,0.56378690489160244
BNBUSDT,2024-10-28,5,1.1464601757889681
BNBUSDT,2024-10-29,6,0.74607225855643144
BNBUSDT,2024-10-30,6,0.952623258276328
BNBUSDT,2024-10-31,6,2.0708388793946062
BNBUSDT,2024-11-01,7,0.65116500582090375
BNBUSDT,2024-11-02,2,1.56248190231303
BNBUSDT,2024-11-03,5,0.7506354995803759
BNBUSDT,2024-11-04,7,1.8618661011351303
BNBUSDT,2024-11-05,3,1.2040279074592783
BNBUSDT,2024-11-06,7,1.31672643299244
BNBUSDT,2024-11-07,2,2.2836831297205102
BNBUSDT,2024-11-08,3,-0.8325680063612253
BNBUSDT,2024-11-09,1,1.65460186142709
BNBUSDT,2024-11-11,8,2.8984158084203595
BNBUSDT,2024-11-12,7,1.1277422314082588
BNBUSDT,2024-11-13,5,1.8492459113626578
BNBUSDT,2024-11-14,4,2.9663262633455414
BNBUSDT,2024-11-15,3,0.921360949160003
BNBUSDT,2024-11-16,1,2.46045694200351
BNBUSDT,2024-11-18,4,2.7235834352809851
BNBUSDT,2024-11-19,2,1.7560610067883249
BNBUSDT,2024-11-20,6,2.1707061192390484
BNBUSDT,2024-11-21,1,0.488997555012225
BNBUSDT,2024-11-22,3,1.4946126770582182
BNBUSDT,2024-11-23,2,3.0543803333976047
BNBUSDT,2024-11-24,1,5.79790171176146
BNBUSDT,2024-11-25,9,2.582186357234415
BNBUSDT,2024-11-26,4,2.0455858397394144
BNBUSDT,2024-11-27,6,2.7487528963572623
BNBUSDT,2024-11-28,4,4.8073302523362225
BNBUSDT,2024-11-29,2,-1.78681488003522
BNBUSDT,2024-11-30,1,1.64233576642336
BNBUSDT,2024-12-01,1,0.617283950617284
BNBUSDT,2024-12-02,7,2.1324380105556866
BNBUSDT,2024-12-03,5,0.41426257666991162
BNBUSDT,2024-12-04,8,1.2281976939106265
BNBUSDT,2024-12-05,4,0.4163967970069562
BNBUSDT,2024-12-06,5,1.7898888519939269
BNBUSDT,2024-12-07,1,6.62997903563941
BNBUSDT,2024-12-09,7,1.6947668094569261
BNBUSDT,2024-12-10,4,1.8301667332834652
BNBUSDT,2024-12-11,5,0.87542857141716646
BNBUSDT,2024-12-12,6,3.1203000472336457
BNBUSDT,2024-12-13,4,2.0418577744903987
BNBUSDT,2024-12-14,2,0.97798331986186016
BNBUSDT,2024-12-15,2,4.2290590054385646
BNBUSDT,2024-12-16,4,0.69782917848520842
BNBUSDT,2024-12-17,4,2.1105332014071525
BNBUSDT,2024-12-18,2,6.20442646948052
BNBUSDT,2024-12-19,6,1.2836526836807338
BNBUSDT,2024-12-20,4,-0.043072778088092845
BNBUSDT,2024-12-21,4,3.5887941303485698
BNBUSDT,2024-12-22,1,4.77453580901857
BNBUSDT,2024-12-23,2,6.2586472923044951
BNBUSDT,2024-12-24,3,1.7575881934434334
BNBUSDT,2024-12-25,1,-1.0752688172043
BNBUSDT,2024-12-26,2,6.23741467576792
BNBUSDT,2024-12-27,3,2.5326104671835767
BNBUSDT,2024-12-28,3,2.2195572060633033
BNBUSDT,2024-12-30,3,2.5668064271371964
BNBUSDT,2024-12-31,1,-1.10294117647059
BNBUSDT,2025-01-01,4,2.0341468943753478
BNBUSDT,2025-01-02,1,5.13833992094862
BNBUSDT,2025-01-03,6,3.663295009335902
BNBUSDT,2025-01-04,1,2.96127562642369
BNBUSDT,2025-01-05,2,2.31962607528218
BNBUSDT,2025-01-06,1,-1.28730251609128
BNBUSDT,2025-01-07,4,2.5919551761980673
BNBUSDT,2025-01-08,10,2.5598107823468212
BNBUSDT,2025-01-09,6,1.6512736241916379
BNBUSDT,2025-01-10,4,-0.69920623374896629
BNBUSDT,2025-01-11,2,2.76889530719022
BNBUSDT,2025-01-12,2,1.7926225820962651
BNBUSDT,2025-01-13,3,3.3203818996858097
BNBUSDT,2025-01-14,5,0.95305803364440211
BNBUSDT,2025-01-15,2,1.755832275990084
BNBUSDT,2025-01-16,2,3.9762146898058752
BNBUSDT,2025-01-17,3,2.6509154563564996
BNBUSDT,2025-01-18,2,2.2494283576853649
BNBUSDT,2025-01-19,3,3.908177486238
BNBUSDT,2025-01-20,6,2.1549878046921664
BNBUSDT,2025-01-21,4,4.1248724319438175
BNBUSDT,2025-01-22,6,4.6724809145002135
BNBUSDT,2025-01-24,1,2.21498371335505
BNBUSDT,2025-01-27,2,-0.67007771378374859
BNBUSDT,2025-01-28,3,0.34440069326019696
BNBUSDT,2025-01-29,2,3.2352941176470598
BNBUSDT,2025-01-30,1,1.94174757281553
BNBUSDT,2025-01-31,2,0.35448422545197
BNBUSDT,2025-02-01,1,1.73913043478261
BNBUSDT,2025-02-02,1,1.64533820840951
BNBUSDT,2025-02-04,2,0.67323832994035449
BNBUSDT,2025-02-05,5,-0.046864164729894409
BNBUSDT,2025-02-06,6,2.0865987650186382
BNBUSDT,2025-02-07,3,3.9142483502965266
BNBUSDT,2025-02-08,1,2.36794171220401
BNBUSDT,2025-02-09,2,3.6434954785824503
BNBUSDT,2025-02-10,2,0.72827417380660942
BNBUSDT,2025-02-12,2,0.422705314009662
BNBUSDT,2025-02-13,6,-0.84991217987116507
BNBUSDT,2025-02-14,3,5.13885085248189
BNBUSDT,2025-02-16,1,0.180831826401447
BNBUSDT,2025-02-17,2,6.61088824007234
BNBUSDT,2025-02-18,3,-0.44813799460639991
BNBUSDT,2025-02-19,1,2.03918432626949
BNBUSDT,2025-02-20,1,-5.81395348837209
BNBUSDT,2025-02-21,3,2.5734642908940426
BNBUSDT,2025-02-22,6,2.5113799852915353
BNBUSDT,2025-02-23,3,-1.8482866937035407
BNBUSDT,2025-02-24,5,0.77685750969281575
BNBUSDT,2025-02-25,5,1.5895736443804482
BNBUSDT,2025-02-26,4,2.4826710668353975
BNBUSDT,2025-02-27,1,3.00500834724541
BNBUSDT,2025-02-28,1,3.57142857142857
BNBUSDT,2025-03-02,2,0.49331756059500342
BNBUSDT,2025-03-03,4,1.7293655453103822
BNBUSDT,2025-03-04,3,-0.87043989528097232
BNBUSDT,2025-03-05,1,-2.22672064777328
BNBUSDT,2025-03-06,1,2.6694045174538
BNBUSDT,2025-03-07,1,0.598205383848454
BNBUSDT,2025-03-08,1,5.44624033731553
BNBUSDT,2025-03-09,2,1.8341307814992049
BNBUSDT,2025-03-10,1,1.67014613778706
BNBUSDT,2025-03-11,3,2.6617935285400551
BNBUSDT,2025-03-12,1,3.22234156820623
BNBUSDT,2025-03-13,2,7.80427697486175
BNBUSDT,2025-03-14,4,0.7097387668905466
BNBUSDT,2025-03-15,2,1.7246545959245476
BNBUSDT,2025-03-16,1,2.57510729613734
BNBUSDT,2025-03-17,5,3.2020739797424347
BNBUSDT,2025-03-18,3,1.8460790332018149
BNBUSDT,2025-03-19,1,1.13154172560113
BNBUSDT,2025-03-20,2,0.869565217391305
BNBUSDT,2025-03-22,3,0.6848064907029614
BNBUSDT,2025-03-24,1,0.847953216374269
BNBUSDT,2025-03-25,2,1.1981714418821321
BNBUSDT,2025-03-26,2,1.6817410966647799
BNBUSDT,2025-03-28,2,0.0
BNBUSDT,2025-03-29,3,-0.14731604201547072
BNBUSDT,2025-03-30,1,3.39181286549708
BNBUSDT,2025-03-31,4,0.79065037975738628
BNBUSDT,2025-04-01,1,5.81613508442777
BNBUSDT,2025-04-02,6,1.623833275513465
BNBUSDT,2025-04-03,6,0.70028341370036529
BNBUSDT,2025-04-04,2,-2.1250645327826563
BNBUSDT,2025-04-05,2,-2.1166896085392071
BNBUSDT,2025-04-06,3,-2.7083340619473466
BNBUSDT,2025-04-07,2,-1.2124843593042347
BNBUSDT,2025-04-08,3,2.357035687941293
BNBUSDT,2025-04-09,2,5.5873992264318
BNBUSDT,2025-04-10,1,-4.76190476190476
BNBUSDT,2025-04-11,2,0.92189599348031959
BNBUSDT,2025-04-17,1,-0.643500643500644
BNBUSDT,2025-04-18,2,-0.87202397497384743
BNBUSDT,2025-04-19,1,4.54861111111111
BNBUSDT,2025-04-22,2,4.57714799820063
BNBUSDT,2025-04-23,2,2.8754467455965722
BNBUSDT,2025-04-24,6,5.3590104281854405
BNBUSDT,2025-04-25,1,3.88739946380697
BNBUSDT,2025-04-26,1,1.91538021726701
BNBUSDT,2025-04-28,3,5.8774083314798968
BNBUSDT,2025-04-29,2,4.58660380004505
BNBUSDT,2025-04-30,3,2.78282701946506
BNBUSDT,2025-05-01,3,2.2107068398730867
BNBUSDT,2025-05-02,3,3.0264805369673398
BNBUSDT,2025-05-05,5,2.6426295066976642
BNBUSDT,2025-05-06,6,1.1301155019067128
BNBUSDT,2025-05-07,2,4.0267592651636743
BNBUSDT,2025-05-08,4,2.6108199515887671
BNBUSDT,2025-05-09,3,3.6382845644007964
BNBUSDT,2025-05-10,3,1.8626271317607999
BNBUSDT,2025-05-11,1,0.633484162895928
BNBUSDT,2025-05-12,1,2.73224043715847
BNBUSDT,2025-05-13,2,5.88758361886115
BNBUSDT,2025-05-14,1,2.26757369614512
BNBUSDT,2025-05-15,7,2.6969986612257828
BNBUSDT,2025-05-16,3,3.2021235805143107
BNBUSDT,2025-05-17,3,6.38027605349451
BNBUSDT,2025-05-19,4,4.3189013045313551
BNBUSDT,2025-05-20,3,5.6325287024990969
BNBUSDT,2025-05-21,3,0.86870809608257671
BNBUSDT,2025-05-22,3,5.9537694094574469
BNBUSDT,2025-05-23,3,3.95462871018872
BNBUSDT,2025-05-24,1,4.33996383363472
BNBUSDT,2025-05-26,1,1.54559505409583
BNBUSDT,2025-05-27,1,0.625
BNBUSDT,2025-05-28,2,1.7628460598331483
BNBUSDT,2025-05-29,1,7.76214253290967
BNBUSDT,2025-05-30,4,2.0471042447839571
BNBUSDT,2025-05-31,1,-1.99556541019956
BNBUSDT,2025-06-01,3,0.7285340408595431
BNBUSDT,2025-06-02,1,0.646551724137931
BNBUSDT,2025-06-03,3,2.8877042977702221
BNBUSDT,2025-06-07,2,3.2278153788306048
BNBUSDT,2025-06-08,2,1.0942896224629401
BNBUSDT,2025-06-09,1,-0.297619047619048
BNBUSDT,2025-06-10,1,1.67364016736402
BNBUSDT,2025-06-11,1,0.864361702127659
BNBUSDT,2025-06-12,1,0.867410161090459
BNBUSDT,2025-06-13,2,2.5534459796581657
BNBUSDT,2025-07-02,1,6.11260053619303
BNBUSDT,2025-07-03,1,3.95337050177395
BNBUSDT,2025-07-04,3,1.85627016952379
BNBUSDT,2025-07-05,1,2.5
BNBUSDT,2025-07-07,1,0.814332247557003
BNBUSDT,2025-07-08,2,3.04789550072569
BNBUSDT,2025-07-09,3,2.0132354079209103
BNBUSDT,2025-07-10,2,2.1963289820432648
BNBUSDT,2025-07-11,4,3.2800312792212081
BNBUSDT,2025-07-16,1,-2.12389380530973
BNBUSDT,2025-07-17,3,3.3404859919676366
BNBUSDT,2025-07-19,2,1.317234813811285
BNBUSDT,2025-07-20,1,2.22446916076845
BNBUSDT,2025-07-21,1,1.46520146520147
BNBUSDT,2025-07-22,1,1.28755364806867
BNBUSDT,2025-07-23,4,0.73243172108125854
BNBUSDT,2025-07-24,3,0.12338209667688604
BNBUSDT,2025-07-25,5,2.6331144846631811
BNBUSDT,2025-07-26,2,2.3922436909121547
BNBUSDT,2025-07-27,5,3.18350116600442
BNBUSDT,2025-07-28,14,2.0350018354478707
BNBUSDT,2025-07-29,9,1.8037712680915687
BNBUSDT,2025-07-30,6,2.4491453088001092
BNBUSDT,2025-08-01,4,1.5337828254913437
BNBUSDT,2025-08-03,1,1.42095914742451
BNBUSDT,2025-08-04,4,0.24782346053047244
BNBUSDT,2025-08-05,3,2.0014293818877302
BNBUSDT,2025-08-06,4,1.0942894249613115
BNBUSDT,2025-08-07,1,-0.294985250737463
BNBUSDT,2025-08-08,1,0.851581508515815
BNBUSDT,2025-08-09,2,1.5630863039399649
BNBUSDT,2025-08-10,1,1.99600798403194
BNBUSDT,2025-08-11,9,3.1552465595655477
BNBUSDT,2025-08-12,1,4.02892561983471
BNBUSDT,2025-08-13,4,0.86453466494230469
BNBUSDT,2025-08-14,7,3.0240678167238886
BNBUSDT,2025-08-15,2,1.1651992820945565
BNBUSDT,2025-08-16,1,-2.09302325581395
BNBUSDT,2025-08-18,3,4.2406241982662536
BNBUSDT,2025-08-19,2,1.0722545079064389
BNBUSDT,2025-08-20,3,3.03233289585246
BNBUSDT,2025-08-21,3,0.66788457148785951
BNBUSDT,2025-08-22,6,2.7014369935896014
BNBUSDT,2025-08-23,3,0.974328192706648
BNBUSDT,2025-08-24,2,1.6993358297505123
BNBUSDT,2025-08-25,1,2.19435736677116
BNBUSDT,2025-08-26,11,3.0241740661570065
BNBUSDT,2025-08-27,5,3.6087436193617819
BNBUSDT,2025-08-28,3,1.78724971472368
BNBUSDT,2025-08-29,4,2.7234273554675053
BNBUSDT,2025-08-30,1,-2.66393442622951
BNBUSDT,2025-08-31,3,1.1097389082018068
BNBUSDT,2025-09-01,5,1.668672718079975
BNBUSDT,2025-09-02,3,2.4412910434856867
BNBUSDT,2025-09-03,7,1.7102849760999039
BNBUSDT,2025-09-04,3,0.99844203842699664
BNBUSDT,2025-09-05,2,0.99850500634429851
BNBUSDT,2025-09-06,4,0.21464805709980006
BNBUSDT,2025-09-08,1,1.76565008025682
BNBUSDT,2025-09-09,1,0.635593220338983
BNBUSDT,2025-09-10,5,2.263112514370814
BNBUSDT,2025-09-11,4,4.4562626308078723
BNBUSDT,2025-09-12,3,3.4822491403824372
BNBUSDT,2025-09-13,1,1.72413793103448
BNBUSDT,2025-09-14,1,3.01418439716312
BNBUSDT,2025-09-15,3,3.68159057962479
BNBUSDT,2025-09-16,3,1.4441834540358309
BNBUSDT,2025-09-17,6,1.0787720760415045
BNBUSDT,2025-09-18,8,2.032533407913959
BNBUSDT,2025-09-19,2,1.985218350876595
BNBUSDT,2025-09-20,1,0.99009900990099
BNBUSDT,2025-09-21,2,1.357389750116492
BNBUSDT,2025-09-22,6,1.28320599235592
BNBUSDT,2025-09-23,5,2.2431788839936653
BNBUSDT,2025-09-24,9,-1.3613210340379114
BNBUSDT,2025-09-25,8,1.2218672173875387
BNBUSDT,2025-09-26,6,4.5186098012938434
BNBUSDT,2025-09-27,3,0.8210934312525513
BNBUSDT,2025-09-28,2,0.780929379873426
BNBUSDT,2025-09-29,7,1.1339579829618986
BNBUSDT,2025-09-30,3,0.500720132992716
BNBUSDT,2025-10-01,3,1.1163720922343989
BNBUSDT,2025-10-02,3,1.8513125648135333
BNBUSDT,2025-10-03,6,1.8607437387817978
BNBUSDT,2025-10-04,2,3.1486301293134051
BNBUSDT,2025-10-05,1,-0.68886337543054
BNBUSDT,2025-10-06,4,2.3157100265503754
BNBUSDT,2025-10-07,9,0.012914619407461081
BNBUSDT,2025-10-08,10,1.8765764559622951
BNBUSDT,2025-10-09,10,0.79560504148010147
BNBUSDT,2025-10-10,14,0.85469930016731632
BNBUSDT,2025-10-11,2,-4.7498153618906951
BNBUSDT,2025-10-12,4,-3.6399750145773448
BNBUSDT,2025-10-13,8,0.60869582983990789
BNBUSDT,2025-10-14,7,0.46330982961751732
BNBUSDT,2025-10-15,1,-4.67836257309941
BNBUSDT,2025-10-16,2,2.296563077232225
BNBUSDT,2025-10-17,14,-1.4225407044814633
BNBUSDT,2025-10-18,1,1.77705977382876
BNBUSDT,2025-10-19,2,-1.344149758945
BNBUSDT,2025-10-20,3,0.43622494047238858
BNBUSDT,2025-10-21,10,1.6981984191098571
BNBUSDT,2025-10-22,3,0.90502661049696931
BNBUSDT,2025-10-23,5,1.8582823845005692
BNBUSDT,2025-10-24,8,2.3642887178428911
BNBUSDT,2025-10-25,3,0.12500121623555982
BNBUSDT,2025-10-26,2,1.1381317351466589
BNBUSDT,2025-10-27,5,1.4843136229401708
BNBUSDT,2025-10-28,2,-0.058053055677428023
BNBUSDT,2025-10-30,1,0.9506564056134
BNBUSDT,2025-10-31,5,2.0757137592597852
BNBUSDT,2025-11-01,3,3.64833186615365
BNBUSDT,2025-11-02,2,-0.728325728325725
BNBUSDT,2025-11-03,7,1.0050840301704271
BNBUSDT,2025-11-04,5,1.7106334525960947
BNBUSDT,2025-11-05,4,0.37703814822828519
BNBUSDT,2025-11-06,2,-0.49140049140049152
BNBUSDT,2025-11-07,7,2.3819318891524
BNBUSDT,2025-11-08,3,2.3590161411407262
BNBUSDT,2025-11-11,2,1.6954537772519855
BNBUSDT,2025-11-12,2,1.6987542468856149
BNBUSDT,2025-11-13,3,0.68324855531195006
BNBUSDT,2025-11-14,2,5.9277757115279046
BNBUSDT,2025-11-18,5,-2.1678029014005515
BNBUSDT,2025-11-19,5,4.0055340583818237
BNBUSDT,2025-11-20,2,1.8334985133795849
BNBUSDT,2025-11-21,6,3.2947084063084997
BNBUSDT,2025-11-22,2,-2.2971065631616048
BNBUSDT,2025-11-23,1,-3.74531835205993
BNBUSDT,2025-11-25,2,5.1726291465864493
BNBUSDT,2025-11-26,5,4.74375975203059
BNBUSDT,2025-11-27,2,-5.62913907284768
BNBUSDT,2025-11-28,3,-0.076190476190476
BNBUSDT,2025-11-29,1,-0.986842105263158
BNBUSDT,2025-11-30,3,1.3287944734460302
BNBUSDT,2025-12-01,5,-4.05532625197628
BNBUSDT,2025-12-02,2,0.054836447731050009
BNBUSDT,2025-12-03,1,-2.89855072463768
BNBUSDT,2025-12-05,1,-1.19298245614035
BNBUSDT,2025-12-06,8,-0.26206977695933376
BNBUSDT,2025-12-07,2,2.73972602739726
BNBUSDT,2025-12-08,1,2.36417367583542
BNBUSDT,2025-12-09,5,4.6919061714394559
BNBUSDT,2025-12-10,1,4.47761194029851
BNBUSDT,2025-12-11,12,-3.487550889266096
BNBUSDT,2025-12-13,1,3.2
BNBUSDT,2025-12-14,1,3.60576923076923
BNBUSDT,2025-12-15,2,5.03090114077729
BNBUSDT,2025-12-16,3,-1.1511769883862906
BNBUSDT,2025-12-17,1,0.0
BNBUSDT,2025-12-18,1,3.60824742268041
BNBUSDT,2025-12-19,2,2.05722891566265
BNBUSDT,2025-12-24,1,-4.46927374301676
BNBUSDT,2025-12-26,1,1.1090573012939
BNBUSDT,2025-12-27,1,1.40845070422535
BNBUSDT,2025-12-29,1,2.02898550724638
BNBUSDT,2026-01-02,2,9.28776593155153
BNBUSDT,2026-01-05,1,4.50928381962865
BNBUSDT,2026-01-06,4,0.12307362988271653
BNBUSDT,2026-01-07,1,2.7027027027027
BNBUSDT,2026-01-08,2,2.4388952096983
BNBUSDT,2026-01-09,5,1.1111026529258874
BNBUSDT,2026-01-11,1,0.64
BNBUSDT,2026-01-12,5,0.2508214011792913
BNBUSDT,2026-01-13,2,-0.25955875012479057
BNBUSDT,2026-01-15,2,1.8466173947763593
BNBUSDT,2026-01-16,10,-1.5254136261648068
BNBUSDT,2026-01-20,1,1.47329650092081
BNBUSDT,2026-01-21,3,-1.4715513069756199
BNBUSDT,2026-01-23,2,-0.33674482670254346
BNBUSDT,2026-01-24,5,1.5563273391296351
BNBUSDT,2026-01-26,1,1.10497237569061
BNBUSDT,2026-01-28,2,1.7689584777030665
BNBUSDT,2026-01-29,2,-1.57278712509144
BNBUSDT,2026-01-30,1,-1.70068027210884
BNBUSDT,2026-02-01,1,-8.33333333333333
BNBUSDT,2026-02-02,1,-3.20855614973262
BNBUSDT,2026-02-03,3,-0.48859934853420334
BNBUSDT,2026-02-04,1,2.6123301985371
BNBUSDT,2026-02-05,2,-2.3287962879249631
BNBUSDT,2026-02-06,5,1.819968911571582
BNBUSDT,2026-02-07,10,0.38033261026753262
BNBUSDT,2026-02-10,1,2.65392781316348
BNBUSDT,2026-02-11,1,-1.33779264214047
BNBUSDT,2026-02-13,5,6.4454522978026336
BNBUSDT,2026-02-14,3,3.3974358974359
BNBUSDT,2026-02-16,1,-2.66666666666667
BNBUSDT,2026-02-17,1,1.47058823529412
BNBUSDT,2026-02-20,1,-4.65116279069767
BNBUSDT,2026-02-21,1,-3.98009950248756
BNBUSDT,2026-02-22,2,-2.7952149369388
BNBUSDT,2026-02-23,2,-0.52790346907994
BNBUSDT,2026-02-26,2,-1.71234441018614
BNBUSDT,2026-02-27,1,0.778642936596218
BNBUSDT,2026-03-04,1,3.52697095435685
BNBUSDT,2026-03-08,4,0.908458794364833
BNBUSDT,2026-03-11,1,0.511945392491467
BNBUSDT,2026-03-15,1,0.0
BNBUSDT,2026-03-16,2,2.7714942260356379
BNBUSDT,2026-03-18,1,4.14883108330589
BNBUSDT,2026-03-19,1,-4.21940928270042
BNBUSDT,2026-03-24,3,1.70802530087881
BNBUSDT,2026-03-25,2,1.56998158379374
BNBUSDT,2026-03-26,1,2.36742424242424
BNBUSDT,2026-03-27,1,0.821018062397373
BNBUSDT,2026-04-04,1,0.958904109589041
BNBUSDT,2026-04-05,2,2.56410256410256
BNBUSDT,2026-04-07,2,-1.28205128205128
BNBUSDT,2026-04-08,1,-8.16326530612245
BNBUSDT,2026-04-09,1,-8.16326530612245
BNBUSDT,2026-04-10,1,-1.28205128205128
BNBUSDT,2026-04-11,1,-1.28205128205128
BNBUSDT,2026-04-13,2,2.031007751937985
BNBUSDT,2026-04-16,2,-0.13851307821157
BNBUSDT,2026-04-17,2,2.62708426738402
BNBUSDT,2026-04-18,2,-1.28205128205128
BNBUSDT,2026-04-19,2,-1.28205128205128
BNBUSDT,2026-04-20,4,-0.66296243948977
BNBUSDT,2026-04-21,1,-1.28205128205128
BNBUSDT,2026-04-22,1,-1.28205128205128
BNBUSDT,2026-04-24,1,-1.28205128205128
BNBUSDT,2026-04-26,5,-0.512820512820512
BNBUSDT,2026-04-28,1,2.23978919631094
BNBUSDT,2026-04-29,1,-0.501253132832081
BNBUSDT,2026-05-01,4,-0.67745643633154751
BNBUSDT,2026-05-03,1,-1.28205128205128
BNBUSDT,2026-05-04,1,-1.28205128205128
BNBUSDT,2026-05-05,3,-1.3176638176638167
BNBUSDT,2026-05-07,2,-0.555701408943729
BNBUSDT,2026-05-08,1,-1.28205128205128
BNBUSDT,2026-05-11,1,-1.28205128205128
BNBUSDT,2026-05-12,3,0.098389943150616666
BNBUSDT,2026-05-15,2,1.1858589169306959
BNBUSDT,2026-05-17,1,0.664136622390892
BNBUSDT,2026-05-18,1,-1.28205128205128
BNBUSDT,2026-05-20,2,-1.3387000596302898
BNBUSDT,2026-05-21,2,1.0289154198780952
BNBUSDT,2026-05-22,2,0.44388001935172006
BNBUSDT,2026-05-23,1,-0.710900473933649
BNBUSDT,2026-05-25,4,8.4457209457209554
BNBUSDT,2026-05-27,1,1.73985086992543
BNBUSDT,2026-05-28,1,-0.505050505050505
BNBUSDT,2026-05-29,2,0.0
BNBUSDT,2026-05-30,1,0.493096646942801
BNBUSDT,2026-05-31,1,-1.28205128205128
BNBUSDT,2026-06-01,1,1.45454545454545
BNBUSDT,2026-06-03,2,-2.6073177758570996
BNBUSDT,2026-06-04,1,-3.18949343339587
BNBUSDT,2026-06-05,3,1.8903856855184864
BNBUSDT,2026-06-06,1,-1.28205128205128
BNBUSDT,2026-06-07,1,0.70281124497992
BNBUSDT,2026-06-10,1,1.50068212824011
BNBUSDT,2026-06-15,2,-1.28205128205128
BNBUSDT,2026-06-16,1,-1.28205128205128
BNBUSDT,2026-06-17,1,1.66666666666667
BNBUSDT,2026-06-21,1,-1.80360721442886
BNBUSDT,2026-06-24,2,0.067530144548559878
BNBUSDT,2026-06-26,2,-0.45607057802179551
BNBUSDT,2026-07-02,1,3.41880341880342
BNBUSDT,2026-07-04,1,-1.26315789473684
BNBUSDT,2026-07-06,1,-2.01302545885139
BNBUSDT,2026-07-08,1,-4.2720139494333
BNBUSDT,2026-07-10,1,6.33579725448786
BNBUSDT,2026-07-11,1,1.46750524109015
BNBUSDT,2026-07-15,10,4.4577041226179617
BNBUSDT,2026-07-22,1,-0.245499181669394
BTCUSDT,2017-01-01,28,-0.526573766725809
BTCUSDT,2017-01-02,183,-0.44857548781214029
BTCUSDT,2017-01-03,188,-0.49542364628964158
BTCUSDT,2017-01-04,127,-0.54827001503923467
BTCUSDT,2017-01-05,201,-0.97825136158862414
BTCUSDT,2017-01-06,146,-0.91723044121719244
BTCUSDT,2017-01-07,59,-0.92320671002464039
BTCUSDT,2017-01-08,50,-0.12387998861249919
BTCUSDT,2017-01-09,69,-1.1302700895690099
BTCUSDT,2017-01-10,84,-0.2118974479544985
BTCUSDT,2017-01-11,149,-1.4824088489890737
BTCUSDT,2017-01-12,177,-1.8301516323091251
BTCUSDT,2017-01-13,66,-1.6179083713303128
BTCUSDT,2017-01-14,27,-0.83574084254362291
BTCUSDT,2017-01-15,45,-0.24394361759951355
BTCUSDT,2017-01-16,40,-0.86370371024232007
BTCUSDT,2017-01-17,70,-0.63736586318672694
BTCUSDT,2017-01-18,54,-1.3388050541144352
BTCUSDT,2017-01-19,55,-0.69396159386569445
BTCUSDT,2017-01-20,74,-0.16609858734109034
BTCUSDT,2017-01-21,32,0.31679732980177905
BTCUSDT,2017-01-22,33,-0.27127562950307854
BTCUSDT,2017-01-23,37,-0.93255953917322931
BTCUSDT,2017-01-24,67,-0.30772093656819055
BTCUSDT,2017-01-25,44,-1.0409195580777442
BTCUSDT,2017-01-26,65,0.077797119538767612
BTCUSDT,2017-01-27,53,-0.2671832050063358
BTCUSDT,2017-01-28,21,-0.80553330885030716
BTCUSDT,2017-01-29,22,-0.94880369154406141
BTCUSDT,2017-01-30,40,-1.2812068709493722
BTCUSDT,2017-01-31,52,-1.8922828350389704
BTCUSDT,2017-02-01,35,0.075166371294980772
BTCUSDT,2017-02-02,57,-0.64145874937562608
BTCUSDT,2017-02-03,57,0.15337822361620962
BTCUSDT,2017-02-04,26,-1.5772573332442503
BTCUSDT,2017-02-05,26,0.16440677264901224
BTCUSDT,2017-02-06,43,-0.29718324085705711
BTCUSDT,2017-02-07,51,-0.41264155494953569
BTCUSDT,2017-02-08,69,-0.95016036570925289
BTCUSDT,2017-02-09,195,-2.7445615694502905
BTCUSDT,2017-02-10,136,-1.4325065113070876
BTCUSDT,2017-02-11,55,-1.522495038736182
BTCUSDT,2017-02-12,32,-1.1305283484952307
BTCUSDT,2017-02-13,69,0.22609378690702281
BTCUSDT,2017-02-14,43,-0.044610911735686792
BTCUSDT,2017-02-15,34,-0.47419959084749375
BTCUSDT,2017-02-16,52,-1.9531343261983771
BTCUSDT,2017-02-17,37,-0.31709434137655729
BTCUSDT,2017-02-18,20,-0.11695749571645372
BTCUSDT,2017-02-19,16,0.9990487604229481
BTCUSDT,2017-02-20,28,-0.97651530349063986
BTCUSDT,2017-02-21,66,0.0498834910289514
BTCUSDT,2017-02-22,71,-0.026228501773143443
BTCUSDT,2017-02-23,57,-0.845459127041752
BTCUSDT,2017-02-24,264,0.484729408074679
BTCUSDT,2017-02-25,39,-0.18125445644677846
BTCUSDT,2017-02-26,34,-0.28533448487824337
BTCUSDT,2017-02-27,69,0.040918497524481887
BTCUSDT,2017-02-28,94,0.21712298757179282
BTCUSDT,2017-03-01,65,0.12266489407974018
BTCUSDT,2017-03-02,106,0.723180256978448
BTCUSDT,2017-03-03,236,0.70887131970944517
BTCUSDT,2017-03-04,134,0.86228593843143864
BTCUSDT,2017-03-05,61,0.96284258229341291
BTCUSDT,2017-03-06,127,-0.380929595402407
BTCUSDT,2017-03-07,76,0.27341595093283411
BTCUSDT,2017-03-08,87,-0.17970764102323644
BTCUSDT,2017-03-09,100,0.58545191273736408
BTCUSDT,2017-03-10,160,-0.95548543649849826
BTCUSDT,2017-03-11,259,-1.424150609210495
BTCUSDT,2017-03-12,72,-1.3441347999705191
BTCUSDT,2017-03-13,142,-1.282810278783914
BTCUSDT,2017-03-14,88,-1.1049101592648973
BTCUSDT,2017-03-15,78,-1.377347230359552
BTCUSDT,2017-03-16,60,-0.49179137064098927
BTCUSDT,2017-03-17,82,-0.74317317964324614
BTCUSDT,2017-03-18,42,-0.46168549132379666
BTCUSDT,2017-03-19,49,-1.0919657916806453
BTCUSDT,2017-03-20,75,-1.6331273773805406
BTCUSDT,2017-03-21,69,-0.36266277876579833
BTCUSDT,2017-03-22,54,-0.743855679091503
BTCUSDT,2017-03-23,115,-2.5744663860419776
BTCUSDT,2017-03-24,47,-1.1328194480407807
BTCUSDT,2017-03-25,27,0.25437086603549575
BTCUSDT,2017-03-26,30,-1.2579327961006781
BTCUSDT,2017-03-27,53,-1.3404342633664144
BTCUSDT,2017-03-28,75,-0.45361782202591189
BTCUSDT,2017-03-29,41,-0.50089675789075461
BTCUSDT,2017-03-30,42,0.072569850033913239
BTCUSDT,2017-03-31,42,-0.44339798157786658
BTCUSDT,2017-04-01,22,-1.5288333917962988
BTCUSDT,2017-04-02,24,-2.021895705702522
BTCUSDT,2017-04-03,50,-0.18923619453831517
BTCUSDT,2017-04-04,42,-1.1976208341814489
BTCUSDT,2017-04-05,60,0.61429585954502464
BTCUSDT,2017-04-06,60,0.18020152462254094
BTCUSDT,2017-04-07,33,-0.36033093925281789
BTCUSDT,2017-04-08,14,-1.1451462877706218
BTCUSDT,2017-04-09,15,0.72699750950073516
BTCUSDT,2017-04-10,50,-0.19429094372087202
BTCUSDT,2017-04-11,61,-0.2680313219598866
BTCUSDT,2017-04-12,81,-0.39424204138733687
BTCUSDT,2017-04-13,69,-0.94574493353928868
BTCUSDT,2017-04-14,60,-0.68465709998732682
BTCUSDT,2017-04-15,38,-0.55207179530391026
BTCUSDT,2017-04-16,30,-0.027927210174257006
BTCUSDT,2017-04-17,37,-0.087866468107923978
BTCUSDT,2017-04-18,50,-1.1763981227542268
BTCUSDT,2017-04-19,51,-0.78071220772380923
BTCUSDT,2017-04-20,43,-0.61146899695003953
BTCUSDT,2017-04-21,48,-0.51111276064837341
BTCUSDT,2017-04-22,37,-0.10857658432477815
BTCUSDT,2017-04-23,26,-0.41973110100418459
BTCUSDT,2017-04-24,50,-0.12601449223900413
BTCUSDT,2017-04-25,54,-1.1561637921929067
BTCUSDT,2017-04-26,80,-0.095954652006153246
BTCUSDT,2017-04-27,64,-0.58497823115171987
BTCUSDT,2017-04-28,52,-0.29645771993951348
BTCUSDT,2017-04-29,29,-2.0291387304828472
BTCUSDT,2017-04-30,33,0.064685271995965
BTCUSDT,2017-05-01,60,-0.0827265699154528
BTCUSDT,2017-05-02,112,0.13812892893920969
BTCUSDT,2017-05-03,86,0.4577228926440568
BTCUSDT,2017-05-04,64,-0.028360454169209334
BTCUSDT,2017-05-05,59,-0.18121045095282096
BTCUSDT,2017-05-06,26,1.380915879809165
BTCUSDT,2017-05-07,32,-0.15073553338976992
BTCUSDT,2017-05-08,50,-0.11453313168242631
BTCUSDT,2017-05-09,109,0.35073246587922546
BTCUSDT,2017-05-10,100,-0.068044301417553257
BTCUSDT,2017-05-11,114,-0.057099871587455678
BTCUSDT,2017-05-12,58,-0.272276888931738
BTCUSDT,2017-05-13,155,-3.8082808450360326
BTCUSDT,2017-05-14,94,-3.5992099688834189
BTCUSDT,2017-05-15,163,-3.2956560072004537
BTCUSDT,2017-05-16,186,-4.0078841325638548
BTCUSDT,2017-05-17,98,-2.1402494970818573
BTCUSDT,2017-05-18,97,-1.746037551371854
BTCUSDT,2017-05-19,108,-1.3343441430608787
BTCUSDT,2017-05-20,58,-1.6139205608958098
BTCUSDT,2017-05-21,115,-0.85469096758357244
BTCUSDT,2017-05-22,337,-0.71961585528420757
BTCUSDT,2017-05-23,522,-0.24626241326863518
BTCUSDT,2017-05-24,200,-0.85284943034738092
BTCUSDT,2017-05-25,262,-1.2006139460805816
BTCUSDT,2017-05-26,170,-0.701118687718313
BTCUSDT,2017-05-27,97,-0.5349590877193009
BTCUSDT,2017-05-28,75,-0.3217287536174368
BTCUSDT,2017-05-29,104,-0.69845155559438921
BTCUSDT,2017-05-30,124,-0.79462590992114712
BTCUSDT,2017-05-31,140,-0.575686924718236
BTCUSDT,2017-06-01,138,-0.73182334718492459
BTCUSDT,2017-06-02,250,-0.090595227005293641
BTCUSDT,2017-06-03,118,-0.324712021750885
BTCUSDT,2017-06-04,95,-0.48929116651669913
BTCUSDT,2017-06-05,150,-0.13980351262650126
BTCUSDT,2017-06-06,182,0.0707084608542768
BTCUSDT,2017-06-07,148,0.042851532632891015
BTCUSDT,2017-06-08,95,0.060929206572256416
BTCUSDT,2017-06-09,82,-0.12544699702327328
BTCUSDT,2017-06-10,29,-1.0930523834885315
BTCUSDT,2017-06-11,56,0.12700882043324674
BTCUSDT,2017-06-12,138,0.45604124931015738
BTCUSDT,2017-06-13,150,-0.23577986440686621
BTCUSDT,2017-06-14,121,-0.28232990057163571
BTCUSDT,2017-06-15,138,-1.6583164013034986
BTCUSDT,2017-06-16,140,-1.0392610337839561
BTCUSDT,2017-06-17,52,-1.5429946185171988
BTCUSDT,2017-06-18,93,-0.39138141226712125
BTCUSDT,2017-06-19,125,-0.8255954780238669
BTCUSDT,2017-06-20,98,-0.34602504812220181
BTCUSDT,2017-06-21,91,-0.2474086415838313
BTCUSDT,2017-06-22,93,-0.095072655386594471
BTCUSDT,2017-06-23,98,0.39996517805101578
BTCUSDT,2017-06-24,48,-0.52116493380306028
BTCUSDT,2017-06-25,55,0.14707783095830607
BTCUSDT,2017-06-26,70,-0.36895735368203214
BTCUSDT,2017-06-27,134,-0.078899196527319429
BTCUSDT,2017-06-28,249,-1.5262209714832198
BTCUSDT,2017-06-29,97,-0.88115276445054547
BTCUSDT,2017-06-30,108,-0.60995916262277672
BTCUSDT,2017-07-01,56,-1.7693135167379235
BTCUSDT,2017-07-02,55,-1.3709427771692555
BTCUSDT,2017-07-03,94,-1.1552361288227486
BTCUSDT,2017-07-04,62,-0.8451745508120283
BTCUSDT,2017-07-05,71,-2.3122351326202293
BTCUSDT,2017-07-06,90,-1.3456155121144813
BTCUSDT,2017-07-07,67,-0.46575962225339707
BTCUSDT,2017-07-08,32,1.0395395099692535
BTCUSDT,2017-07-09,45,-1.1797197462245301
BTCUSDT,2017-07-10,81,-0.016809649712456298
BTCUSDT,2017-07-11,122,-1.0801268599926002
BTCUSDT,2017-07-12,120,-0.66531099480698919
BTCUSDT,2017-07-13,116,0.15001228245059853
BTCUSDT,2017-07-14,117,-0.082950505496708377
BTCUSDT,2017-07-15,52,-0.70768612497471106
BTCUSDT,2017-07-16,44,-1.0836672651162051
BTCUSDT,2017-07-17,129,-0.61736493899768274
BTCUSDT,2017-07-18,121,-0.90564038506341071
BTCUSDT,2017-07-19,115,-1.3468154722429555
BTCUSDT,2017-07-20,96,-1.1269925950344284
BTCUSDT,2017-07-21,108,-0.39211596809423233
BTCUSDT,2017-07-22,112,-0.83436909579123653
BTCUSDT,2017-07-23,77,-0.35268086974525992
BTCUSDT,2017-07-24,128,-0.602699000170648
BTCUSDT,2017-07-25,144,0.051941505891088022
BTCUSDT,2017-07-26,145,-1.2538806390634072
BTCUSDT,2017-07-27,188,-2.229448848013416
BTCUSDT,2017-07-28,135,-1.006365988396662
BTCUSDT,2017-07-29,69,-1.3858870579575659
BTCUSDT,2017-07-30,66,-0.60162320271944991
BTCUSDT,2017-07-31,185,-0.97032847216850682
BTCUSDT,2017-08-01,435,-1.1136692415469964
BTCUSDT,2017-08-02,608,-0.659210130085976
BTCUSDT,2017-08-03,382,-0.51277055053113541
BTCUSDT,2017-08-04,229,-1.4296233262963125
BTCUSDT,2017-08-05,151,-0.45335355078284
BTCUSDT,2017-08-06,135,-0.72251229374211168
BTCUSDT,2017-08-07,390,-0.68117549343871975
BTCUSDT,2017-08-08,244,-0.37899519409112858
BTCUSDT,2017-08-09,193,-0.20875704738124945
BTCUSDT,2017-08-10,171,-1.1489556244546486
BTCUSDT,2017-08-11,217,-0.73324582750000944
BTCUSDT,2017-08-12,74,-0.979919666901799
BTCUSDT,2017-08-13,289,-0.99121922841694221
BTCUSDT,2017-08-14,447,-0.53636140765106488
BTCUSDT,2017-08-15,281,-0.13685216511545753
BTCUSDT,2017-08-16,233,-0.056288022689102449
BTCUSDT,2017-08-17,282,-0.61237144875148153
BTCUSDT,2017-08-18,192,-0.81607795305848452
BTCUSDT,2017-08-19,114,-0.26886161263687869
BTCUSDT,2017-08-20,105,0.12317256307532223
BTCUSDT,2017-08-21,200,0.10279583304841321
BTCUSDT,2017-08-22,178,-0.36148628721568327
BTCUSDT,2017-08-23,116,-0.3087382411180154
BTCUSDT,2017-08-24,67,-0.29025105824589986
BTCUSDT,2017-08-25,106,-0.29556948512931425
BTCUSDT,2017-08-26,64,-1.1070973144731493
BTCUSDT,2017-08-27,118,-0.73718757679061786
BTCUSDT,2017-08-28,130,-1.524557053435172
BTCUSDT,2017-08-30,127,-0.68891042216976051
BTCUSDT,2017-08-31,171,-0.47645750019975719
BTCUSDT,2017-09-01,203,-0.20673187594941786
BTCUSDT,2017-09-02,187,-0.58264205118855961
BTCUSDT,2017-09-03,120,-1.1988820991131459
BTCUSDT,2017-09-04,287,-1.1521154523332646
BTCUSDT,2017-09-05,312,-0.98806426392843472
BTCUSDT,2017-09-06,202,-0.41902074324789579
BTCUSDT,2017-09-07,206,-0.61490976769360428
BTCUSDT,2017-09-08,176,-1.0694366525359646
BTCUSDT,2017-09-09,99,-1.1580682270754554
BTCUSDT,2017-09-10,111,-0.9771319531363214
BTCUSDT,2017-09-11,247,-1.5086544754162554
BTCUSDT,2017-09-12,241,-1.5263128349162511
BTCUSDT,2017-09-13,396,-2.4147345248528991
BTCUSDT,2017-09-14,481,-2.3751169981579783
BTCUSDT,2017-09-15,482,-1.9383850441270374
BTCUSDT,2017-09-16,187,-1.4663237415190595
BTCUSDT,2017-09-17,192,-1.3127898255958108
BTCUSDT,2017-09-18,355,-1.2165536998573756
BTCUSDT,2017-09-19,309,-0.7856485927878003
BTCUSDT,2017-09-20,228,-0.7664533885050977
BTCUSDT,2017-09-21,275,-0.88087803000520026
BTCUSDT,2017-09-22,282,-0.75243055659782043
BTCUSDT,2017-09-23,112,-0.8265798094707153
BTCUSDT,2017-09-24,82,-0.14252628214872595
BTCUSDT,2017-09-25,202,-0.37231126200109033
BTCUSDT,2017-09-26,291,-0.41880396156198973
BTCUSDT,2017-09-27,391,-0.83605972720637511
BTCUSDT,2017-09-28,244,-0.46119554627519771
BTCUSDT,2017-09-29,237,-1.2361373510546152
BTCUSDT,2017-09-30,175,-0.26870158514546966
BTCUSDT,2017-10-01,118,-0.94007919041215582
BTCUSDT,2017-10-02,151,-0.52935630873361
BTCUSDT,2017-10-03,153,-0.511827781100922
BTCUSDT,2017-10-04,233,-0.52623069675682854
BTCUSDT,2017-10-05,121,-0.90691283383297538
BTCUSDT,2017-10-06,164,-1.0420584181250716
BTCUSDT,2017-10-07,96,-0.29956735316343414
BTCUSDT,2017-10-08,95,-0.00917961050653833
BTCUSDT,2017-10-09,158,-0.70978474753339349
BTCUSDT,2017-10-10,262,-0.8920681236383996
BTCUSDT,2017-10-11,209,-0.49302466812018697
BTCUSDT,2017-10-12,530,-0.63902423061429015
BTCUSDT,2017-10-13,482,-0.36235587931427715
BTCUSDT,2017-10-14,133,-0.36822939923461828
BTCUSDT,2017-10-15,123,-0.77205709478750639
BTCUSDT,2017-10-16,220,-1.0940777164453084
BTCUSDT,2017-10-17,221,-0.6693829019465416
BTCUSDT,2017-10-18,152,-0.2566356834664501
BTCUSDT,2017-10-19,169,0.29477918252717206
BTCUSDT,2017-10-20,274,-0.79574504209348951
BTCUSDT,2017-10-21,200,-0.29963013138713612
BTCUSDT,2017-10-22,161,-0.0084893790420241932
BTCUSDT,2017-10-23,294,-0.033576857548289277
BTCUSDT,2017-10-24,306,-0.16267665232493589
BTCUSDT,2017-10-25,258,-0.31453573684304426
BTCUSDT,2017-10-26,238,-0.14832426009980906
BTCUSDT,2017-10-27,243,-0.019478012610300341
BTCUSDT,2017-10-28,188,-0.30045370148223705
BTCUSDT,2017-10-29,120,-0.18623814654115348
BTCUSDT,2017-10-30,282,-0.28568882859968003
BTCUSDT,2017-10-31,315,-0.073394961895296221
BTCUSDT,2017-11-01,425,0.039833437670792664
BTCUSDT,2017-11-02,497,-1.0105237685624786
BTCUSDT,2017-11-03,348,-0.042376784182353973
BTCUSDT,2017-11-04,104,-0.5535607250519945
BTCUSDT,2017-11-05,120,0.06090316163172544
BTCUSDT,2017-11-06,321,-0.11212718810856091
BTCUSDT,2017-11-07,288,0.21561238608319697
BTCUSDT,2017-11-08,347,-0.521586837367313
BTCUSDT,2017-11-09,312,-0.85016459964844648
BTCUSDT,2017-11-10,406,-0.92639364668076851
BTCUSDT,2017-11-11,192,-1.1368195576120066
BTCUSDT,2017-11-12,167,-0.59863790163508912
BTCUSDT,2017-11-13,605,-1.4115285882632191
BTCUSDT,2017-11-14,394,-1.0518418735791639
BTCUSDT,2017-11-15,383,-1.0024026685549259
BTCUSDT,2017-11-16,275,-0.96287996359754813
BTCUSDT,2017-11-17,347,-0.22686663347680366
BTCUSDT,2017-11-18,91,-0.21266142660885012
BTCUSDT,2017-11-19,117,-0.13530623411031109
BTCUSDT,2017-11-20,329,-0.22000977963809548
BTCUSDT,2017-11-21,562,-0.84562000050647779
BTCUSDT,2017-11-22,496,-0.9354357113529671
BTCUSDT,2017-11-23,262,-0.41960796535090261
BTCUSDT,2017-11-24,219,-0.18892579411749572
BTCUSDT,2017-11-25,145,-0.12061557399402963
BTCUSDT,2017-11-26,254,-0.26711344914517965
BTCUSDT,2017-11-27,828,-0.74975820916779812
BTCUSDT,2017-11-28,748,-0.4367118156967067
BTCUSDT,2017-11-29,1259,-0.84489304344795979
BTCUSDT,2017-11-30,946,-0.35130339480061445
BTCUSDT,2017-12-01,752,-0.35125560447157461
BTCUSDT,2017-12-02,415,-0.11254928374238569
BTCUSDT,2017-12-03,322,0.16158820534216584
BTCUSDT,2017-12-04,753,-0.14563501538491302
BTCUSDT,2017-12-05,536,-0.33887043794989913
BTCUSDT,2017-12-06,772,-0.47915147657295443
BTCUSDT,2017-12-07,1504,-1.2114139662110046
BTCUSDT,2017-12-08,1217,-0.95915092813175429
BTCUSDT,2017-12-09,396,-0.93127886324775278
BTCUSDT,2017-12-10,593,-0.85316876849817258
BTCUSDT,2017-12-11,1290,-0.91596362831946609
BTCUSDT,2017-12-12,957,-0.61485735234826056
BTCUSDT,2017-12-13,1118,-0.88212390283251152
BTCUSDT,2017-12-14,800,-1.1354098293554322
BTCUSDT,2017-12-15,703,-0.801045997298909
BTCUSDT,2017-12-16,471,-0.39284231153287774
BTCUSDT,2017-12-17,454,-0.36051160116027886
BTCUSDT,2017-12-18,913,-0.46324582718705265
BTCUSDT,2017-12-19,776,-0.6581164236692868
BTCUSDT,2017-12-20,1235,-1.172032750269238
BTCUSDT,2017-12-21,1097,-0.40496934456778272
BTCUSDT,2017-12-22,1555,-1.4561210342230111
BTCUSDT,2017-12-23,704,-1.2933673058517816
BTCUSDT,2017-12-24,443,-0.92825916341389092
BTCUSDT,2017-12-25,444,-0.96909597735160646
BTCUSDT,2017-12-26,575,-0.86715019144363836
BTCUSDT,2017-12-27,476,-0.93937092295056646
BTCUSDT,2017-12-28,803,-0.77083123774043738
BTCUSDT,2017-12-29,747,-0.9601872620833124
BTCUSDT,2017-12-30,432,-0.73576871158257962
BTCUSDT,2017-12-31,291,-0.20797870756007797
BTCUSDT,2018-01-01,431,-1.0663379955811834
BTCUSDT,2018-01-02,695,-0.85215401846339511
BTCUSDT,2018-01-03,853,-0.57289690212450051
BTCUSDT,2018-01-04,683,-0.65670092076446851
BTCUSDT,2018-01-05,457,-0.63904568635547376
BTCUSDT,2018-01-06,298,-0.42301367605828849
BTCUSDT,2018-01-07,284,-0.6024850573429088
BTCUSDT,2018-01-08,516,-0.33189253380521194
BTCUSDT,2018-01-09,625,-0.80001020333473838
BTCUSDT,2018-01-10,701,-0.14444168911061744
BTCUSDT,2018-01-11,889,-1.169317764953016
BTCUSDT,2018-01-12,576,-0.72640353682171865
BTCUSDT,2018-01-13,352,-0.26646584521852706
BTCUSDT,2018-01-14,255,-0.22394676303700162
BTCUSDT,2018-01-15,392,-1.0932753440381457
BTCUSDT,2018-01-16,847,-1.7998994531747485
BTCUSDT,2018-01-17,1256,-0.82058478511797484
BTCUSDT,2018-01-18,655,-1.3300900931195319
BTCUSDT,2018-01-19,792,-0.77239661357499245
BTCUSDT,2018-01-20,304,-0.88594126517687122
BTCUSDT,2018-01-21,344,-0.71747315696204683
BTCUSDT,2018-01-22,621,-2.2051412493724913
BTCUSDT,2018-01-23,500,-0.72402186769123411
BTCUSDT,2018-01-24,425,-0.30746539734377853
BTCUSDT,2018-01-25,517,-0.5317362935519917
BTCUSDT,2018-01-26,518,-0.34918872337529538
BTCUSDT,2018-01-27,367,-2.8057056834972935
BTCUSDT,2018-01-28,232,-1.5419878866580516
BTCUSDT,2018-01-29,452,-1.5794047558333424
BTCUSDT,2018-01-30,368,-1.4395862395890333
BTCUSDT,2018-01-31,565,-1.1327099285035398
BTCUSDT,2018-02-01,631,-1.6110138044349711
BTCUSDT,2018-02-02,1095,-1.3996044951566213
BTCUSDT,2018-02-03,479,-0.68098319268578644
BTCUSDT,2018-02-04,284,-1.252154731189796
BTCUSDT,2018-02-05,1035,-2.3520904069826383
BTCUSDT,2018-02-06,907,-2.0150569344488689
BTCUSDT,2018-02-07,641,-0.93394911691102489
BTCUSDT,2018-02-08,469,-0.60871146985894109
BTCUSDT,2018-02-09,375,-0.86556845939454818
BTCUSDT,2018-02-10,220,-0.98989825277845611
BTCUSDT,2018-02-11,320,-1.345826803312888
BTCUSDT,2018-02-12,393,-1.4694917708149005
BTCUSDT,2018-02-13,346,-1.037547522354582
BTCUSDT,2018-02-14,308,-0.55270016025110358
BTCUSDT,2018-02-15,439,-0.72464331178403241
BTCUSDT,2018-02-16,359,-0.42518716166593684
BTCUSDT,2018-02-17,173,-0.30642986203323663
BTCUSDT,2018-02-18,166,-0.28654204299658026
BTCUSDT,2018-02-19,349,-0.5508858671141339
BTCUSDT,2018-02-20,389,-0.45271118549572342
BTCUSDT,2018-02-21,332,-0.43660212339876292
BTCUSDT,2018-02-22,347,-0.72394003461356371
BTCUSDT,2018-02-23,226,-0.79535101802483654
BTCUSDT,2018-02-24,139,-0.21502858398643521
BTCUSDT,2018-02-25,109,-0.16191337099041767
BTCUSDT,2018-02-26,352,-0.76938896034541648
BTCUSDT,2018-02-27,411,-1.1089346511672404
BTCUSDT,2018-02-28,310,-1.1615268829295762
BTCUSDT,2018-03-01,286,-0.603772909585172
BTCUSDT,2018-03-02,456,-1.5803569876248031
BTCUSDT,2018-03-03,234,-1.5339180765586247
BTCUSDT,2018-03-04,143,-1.1308398608439765
BTCUSDT,2018-03-05,348,-0.91095487184191426
BTCUSDT,2018-03-06,309,-0.82846234637733873
BTCUSDT,2018-03-07,418,-0.85341014094447287
BTCUSDT,2018-03-08,479,-0.2667107135211445
BTCUSDT,2018-03-09,497,-1.1355874502970893
BTCUSDT,2018-03-10,131,-1.0747906748974314
BTCUSDT,2018-03-11,131,-0.91452724725209733
BTCUSDT,2018-03-12,260,-0.94120423132954723
BTCUSDT,2018-03-13,229,-0.73998156402488291
BTCUSDT,2018-03-14,396,-0.91227130568177661
BTCUSDT,2018-03-15,437,-1.5547021666098755
BTCUSDT,2018-03-16,425,-0.63305674592615668
BTCUSDT,2018-03-17,169,-0.68112818340863746
BTCUSDT,2018-03-18,170,-1.203964898013663
BTCUSDT,2018-03-19,286,-1.084398972862135
BTCUSDT,2018-03-20,285,-0.7804810331247336
BTCUSDT,2018-03-21,369,-1.07175446338251
BTCUSDT,2018-03-22,250,-0.92635086132692379
BTCUSDT,2018-03-23,245,-1.1946251168367905
BTCUSDT,2018-03-24,109,-0.33300605110507053
BTCUSDT,2018-03-25,97,-0.594365893548927
BTCUSDT,2018-03-26,193,-0.66123145538631645
BTCUSDT,2018-03-27,251,-1.5688651053148088
BTCUSDT,2018-03-28,271,-1.0985017754542148
BTCUSDT,2018-03-29,272,-1.465266687369124
BTCUSDT,2018-03-30,260,-1.5574188339491277
BTCUSDT,2018-03-31,140,-0.64206621557299037
BTCUSDT,2018-04-01,122,-1.2041836265081984
BTCUSDT,2018-04-02,282,-0.80766515486372525
BTCUSDT,2018-04-03,249,-1.0559439913731758
BTCUSDT,2018-04-04,205,-1.0049607127508682
BTCUSDT,2018-04-05,240,-1.3458452286224238
BTCUSDT,2018-04-06,295,-2.1449541611687124
BTCUSDT,2018-04-07,115,-0.8890153823844591
BTCUSDT,2018-04-08,90,-1.0396941115789942
BTCUSDT,2018-04-09,226,-0.288477637454238
BTCUSDT,2018-04-10,264,-1.655588173609414
BTCUSDT,2018-04-11,281,-1.2445676050537775
BTCUSDT,2018-04-12,349,-1.6126196750223718
BTCUSDT,2018-04-13,320,-1.2999397260336685
BTCUSDT,2018-04-14,126,-1.2960918871168121
BTCUSDT,2018-04-15,102,-0.74062906102327408
BTCUSDT,2018-04-16,246,0.21708488266846399
BTCUSDT,2018-04-17,315,-2.5261835402040567
BTCUSDT,2018-04-18,417,-2.5971012996772611
BTCUSDT,2018-04-19,224,-1.1885185940992984
BTCUSDT,2018-04-20,270,-0.8287464559038944
BTCUSDT,2018-04-21,125,-0.99053038793784065
BTCUSDT,2018-04-22,108,-0.84411886981638851
BTCUSDT,2018-04-23,338,-1.1690600028611176
BTCUSDT,2018-04-24,352,-0.66491035579068647
BTCUSDT,2018-04-25,222,-1.1461764126316669
BTCUSDT,2018-04-26,144,-0.58716642618237125
BTCUSDT,2018-04-27,206,-0.617069842424123
BTCUSDT,2018-04-28,216,0.18828719175275238
BTCUSDT,2018-04-29,145,-0.17737413061441509
BTCUSDT,2018-04-30,133,-0.3512218693140764
BTCUSDT,2018-05-01,164,-0.15409309489816081
BTCUSDT,2018-05-02,196,-0.16777496932799257
BTCUSDT,2018-05-03,239,-0.015936675110516163
BTCUSDT,2018-05-04,208,-1.2574944298553841
BTCUSDT,2018-05-05,94,-0.97169333636778743
BTCUSDT,2018-05-06,151,-0.18170008382210123
BTCUSDT,2018-05-07,300,-0.52683608963891548
BTCUSDT,2018-05-08,333,-0.19387510191721513
BTCUSDT,2018-05-09,276,0.357913550857175
BTCUSDT,2018-05-10,194,-0.6090712942359463
BTCUSDT,2018-05-11,212,-1.0726041537612099
BTCUSDT,2018-05-12,102,-1.4606735650442484
BTCUSDT,2018-05-13,101,-0.41593224752402841
BTCUSDT,2018-05-14,198,0.15610027882113603
BTCUSDT,2018-05-15,186,0.16725554510237955
BTCUSDT,2018-05-16,247,0.30847142684846973
BTCUSDT,2018-05-17,228,-0.22078404096825924
BTCUSDT,2018-05-18,179,-0.12777621683197285
BTCUSDT,2018-05-19,60,-0.44368915900557426
BTCUSDT,2018-05-20,84,-0.67105716953861161
BTCUSDT,2018-05-21,161,-0.71933717090985683
BTCUSDT,2018-05-22,172,-0.52414324406685975
BTCUSDT,2018-05-23,196,-0.27886224155620676
BTCUSDT,2018-05-24,239,-0.66757059530184493
BTCUSDT,2018-05-25,208,-1.2968644008507075
BTCUSDT,2018-05-26,78,-0.75415343654171341
BTCUSDT,2018-05-27,98,-1.4128814014200226
BTCUSDT,2018-05-28,131,-0.84187572442380276
BTCUSDT,2018-05-29,208,-1.0917604916136419
BTCUSDT,2018-05-30,135,-1.6328129801847473
BTCUSDT,2018-05-31,130,-0.42980445109452836
BTCUSDT,2018-06-01,131,-0.026402667639440359
BTCUSDT,2018-06-02,67,-1.0449873032673673
BTCUSDT,2018-06-03,57,0.057498404040983261
BTCUSDT,2018-06-04,136,-0.8212492174089997
BTCUSDT,2018-06-05,227,-0.3800900803748809
BTCUSDT,2018-06-06,189,-0.86513296662376582
BTCUSDT,2018-06-07,182,-0.11409698736902116
BTCUSDT,2018-06-08,196,0.54225012471682221
BTCUSDT,2018-06-09,91,-0.31002540997571704
BTCUSDT,2018-06-10,133,-1.1783898959129893
BTCUSDT,2018-06-11,312,-2.4667039809468392
BTCUSDT,2018-06-12,172,-0.95020530174534279
BTCUSDT,2018-06-13,244,-1.5090084142978586
BTCUSDT,2018-06-14,252,-0.98830151712734493
BTCUSDT,2018-06-15,180,-0.14213948986371722
BTCUSDT,2018-06-16,91,-0.027818231691825068
BTCUSDT,2018-06-17,86,-1.2340198796350814
BTCUSDT,2018-06-18,223,-1.1729137793864057
BTCUSDT,2018-06-19,161,0.060396580560970081
BTCUSDT,2018-06-20,217,-1.6629376146355681
BTCUSDT,2018-06-21,145,-0.76058690170589838
BTCUSDT,2018-06-22,156,-0.85914145177446088
BTCUSDT,2018-06-23,108,-1.5331102841043378
BTCUSDT,2018-06-24,111,-0.87864396946192169
BTCUSDT,2018-06-25,204,-0.87324560322042322
BTCUSDT,2018-06-26,184,-0.72561967135097494
BTCUSDT,2018-06-27,141,-0.715534515318526
BTCUSDT,2018-06-28,197,-0.15356654717994622
BTCUSDT,2018-06-29,212,-0.71595575331604444
BTCUSDT,2018-06-30,116,-0.047639919040484952
BTCUSDT,2018-07-01,113,-0.24107791925531588
BTCUSDT,2018-07-02,173,-0.74500779843963483
BTCUSDT,2018-07-03,198,0.24175068469973182
BTCUSDT,2018-07-04,205,0.21820768755611297
BTCUSDT,2018-07-05,191,0.1166536928826271
BTCUSDT,2018-07-06,167,-0.25620366342345652
BTCUSDT,2018-07-07,141,0.34772526641053664
BTCUSDT,2018-07-08,111,0.16031892841801462
BTCUSDT,2018-07-09,167,0.026640391282809445
BTCUSDT,2018-07-10,128,-0.72476374120298215
BTCUSDT,2018-07-11,141,0.074079070526929747
BTCUSDT,2018-07-12,185,-0.10390420590679407
BTCUSDT,2018-07-13,150,-0.73934338531129662
BTCUSDT,2018-07-14,69,-1.0024013521681605
BTCUSDT,2018-07-15,76,-0.8030967952568524
BTCUSDT,2018-07-16,130,-0.28620865608487295
BTCUSDT,2018-07-17,154,-0.19606330743809508
BTCUSDT,2018-07-18,217,-0.21994465834146934
BTCUSDT,2018-07-19,150,-0.40110410246391487
BTCUSDT,2018-07-20,244,-1.0600651571872568
BTCUSDT,2018-07-21,114,-1.274299894685343
BTCUSDT,2018-07-22,77,-0.51107045082601044
BTCUSDT,2018-07-23,156,0.35781883683722465
BTCUSDT,2018-07-24,218,0.23435522885843033
BTCUSDT,2018-07-25,198,0.068014482828379672
BTCUSDT,2018-07-26,202,0.11206974471621425
BTCUSDT,2018-07-27,173,-0.94689935484177234
BTCUSDT,2018-07-28,180,0.48687181440317528
BTCUSDT,2018-07-29,78,-0.27588765557639261
BTCUSDT,2018-07-30,179,-0.69300572119632076
BTCUSDT,2018-07-31,131,-0.59715350290301838
BTCUSDT,2018-08-01,191,0.14897121384245837
BTCUSDT,2018-08-02,211,0.566832055099697
BTCUSDT,2018-08-03,209,0.40403473853420674
BTCUSDT,2018-08-04,196,0.75965168568693675
BTCUSDT,2018-08-05,175,0.93676205653189426
BTCUSDT,2018-08-06,288,0.51181823958117356
BTCUSDT,2018-08-07,329,0.68551421026100245
BTCUSDT,2018-08-08,259,-0.037503745007270661
BTCUSDT,2018-08-09,359,0.31069700002095485
BTCUSDT,2018-08-10,250,0.57623252143933767
BTCUSDT,2018-08-11,145,-0.0012579509556496053
BTCUSDT,2018-08-12,114,0.12553377464343005
BTCUSDT,2018-08-13,310,-0.62463070234362461
BTCUSDT,2018-08-14,285,0.014081466767842487
BTCUSDT,2018-08-15,164,-1.4153162465017
BTCUSDT,2018-08-16,168,-0.065471706251965717
BTCUSDT,2018-08-17,165,0.1429262288939315
BTCUSDT,2018-08-18,87,-0.5050336497956931
BTCUSDT,2018-08-19,83,-0.54250079898192971
BTCUSDT,2018-08-20,112,0.1253713697822624
BTCUSDT,2018-08-21,127,-0.85585560906497515
BTCUSDT,2018-08-22,136,-0.25870535432265523
BTCUSDT,2018-08-23,136,-1.6919251139665146
BTCUSDT,2018-08-24,114,-1.0021164420810222
BTCUSDT,2018-08-25,71,-0.15358140266231166
BTCUSDT,2018-08-26,67,-0.083810071846207757
BTCUSDT,2018-08-27,130,-0.46016951244195692
BTCUSDT,2018-08-28,139,-0.1631107734308114
BTCUSDT,2018-08-29,125,-0.69101066818391532
BTCUSDT,2018-08-30,107,-0.35777110806228113
BTCUSDT,2018-08-31,119,-0.67569627074029015
BTCUSDT,2018-09-01,79,-1.0744617616388639
BTCUSDT,2018-09-02,76,-0.51345622142668512
BTCUSDT,2018-09-03,87,-0.45106011613703678
BTCUSDT,2018-09-04,112,-0.87318273906006638
BTCUSDT,2018-09-05,200,-0.78730530657287279
BTCUSDT,2018-09-06,243,-1.4553686690061274
BTCUSDT,2018-09-07,143,-0.50757516323100793
BTCUSDT,2018-09-08,74,-0.39793423851896176
BTCUSDT,2018-09-09,68,-0.27906314941877314
BTCUSDT,2018-09-10,193,-0.33042727165695251
BTCUSDT,2018-09-11,126,-0.35721977170663055
BTCUSDT,2018-09-12,107,-1.0906033441203624
BTCUSDT,2018-09-13,132,-0.71359612472100131
BTCUSDT,2018-09-14,110,-0.22247905742439478
BTCUSDT,2018-09-15,37,-0.99385006445839574
BTCUSDT,2018-09-16,64,-0.095411201916366983
BTCUSDT,2018-09-17,85,-0.23267392453403307
BTCUSDT,2018-09-18,88,-0.87245614464700572
BTCUSDT,2018-09-19,81,-0.36452526150679659
BTCUSDT,2018-09-20,189,-2.6266486694586582
BTCUSDT,2018-09-21,132,-1.459743369710331
BTCUSDT,2018-09-22,50,0.23486277204389053
BTCUSDT,2018-09-23,50,-0.41957391152332596
BTCUSDT,2018-09-24,82,-0.92938992142726817
BTCUSDT,2018-09-25,92,-0.013415467699748444
BTCUSDT,2018-09-26,103,-0.038221080536732614
BTCUSDT,2018-09-27,108,-0.20224300412807472
BTCUSDT,2018-09-28,97,0.29661896497574985
BTCUSDT,2018-09-29,40,0.10582851196145472
BTCUSDT,2018-09-30,46,0.625797400540261
BTCUSDT,2018-10-01,78,-0.39468993056641749
BTCUSDT,2018-10-02,100,-0.11113020094452182
BTCUSDT,2018-10-03,115,-0.58278197183694846
BTCUSDT,2018-10-04,124,-0.55905812001590227
BTCUSDT,2018-10-05,112,0.035121091020709254
BTCUSDT,2018-10-06,64,-0.78359751902371788
BTCUSDT,2018-10-07,72,-0.68673940771780784
BTCUSDT,2018-10-08,106,-0.33076318445663078
BTCUSDT,2018-10-09,88,0.16492314323699889
BTCUSDT,2018-10-10,101,0.0029539743251201546
BTCUSDT,2018-10-11,108,-0.4300643718676147
BTCUSDT,2018-10-12,96,-0.67461910864037355
BTCUSDT,2018-10-13,48,-0.16434897685251476
BTCUSDT,2018-10-14,63,-1.6971487929436835
BTCUSDT,2018-10-15,106,-1.6675145936389588
BTCUSDT,2018-10-16,100,-0.44328981202697321
BTCUSDT,2018-10-17,138,0.54198878037838616
BTCUSDT,2018-10-18,146,-0.075211702871095534
BTCUSDT,2018-10-19,86,-0.894074148104711
BTCUSDT,2018-10-20,49,0.03476663202548079
BTCUSDT,2018-10-21,61,-0.11726616147617293
BTCUSDT,2018-10-22,71,0.61644407819474578
BTCUSDT,2018-10-23,122,-0.50084093081487924
BTCUSDT,2018-10-24,143,-0.042840893082823968
BTCUSDT,2018-10-25,110,-0.96802944970907068
BTCUSDT,2018-10-26,74,-0.44375176725154758
BTCUSDT,2018-10-27,38,-0.027935355226139408
BTCUSDT,2018-10-28,78,0.28058891030762856
BTCUSDT,2018-10-29,129,-0.0914922043104986
BTCUSDT,2018-10-30,130,-0.83854542335169791
BTCUSDT,2018-10-31,203,-0.38630706998933279
BTCUSDT,2018-11-01,165,-0.14856337363175637
BTCUSDT,2018-11-02,117,-0.40877001676197516
BTCUSDT,2018-11-03,82,-0.00080712804805883887
BTCUSDT,2018-11-04,90,-0.15896032581623354
BTCUSDT,2018-11-05,132,-0.22744543066146627
BTCUSDT,2018-11-06,125,-0.18070520457575431
BTCUSDT,2018-11-07,131,0.20293493601992776
BTCUSDT,2018-11-08,87,0.23767183866602018
BTCUSDT,2018-11-09,102,-0.508789532514622
BTCUSDT,2018-11-10,71,-0.60735859569576456
BTCUSDT,2018-11-11,107,-1.3443227286996442
BTCUSDT,2018-11-12,133,-0.40474715729337185
BTCUSDT,2018-11-13,100,0.28682272267860437
BTCUSDT,2018-11-14,168,-0.80600706269128108
BTCUSDT,2018-11-15,311,-1.7492326513803356
BTCUSDT,2018-11-16,220,-1.1890269705679268
BTCUSDT,2018-11-17,99,-1.1462756715126552
BTCUSDT,2018-11-18,104,-0.72779671882385966
BTCUSDT,2018-11-19,351,-2.1443302613616591
BTCUSDT,2018-11-20,393,-2.2323461510074503
BTCUSDT,2018-11-21,205,-2.4114525622479746
BTCUSDT,2018-11-22,159,-1.7267918773519875
BTCUSDT,2018-11-23,162,-2.0982814996858035
BTCUSDT,2018-11-24,129,-1.2009380472731834
BTCUSDT,2018-11-25,150,-1.9449193539268592
BTCUSDT,2018-11-26,333,-1.5798307650315708
BTCUSDT,2018-11-27,202,-1.2759491172179256
BTCUSDT,2018-11-28,147,-1.7684225855667819
BTCUSDT,2018-11-29,123,-1.6581015952476177
BTCUSDT,2018-11-30,163,-1.6484809886120873
BTCUSDT,2018-12-01,92,-1.3960864456469275
BTCUSDT,2018-12-02,84,-0.75481119100852634
BTCUSDT,2018-12-03,147,-1.093574337762806
BTCUSDT,2018-12-04,79,-0.67858738822190479
BTCUSDT,2018-12-05,116,-0.36552235670179634
BTCUSDT,2018-12-06,143,-0.28452631910872311
BTCUSDT,2018-12-07,185,-1.2668358042991441
BTCUSDT,2018-12-08,60,-0.84235055426632777
BTCUSDT,2018-12-09,77,-0.26206682508369061
BTCUSDT,2018-12-10,84,-0.85024053738053285
BTCUSDT,2018-12-11,126,-0.71083654564700582
BTCUSDT,2018-12-12,132,0.34316566736111015
BTCUSDT,2018-12-13,88,-0.099045628579087816
BTCUSDT,2018-12-14,153,-1.9808768965864543
BTCUSDT,2018-12-15,54,-1.7511721403528278
BTCUSDT,2018-12-16,76,-0.49538718270899973
BTCUSDT,2018-12-17,129,-0.96924327095158236
BTCUSDT,2018-12-18,145,-0.73791431816499842
BTCUSDT,2018-12-19,152,-0.13354041678682771
BTCUSDT,2018-12-20,119,-0.46349564595725323
BTCUSDT,2018-12-21,131,-0.68558202064304685
BTCUSDT,2018-12-22,69,-1.2062261083566534
BTCUSDT,2018-12-23,62,-0.38012083395551238
BTCUSDT,2018-12-24,94,-0.578480774511453
BTCUSDT,2018-12-25,101,-1.5947285732479457
BTCUSDT,2018-12-26,90,-1.174052925030445
BTCUSDT,2018-12-27,107,-0.80985508508481985
BTCUSDT,2018-12-28,103,-1.0973149959163531
BTCUSDT,2018-12-29,64,-1.5821276186474436
BTCUSDT,2018-12-30,72,-1.6378049076841055
BTCUSDT,2018-12-31,95,-0.22590608097762355
BTCUSDT,2019-01-01,63,-0.85481208648187679
BTCUSDT,2019-01-02,89,-0.15600179680140974
BTCUSDT,2019-01-03,119,-0.4056838239077889
BTCUSDT,2019-01-04,111,-1.0548072141356875
BTCUSDT,2019-01-05,48,-0.95790802194459956
BTCUSDT,2019-01-06,40,0.1385705863917614
BTCUSDT,2019-01-07,84,-0.18458700303656461
BTCUSDT,2019-01-08,108,-0.14039062085974705
BTCUSDT,2019-01-09,115,-0.2505004184658064
BTCUSDT,2019-01-10,116,-0.56453691311116672
BTCUSDT,2019-01-11,118,-0.40017895123850455
BTCUSDT,2019-01-12,71,-0.035455266233911216
BTCUSDT,2019-01-13,54,-0.88763405334684764
BTCUSDT,2019-01-14,98,-0.54069359793258576
BTCUSDT,2019-01-15,113,-0.57248897079102856
BTCUSDT,2019-01-16,63,-0.66460562742041585
BTCUSDT,2019-01-17,85,-0.39379942875707424
BTCUSDT,2019-01-18,105,-0.29889610399284094
BTCUSDT,2019-01-19,62,-0.038119775094454043
BTCUSDT,2019-01-20,58,-0.81982419820284913
BTCUSDT,2019-01-21,72,-0.86924868748361184
BTCUSDT,2019-01-22,81,-0.55792401044784823
BTCUSDT,2019-01-23,85,-0.0074733538054983957
BTCUSDT,2019-01-24,128,0.27312294951469179
BTCUSDT,2019-01-25,89,0.43165095246996105
BTCUSDT,2019-01-26,59,-0.19523123567586187
BTCUSDT,2019-01-27,50,-0.88734151734895594
BTCUSDT,2019-01-28,109,-1.4122280142354993
BTCUSDT,2019-01-29,81,-0.4879357804932335
BTCUSDT,2019-01-30,78,-0.084230083663113325
BTCUSDT,2019-01-31,92,0.66104087792231214
BTCUSDT,2019-02-01,74,0.41588893240055197
BTCUSDT,2019-02-02,49,-0.11052595393206913
BTCUSDT,2019-02-03,51,0.048945292465391893
BTCUSDT,2019-02-04,108,-0.082281977351843366
BTCUSDT,2019-02-05,95,-0.72613082658339778
BTCUSDT,2019-02-06,89,-0.80765917248134844
BTCUSDT,2019-02-07,83,-0.98455452806200539
BTCUSDT,2019-02-08,60,-0.11112900417285107
BTCUSDT,2019-02-09,49,-0.50100952207735938
BTCUSDT,2019-02-10,49,-0.22864875486379391
BTCUSDT,2019-02-11,91,-0.10652458865282566
BTCUSDT,2019-02-12,96,-0.33442819648220529
BTCUSDT,2019-02-13,119,-1.0740381319351189
BTCUSDT,2019-02-14,103,0.7508351227811455
BTCUSDT,2019-02-15,76,-0.15685053000880458
BTCUSDT,2019-02-16,41,0.15610086409531557
BTCUSDT,2019-02-17,38,-1.0455484095053307
BTCUSDT,2019-02-18,96,0.48604228210889583
BTCUSDT,2019-02-19,85,-0.10201145508119036
BTCUSDT,2019-02-20,85,0.407598778882636
BTCUSDT,2019-02-21,60,0.29433368550927763
BTCUSDT,2019-02-22,81,0.46049509612662443
BTCUSDT,2019-02-23,39,0.36381862542438442
BTCUSDT,2019-02-24,57,-2.0291604241195387
BTCUSDT,2019-02-25,84,0.092231938403878916
BTCUSDT,2019-02-26,61,-0.35431913199009579
BTCUSDT,2019-02-27,78,-0.15259813932215702
BTCUSDT,2019-02-28,70,-0.92797299105043318
BTCUSDT,2019-03-01,95,0.12364504676745318
BTCUSDT,2019-03-02,46,-0.66623838916173117
BTCUSDT,2019-03-03,43,0.43964393959155318
BTCUSDT,2019-03-04,79,-0.61083772145992565
BTCUSDT,2019-03-05,92,0.77976874330594592
BTCUSDT,2019-03-06,83,-0.38890991821794585
BTCUSDT,2019-03-07,111,-0.50384368169642457
BTCUSDT,2019-03-08,66,-0.22823812861343371
BTCUSDT,2019-03-09,52,-0.17536009147446485
BTCUSDT,2019-03-10,37,-0.72976526743631986
BTCUSDT,2019-03-11,68,-0.19759447433259647
BTCUSDT,2019-03-12,102,-0.093593661363477312
BTCUSDT,2019-03-13,91,0.22094762128992732
BTCUSDT,2019-03-14,76,-0.39641879142871911
BTCUSDT,2019-03-15,116,-2.1897534467306716
BTCUSDT,2019-03-16,57,-0.72732198997984177
BTCUSDT,2019-03-17,55,-1.0120896932766952
BTCUSDT,2019-03-18,81,0.501390833946629
BTCUSDT,2019-03-19,98,0.58132770061843231
BTCUSDT,2019-03-20,101,0.39844372377640291
BTCUSDT,2019-03-21,89,-0.17022237003332263
BTCUSDT,2019-03-22,80,0.95580938032991369
BTCUSDT,2019-03-23,47,0.46482340226056
BTCUSDT,2019-03-24,50,0.2426957605395717
BTCUSDT,2019-03-25,79,-0.0664954758925946
BTCUSDT,2019-03-26,78,0.291758790292252
BTCUSDT,2019-03-27,68,-0.412313101640024
BTCUSDT,2019-03-28,94,-0.40595814634337718
BTCUSDT,2019-03-29,81,-0.25066446405794041
BTCUSDT,2019-03-30,25,-0.63335984880536444
BTCUSDT,2019-03-31,55,0.31704620256864108
BTCUSDT,2019-04-01,69,0.12056510703027754
BTCUSDT,2019-04-02,216,-0.24059200105264883
BTCUSDT,2019-04-03,182,-0.87117487585517428
BTCUSDT,2019-04-04,131,-0.084552574255751869
BTCUSDT,2019-04-05,108,-0.071862099897894841
BTCUSDT,2019-04-06,63,-0.671880727232501
BTCUSDT,2019-04-07,67,0.35327091445869185
BTCUSDT,2019-04-08,81,0.28654999135877257
BTCUSDT,2019-04-09,119,-1.0282537229882582
BTCUSDT,2019-04-10,103,-0.03200740952976143
BTCUSDT,2019-04-11,95,-0.25377379411688017
BTCUSDT,2019-04-12,99,0.085473917924611217
BTCUSDT,2019-04-13,41,-0.85700103432476493
BTCUSDT,2019-04-14,41,-0.1050409661048326
BTCUSDT,2019-04-15,81,-0.0338530070682372
BTCUSDT,2019-04-16,92,-0.72360736145766691
BTCUSDT,2019-04-17,86,0.37918030642648604
BTCUSDT,2019-04-18,75,-0.16208654472778941
BTCUSDT,2019-04-19,89,-0.80195327783605419
BTCUSDT,2019-04-20,53,-0.79710767472023791
BTCUSDT,2019-04-21,53,-1.3604301985036638
BTCUSDT,2019-04-22,94,-0.55054819221377838
BTCUSDT,2019-04-23,99,-0.21012538701924061
BTCUSDT,2019-04-24,168,-0.13862917052600401
BTCUSDT,2019-04-25,85,0.41013165184007949
BTCUSDT,2019-04-26,94,-2.7459658687788404
BTCUSDT,2019-04-27,38,-0.68692386172607334
BTCUSDT,2019-04-28,44,-0.42842384058113642
BTCUSDT,2019-04-29,72,-0.69577210128287059
BTCUSDT,2019-04-30,76,-0.53942691167283185
BTCUSDT,2019-05-01,72,0.093450514457513345
BTCUSDT,2019-05-02,64,0.16680300492052563
BTCUSDT,2019-05-03,120,0.17575153776206842
BTCUSDT,2019-05-04,77,-0.37636912628076191
BTCUSDT,2019-05-05,76,0.11555015957679651
BTCUSDT,2019-05-06,93,-0.67344877580895368
BTCUSDT,2019-05-07,113,0.17094344528750094
BTCUSDT,2019-05-08,147,-2.8115138329372047
BTCUSDT,2019-05-09,100,-0.96178106525533624
BTCUSDT,2019-05-10,73,-0.93076008036102054
BTCUSDT,2019-05-11,49,-0.3026981620616222
BTCUSDT,2019-05-12,103,0.2423213802713868
BTCUSDT,2019-05-13,174,-0.29887539156503468
BTCUSDT,2019-05-14,217,-0.20635047790794314
BTCUSDT,2019-05-15,136,0.27212828747608436
BTCUSDT,2019-05-16,82,-0.23914433565990445
BTCUSDT,2019-05-17,155,-0.77377763342881467
BTCUSDT,2019-05-18,48,-0.42480869366217544
BTCUSDT,2019-05-19,67,-0.044464613125214394
BTCUSDT,2019-05-20,162,-0.11248526092751877
BTCUSDT,2019-05-21,136,0.1921494210638327
BTCUSDT,2019-05-22,198,0.023394046125667214
BTCUSDT,2019-05-23,134,-0.15058982542289917
BTCUSDT,2019-05-24,76,0.12630128814423322
BTCUSDT,2019-05-25,60,-0.78062891510205634
BTCUSDT,2019-05-26,57,-0.35338189331769487
BTCUSDT,2019-05-27,167,-0.40175025518723995
BTCUSDT,2019-05-28,133,0.23537290924231055
BTCUSDT,2019-05-29,122,0.359349474008623
BTCUSDT,2019-05-30,109,-0.13806062582576761
BTCUSDT,2019-05-31,104,-0.30524321965904555
BTCUSDT,2019-06-01,42,-0.09173231577402588
BTCUSDT,2019-06-02,24,-0.34467865419922572
BTCUSDT,2019-06-03,85,0.010962471992583194
BTCUSDT,2019-06-04,127,0.1321540963391325
BTCUSDT,2019-06-05,88,-0.1315842363600086
BTCUSDT,2019-06-06,88,-0.47815407158164908
BTCUSDT,2019-06-07,70,-0.87002881650079922
BTCUSDT,2019-06-08,36,-0.14104246603349191
BTCUSDT,2019-06-09,33,0.058930346290094443
BTCUSDT,2019-06-10,67,-0.6988217287300198
BTCUSDT,2019-06-11,116,-0.93851159800149719
BTCUSDT,2019-06-12,85,0.840490573236347
BTCUSDT,2019-06-13,73,-0.35949426043986654
BTCUSDT,2019-06-14,64,0.20246747669781165
BTCUSDT,2019-06-15,39,-0.58119730456999175
BTCUSDT,2019-06-16,57,-0.13938677989862258
BTCUSDT,2019-06-17,135,-0.38571319681022687
BTCUSDT,2019-06-18,125,0.58918142349096247
BTCUSDT,2019-06-19,135,0.08335722493129577
BTCUSDT,2019-06-20,89,0.34306694292921491
BTCUSDT,2019-06-21,108,-0.10137216374364363
BTCUSDT,2019-06-22,171,-0.37989283724924944
BTCUSDT,2019-06-23,71,-0.21503117298653146
BTCUSDT,2019-06-24,161,-0.28454591387441608
BTCUSDT,2019-06-25,200,0.80616254378158325
BTCUSDT,2019-06-26,225,-0.16951760870780561
BTCUSDT,2019-06-27,191,-0.412477624425434
BTCUSDT,2019-06-28,119,-0.92914236442735265
BTCUSDT,2019-06-29,52,-0.36877578269728467
BTCUSDT,2019-06-30,44,-0.27191649037389981
BTCUSDT,2019-07-01,106,-0.45654988259004575
BTCUSDT,2019-07-02,111,-0.95588082425742482
BTCUSDT,2019-07-03,96,-0.26287760187927484
BTCUSDT,2019-07-04,108,0.56991889548548369
BTCUSDT,2019-07-05,119,-0.68180529462568262
BTCUSDT,2019-07-06,66,0.17993910816735026
BTCUSDT,2019-07-07,36,-0.73022488665292873
BTCUSDT,2019-07-08,91,-0.09703662616577266
BTCUSDT,2019-07-09,136,-1.7933629740790467
BTCUSDT,2019-07-10,90,-0.869129468292473
BTCUSDT,2019-07-11,102,-0.7580170212871985
BTCUSDT,2019-07-12,122,-1.0286328692171616
BTCUSDT,2019-07-13,44,-1.1228829757903438
BTCUSDT,2019-07-14,35,-1.0781535214065334
BTCUSDT,2019-07-15,142,-0.37754110729925233
BTCUSDT,2019-07-16,106,-0.912771812079617
BTCUSDT,2019-07-17,123,-1.1832323060115955
BTCUSDT,2019-07-18,93,-1.2934263528056504
BTCUSDT,2019-07-19,72,-1.2123739873762607
BTCUSDT,2019-07-20,40,-0.99145156426043324
BTCUSDT,2019-07-21,47,-1.2622421098957313
BTCUSDT,2019-07-22,70,-0.19512779134830754
BTCUSDT,2019-07-23,88,-0.28433403726444123
BTCUSDT,2019-07-24,73,0.57370351410597431
BTCUSDT,2019-07-25,90,-0.35632773696784154
BTCUSDT,2019-07-26,103,0.95370823928956816
BTCUSDT,2019-07-27,50,-0.55139420645762982
BTCUSDT,2019-07-28,43,-0.22561311165651868
BTCUSDT,2019-07-29,49,-0.38754188824194441
BTCUSDT,2019-07-30,72,-0.00228829011118731
BTCUSDT,2019-07-31,82,0.27481843099325354
BTCUSDT,2019-08-01,89,0.0712134297045542
BTCUSDT,2019-08-02,78,0.16411372787106715
BTCUSDT,2019-08-03,35,-0.86026400480666765
BTCUSDT,2019-08-04,34,-0.50066322958344323
BTCUSDT,2019-08-05,82,-0.45872788047857477
BTCUSDT,2019-08-06,88,-0.83694804696505132
BTCUSDT,2019-08-07,84,-0.49140202089871476
BTCUSDT,2019-08-08,63,-0.23173188737860043
BTCUSDT,2019-08-09,59,-0.23023888961085284
BTCUSDT,2019-08-10,44,-0.88819334129718319
BTCUSDT,2019-08-11,36,-0.44974469809915069
BTCUSDT,2019-08-12,57,-0.88148760828511963
BTCUSDT,2019-08-13,85,-0.23810984989417555
BTCUSDT,2019-08-14,64,-0.2750911926318681
BTCUSDT,2019-08-15,131,-0.89747640698704834
BTCUSDT,2019-08-16,77,0.3338854758057086
BTCUSDT,2019-08-17,30,-0.88034762814792733
BTCUSDT,2019-08-18,34,0.015594875375911796
BTCUSDT,2019-08-19,97,0.022188529242987094
BTCUSDT,2019-08-20,83,0.2851700719963009
BTCUSDT,2019-08-21,79,-0.073633551204730807
BTCUSDT,2019-08-22,105,-0.043588576546854593
BTCUSDT,2019-08-23,93,-0.28407017834389614
BTCUSDT,2019-08-24,44,-1.214425334557264
BTCUSDT,2019-08-25,48,-0.67885475297032671
BTCUSDT,2019-08-26,66,0.038021240437786277
BTCUSDT,2019-08-27,66,-0.4926831413745324
BTCUSDT,2019-08-28,93,-0.50573545949532317
BTCUSDT,2019-08-29,87,-0.57114346154822937
BTCUSDT,2019-08-30,62,-0.25453757488989126
BTCUSDT,2019-08-31,46,-0.15644213142935204
BTCUSDT,2019-09-01,39,-0.1004991484250204
BTCUSDT,2019-09-02,82,-0.7660107321701648
BTCUSDT,2019-09-03,120,0.32867469587110432
BTCUSDT,2019-09-04,97,0.099125113678797658
BTCUSDT,2019-09-05,74,0.33160838513767371
BTCUSDT,2019-09-06,59,-0.13329922464373595
BTCUSDT,2019-09-07,29,-0.22632745362927295
BTCUSDT,2019-09-08,38,0.31623461244671164
BTCUSDT,2019-09-09,95,0.48588159773697059
BTCUSDT,2019-09-10,63,0.052980770630872753
BTCUSDT,2019-09-11,73,-0.014115565985359527
BTCUSDT,2019-09-12,131,0.61449425793083634
BTCUSDT,2019-09-13,79,0.95696793421682858
BTCUSDT,2019-09-14,41,0.14529455779432882
BTCUSDT,2019-09-15,29,-0.29350048234161946
BTCUSDT,2019-09-16,89,-0.418070696775558
BTCUSDT,2019-09-17,59,0.29660298755496156
BTCUSDT,2019-09-18,106,-0.0026127853990473991
BTCUSDT,2019-09-19,116,0.38268791556078852
BTCUSDT,2019-09-20,79,-0.64193397392184359
BTCUSDT,2019-09-21,41,-0.72998050330452635
BTCUSDT,2019-09-22,32,-0.31269624313324418
BTCUSDT,2019-09-23,150,-0.5529487155006505
BTCUSDT,2019-09-24,86,-0.89969851712481863
BTCUSDT,2019-09-25,194,-0.92278000621646439
BTCUSDT,2019-09-26,84,-0.6804858672483094
BTCUSDT,2019-09-27,111,-0.66133044330384472
BTCUSDT,2019-09-28,65,-0.33179718150690213
BTCUSDT,2019-09-29,56,0.17400256444971232
BTCUSDT,2019-09-30,89,-0.32040578881487758
BTCUSDT,2019-10-01,69,-0.2615173774103437
BTCUSDT,2019-10-02,84,-0.47617687016238158
BTCUSDT,2019-10-03,84,0.081170956547841469
BTCUSDT,2019-10-04,55,-0.63442021676976512
BTCUSDT,2019-10-05,49,-1.1157720008436081
BTCUSDT,2019-10-06,42,-1.0132699945963783
BTCUSDT,2019-10-07,85,0.028174458668004852
BTCUSDT,2019-10-08,79,0.667525307892635
BTCUSDT,2019-10-09,60,-0.19541971590227897
BTCUSDT,2019-10-10,77,-0.10985457218461955
BTCUSDT,2019-10-11,63,-0.4186883744942701
BTCUSDT,2019-10-12,53,0.10378288454090687
BTCUSDT,2019-10-13,35,-0.72210368924124368
BTCUSDT,2019-10-14,63,0.12456342064373827
BTCUSDT,2019-10-15,73,0.032090717628550432
BTCUSDT,2019-10-16,103,-0.92081285620031483
BTCUSDT,2019-10-17,70,-0.5200549520506782
BTCUSDT,2019-10-18,62,-0.62792876449685942
BTCUSDT,2019-10-19,39,-0.2468933888474189
BTCUSDT,2019-10-20,54,-0.9539396300636821
BTCUSDT,2019-10-21,73,0.0029458881329945466
BTCUSDT,2019-10-22,83,0.34812431135368471
BTCUSDT,2019-10-23,105,0.064366676977048537
BTCUSDT,2019-10-24,79,-0.94812135489036276
BTCUSDT,2019-10-25,89,-0.14873627898720168
BTCUSDT,2019-10-26,64,0.50749533304476824
BTCUSDT,2019-10-27,62,-0.6220691053964722
BTCUSDT,2019-10-28,103,0.20546842314038127
BTCUSDT,2019-10-29,150,-0.31812034918209231
BTCUSDT,2019-10-30,91,-0.41904651721707381
BTCUSDT,2019-10-31,95,0.0843969612502946
BTCUSDT,2019-11-01,76,0.080005917429368439
BTCUSDT,2019-11-02,40,0.27882132166706797
BTCUSDT,2019-11-03,70,-1.2108814645079415
BTCUSDT,2019-11-04,74,-0.30014779682199821
BTCUSDT,2019-11-05,108,-0.0081938625443794648
BTCUSDT,2019-11-06,80,-0.32936740125089237
BTCUSDT,2019-11-07,72,-0.40432325956681442
BTCUSDT,2019-11-08,184,-1.18961547318026
BTCUSDT,2019-11-09,54,1.4896812643680324
BTCUSDT,2019-11-10,43,0.092597079580356664
BTCUSDT,2019-11-11,72,-0.11936905537033693
BTCUSDT,2019-11-12,86,0.30512449138953385
BTCUSDT,2019-11-13,93,-0.0952464810477345
BTCUSDT,2019-11-14,44,-0.45641826281051195
BTCUSDT,2019-11-15,70,-0.13000646808108704
BTCUSDT,2019-11-16,60,0.3528089571802322
BTCUSDT,2019-11-17,39,-2.0303557386298472
BTCUSDT,2019-11-18,84,0.76050027331856385
BTCUSDT,2019-11-19,72,0.052636304900895714
BTCUSDT,2019-11-20,84,0.54063710672210508
BTCUSDT,2019-11-21,71,0.21785067020346216
BTCUSDT,2019-11-22,127,-1.047577540026895
BTCUSDT,2019-11-23,62,-0.57848764216649817
BTCUSDT,2019-11-24,38,0.082288506171166842
BTCUSDT,2019-11-25,102,-0.63435895196031722
BTCUSDT,2019-11-26,95,-0.36304011036830003
BTCUSDT,2019-11-27,111,0.78956613010656418
BTCUSDT,2019-11-28,90,-0.030207431905742176
BTCUSDT,2019-11-29,64,-0.37241364214356737
BTCUSDT,2019-11-30,26,-0.58299340379742537
BTCUSDT,2019-12-01,31,-0.28302269573457611
BTCUSDT,2019-12-02,53,-0.96976549104517906
BTCUSDT,2019-12-03,79,-0.46149899882346734
BTCUSDT,2019-12-04,73,-0.30534990921771477
BTCUSDT,2019-12-05,69,0.74970402547729775
BTCUSDT,2019-12-06,55,-0.065621185045080563
BTCUSDT,2019-12-07,29,0.85592773340609973
BTCUSDT,2019-12-08,61,0.22064486878625161
BTCUSDT,2019-12-09,75,0.5523759619787153
BTCUSDT,2019-12-10,53,0.18142375109415443
BTCUSDT,2019-12-11,78,-0.81810020174306852
BTCUSDT,2019-12-12,83,0.60955938518396
BTCUSDT,2019-12-13,50,-0.16795423081954242
BTCUSDT,2019-12-14,34,0.075513824785573835
BTCUSDT,2019-12-15,47,0.086692806187034233
BTCUSDT,2019-12-16,69,-0.36701469880676152
BTCUSDT,2019-12-17,94,-0.13950014815181694
BTCUSDT,2019-12-18,60,0.11784728462883812
BTCUSDT,2019-12-19,122,-0.46158884010721907
BTCUSDT,2019-12-20,62,0.0711889155864336
BTCUSDT,2019-12-21,26,-0.27092122557842951
BTCUSDT,2019-12-22,33,-0.98683375684840291
BTCUSDT,2019-12-23,62,0.028966274950134679
BTCUSDT,2019-12-24,54,-0.34434209906324237
BTCUSDT,2019-12-25,48,-0.29565693648600583
BTCUSDT,2019-12-26,33,-0.69154876869644488
BTCUSDT,2019-12-27,61,-0.497055077404919
BTCUSDT,2019-12-28,36,-0.020251965294086068
BTCUSDT,2019-12-29,39,-0.7193353405742644
BTCUSDT,2019-12-30,77,-0.15497712177594342
BTCUSDT,2019-12-31,65,-0.24963379154493787
BTCUSDT,2020-01-01,37,0.25166565195938573
BTCUSDT,2020-01-02,51,-0.27021580066190753
BTCUSDT,2020-01-03,67,-0.45093982488712481
BTCUSDT,2020-01-04,32,0.10072955125052124
BTCUSDT,2020-01-05,31,-0.45092147856292136
BTCUSDT,2020-01-06,51,0.0640508699908827
BTCUSDT,2020-01-07,70,-0.7824281525400536
BTCUSDT,2020-01-08,92,0.10032028656140043
BTCUSDT,2020-01-09,103,0.80489220617160473
BTCUSDT,2020-01-10,66,-0.35588331030618364
BTCUSDT,2020-01-11,41,0.22891115286045347
BTCUSDT,2020-01-12,32,-0.22647705822707764
BTCUSDT,2020-01-13,91,1.4339695255184852
BTCUSDT,2020-01-14,109,0.30260332357821268
BTCUSDT,2020-01-15,90,0.042579540612763755
BTCUSDT,2020-01-16,81,-0.13132963385190463
BTCUSDT,2020-01-17,65,-0.22695525147767995
BTCUSDT,2020-01-18,36,0.55921611765957324
BTCUSDT,2020-01-19,32,0.25086097401561508
BTCUSDT,2020-01-20,71,-0.58395363126561661
BTCUSDT,2020-01-21,63,0.31474798168051987
BTCUSDT,2020-01-22,83,0.7949964437517032
BTCUSDT,2020-01-23,75,0.31645330856731119
BTCUSDT,2020-01-24,42,0.57627191575731207
BTCUSDT,2020-01-25,32,-0.0691198714197955
BTCUSDT,2020-01-26,26,0.29277058498755537
BTCUSDT,2020-01-27,90,-0.33575681048111194
BTCUSDT,2020-01-28,84,0.28895674262523013
BTCUSDT,2020-01-29,73,0.025583843646191005
BTCUSDT,2020-01-30,60,0.16972969406267197
BTCUSDT,2020-01-31,40,-0.62925819764674962
BTCUSDT,2020-02-01,22,-0.071533355145076444
BTCUSDT,2020-02-02,23,-0.19929634258145262
BTCUSDT,2020-02-03,62,-0.14581821540546136
BTCUSDT,2020-02-04,63,0.031436546608271727
BTCUSDT,2020-02-05,79,-0.12771545324859487
BTCUSDT,2020-02-06,50,0.15694890279321277
BTCUSDT,2020-02-07,82,1.0884221570049624
BTCUSDT,2020-02-08,56,0.11829539475765058
BTCUSDT,2020-02-09,62,-0.24602439843081433
BTCUSDT,2020-02-10,77,0.16762677243180898
BTCUSDT,2020-02-11,61,-0.22692147994961079
BTCUSDT,2020-02-12,65,0.084631161569061392
BTCUSDT,2020-02-13,77,-0.28477329362361187
BTCUSDT,2020-02-14,84,-0.48598053496447069
BTCUSDT,2020-02-15,33,0.33182377827952425
BTCUSDT,2020-02-16,31,0.27337224689563383
BTCUSDT,2020-02-17,68,-0.53775487038686365
BTCUSDT,2020-02-18,47,0.52855232826045351
BTCUSDT,2020-02-19,95,1.2908229795791792
BTCUSDT,2020-02-20,55,-0.31799368279146911
BTCUSDT,2020-02-21,57,-0.81570798890561547
BTCUSDT,2020-02-22,28,-1.5864604910905802
BTCUSDT,2020-02-23,16,-0.45375044386689195
BTCUSDT,2020-02-24,61,-1.3547780911361795
BTCUSDT,2020-02-25,90,-0.15633586344998759
BTCUSDT,2020-02-26,55,0.13074365794641818
BTCUSDT,2020-02-27,61,-0.76066247001246634
BTCUSDT,2020-02-28,62,-0.45671200569725839
BTCUSDT,2020-02-29,29,-0.12648864402747761
BTCUSDT,2020-03-01,23,-0.31047265139136
BTCUSDT,2020-03-02,73,-1.2763961976246958
BTCUSDT,2020-03-03,62,-1.1355357633216698
BTCUSDT,2020-03-04,58,-0.58936682431249809
BTCUSDT,2020-03-05,51,-0.31752185681810674
BTCUSDT,2020-03-06,52,0.206205017083331
BTCUSDT,2020-03-07,30,-0.694548632721153
BTCUSDT,2020-03-08,23,-0.5531608141095582
BTCUSDT,2020-03-09,73,-1.6687710758446124
BTCUSDT,2020-03-10,46,-0.21208022929155507
BTCUSDT,2020-03-11,42,-0.39299310337459059
BTCUSDT,2020-03-12,110,-0.940560968851063
BTCUSDT,2020-03-13,127,-1.9032033998084559
BTCUSDT,2020-03-14,54,-1.8208867989937738
BTCUSDT,2020-03-15,23,-1.5080769406266947
BTCUSDT,2020-03-16,55,-0.42350816753346515
BTCUSDT,2020-03-17,41,-0.58921939579340143
BTCUSDT,2020-03-18,39,-0.2709653110347357
BTCUSDT,2020-03-19,56,-1.0306355894305239
BTCUSDT,2020-03-20,56,-0.28105450708847013
BTCUSDT,2020-03-21,30,-1.1145378377687167
BTCUSDT,2020-03-22,16,-0.756925701338035
BTCUSDT,2020-03-23,41,-0.27112440623896267
BTCUSDT,2020-03-24,65,-0.38479272319162666
BTCUSDT,2020-03-25,34,-0.24928183407633284
BTCUSDT,2020-03-26,48,-0.93049523604728468
BTCUSDT,2020-03-27,51,-0.9475678240975749
BTCUSDT,2020-03-28,23,-1.582676174452128
BTCUSDT,2020-03-29,18,-1.1511824733613951
BTCUSDT,2020-03-30,45,-0.1566309271985572
BTCUSDT,2020-03-31,85,0.014824804500380423
BTCUSDT,2020-04-01,73,-0.24643098215587159
BTCUSDT,2020-04-02,50,-0.054078748401070215
BTCUSDT,2020-04-03,54,0.022829633940520882
BTCUSDT,2020-04-04,18,-0.50983688117360471
BTCUSDT,2020-04-05,23,0.032219401453371807
BTCUSDT,2020-04-06,37,-0.39705814727778538
BTCUSDT,2020-04-07,39,-0.30644697658799125
BTCUSDT,2020-04-08,52,0.075783904653378753
BTCUSDT,2020-04-09,60,-0.68132163339493146
BTCUSDT,2020-04-10,39,-0.39261361193556987
BTCUSDT,2020-04-11,21,-0.917333140395514
BTCUSDT,2020-04-12,18,-0.22015190775202748
BTCUSDT,2020-04-13,42,0.50271761704303819
BTCUSDT,2020-04-14,52,-0.26856202956202319
BTCUSDT,2020-04-15,34,0.00092243888304124541
BTCUSDT,2020-04-16,45,-0.45506503911403656
BTCUSDT,2020-04-17,45,-0.65964704464616741
BTCUSDT,2020-04-18,18,0.75649683404018431
BTCUSDT,2020-04-19,37,-0.004884038581473793
BTCUSDT,2020-04-20,39,-0.20303919865988318
BTCUSDT,2020-04-21,46,-0.71371228604615156
BTCUSDT,2020-04-22,46,-0.56579699174277587
BTCUSDT,2020-04-23,34,-0.22917292808478959
BTCUSDT,2020-04-24,40,0.019617849507632186
BTCUSDT,2020-04-25,18,-0.47160972211132557
BTCUSDT,2020-04-26,28,-0.18517742689786035
BTCUSDT,2020-04-27,62,-0.78369903191196488
BTCUSDT,2020-04-28,47,0.069518840522134792
BTCUSDT,2020-04-29,61,-0.40455568700119349
BTCUSDT,2020-04-30,51,-0.038309969395662363
BTCUSDT,2020-05-01,40,0.46828883910058861
BTCUSDT,2020-05-02,55,1.4993471694316389
BTCUSDT,2020-05-03,26,0.18724158190326493
BTCUSDT,2020-05-04,47,-0.85777225715033822
BTCUSDT,2020-05-05,45,0.76264187329704192
BTCUSDT,2020-05-06,78,0.754601912860912
BTCUSDT,2020-05-07,64,-0.32869719201693193
BTCUSDT,2020-05-08,177,0.51348035948759074
BTCUSDT,2020-05-09,44,-0.22636448046718474
BTCUSDT,2020-05-10,40,-0.63237558841327723
BTCUSDT,2020-05-11,182,-1.0516574582481661
BTCUSDT,2020-05-12,119,-0.076181409253510718
BTCUSDT,2020-05-13,62,0.18128691840848243
BTCUSDT,2020-05-14,71,1.0085882387024312
BTCUSDT,2020-05-15,45,-0.32714362414010617
BTCUSDT,2020-05-16,32,0.98697794373088832
BTCUSDT,2020-05-17,33,-0.5545106666895262
BTCUSDT,2020-05-18,111,0.94851973167699033
BTCUSDT,2020-05-19,84,0.24258428670081983
BTCUSDT,2020-05-20,44,-0.13850636075185682
BTCUSDT,2020-05-21,55,-1.1410319889386187
BTCUSDT,2020-05-22,73,-0.44385185635543084
BTCUSDT,2020-05-23,30,-0.70649747292972231
BTCUSDT,2020-05-24,21,0.15243762296385061
BTCUSDT,2020-05-25,76,0.29354600954086596
BTCUSDT,2020-05-26,51,-0.1471620474445329
BTCUSDT,2020-05-27,41,-0.16338552270382997
BTCUSDT,2020-05-28,51,0.0438872326235019
BTCUSDT,2020-05-29,86,1.2861686995045938
BTCUSDT,2020-05-30,20,0.15483841897583886
BTCUSDT,2020-05-31,20,0.15354222525050015
BTCUSDT,2020-06-01,108,-0.68014120641911557
BTCUSDT,2020-06-02,97,-0.5426949965184038
BTCUSDT,2020-06-03,72,-0.34877114950939686
BTCUSDT,2020-06-04,73,-0.23031950703889456
BTCUSDT,2020-06-05,55,-0.15932058398256302
BTCUSDT,2020-06-06,28,-0.56633553223926847
BTCUSDT,2020-06-07,39,-0.99938317054054437
BTCUSDT,2020-06-08,50,0.046490769076293209
BTCUSDT,2020-06-09,52,-0.386456122857755
BTCUSDT,2020-06-10,74,0.30894766403395629
BTCUSDT,2020-06-11,84,0.88439636275238842
BTCUSDT,2020-06-12,64,-0.36664354721577119
BTCUSDT,2020-06-13,29,-2.0440677923551349
BTCUSDT,2020-06-14,28,-0.74049894615603384
BTCUSDT,2020-06-15,59,-0.22496125085207755
BTCUSDT,2020-06-16,59,0.58034704644989787
BTCUSDT,2020-06-17,69,-0.770298994350564
BTCUSDT,2020-06-18,66,0.17752647945289896
BTCUSDT,2020-06-19,64,-0.34890483601268352
BTCUSDT,2020-06-20,34,-0.52869252161228419
BTCUSDT,2020-06-21,26,-0.98238772642113958
BTCUSDT,2020-06-22,56,-1.2466655133011939
BTCUSDT,2020-06-23,65,-0.058957351737362176
BTCUSDT,2020-06-24,53,-1.012938082003384
BTCUSDT,2020-06-25,52,-0.43830467431504572
BTCUSDT,2020-06-26,63,-0.55959338118060786
BTCUSDT,2020-06-27,17,0.0016521934113451296
BTCUSDT,2020-06-28,29,-0.88206442438120081
BTCUSDT,2020-06-29,55,-0.62151983351168738
BTCUSDT,2020-06-30,70,0.29316379060022169
BTCUSDT,2020-07-01,46,-0.2464021303010645
BTCUSDT,2020-07-02,61,0.77891168948816192
BTCUSDT,2020-07-03,46,0.23309653866688512
BTCUSDT,2020-07-04,26,0.37106824750575623
BTCUSDT,2020-07-05,31,0.013874130514405288
BTCUSDT,2020-07-06,47,-0.85099005387824767
BTCUSDT,2020-07-07,57,0.047753365401224608
BTCUSDT,2020-07-08,52,-1.015430469587753
BTCUSDT,2020-07-09,40,-0.62377636239141587
BTCUSDT,2020-07-10,63,0.29469448632153727
BTCUSDT,2020-07-11,22,0.65700740245344014
BTCUSDT,2020-07-12,26,-0.72960898715156841
BTCUSDT,2020-07-13,47,-0.53622526433913142
BTCUSDT,2020-07-14,45,-0.59056976938211847
BTCUSDT,2020-07-15,140,-1.9583287361584081
BTCUSDT,2020-07-16,426,-3.2789117153263638
BTCUSDT,2020-07-17,81,-1.3736226535284348
BTCUSDT,2020-07-18,56,-1.8488020352676902
BTCUSDT,2020-07-19,24,-1.9271382862914164
BTCUSDT,2020-07-20,71,-0.61213181197865552
BTCUSDT,2020-07-21,50,0.34519283921573463
BTCUSDT,2020-07-22,44,-0.55040616986668711
BTCUSDT,2020-07-23,77,0.25570740111514983
BTCUSDT,2020-07-24,35,-0.68087007814260792
BTCUSDT,2020-07-25,28,-1.808961772465675
BTCUSDT,2020-07-26,35,-0.19489350958333571
BTCUSDT,2020-07-27,81,0.48972943180229173
BTCUSDT,2020-07-28,93,0.27921553606535421
BTCUSDT,2020-07-29,76,0.75418119721270571
BTCUSDT,2020-07-30,61,-0.49283205668486257
BTCUSDT,2020-07-31,268,-5.0332585440843642
BTCUSDT,2020-08-01,96,-4.0885806810253058
BTCUSDT,2020-08-02,53,-1.0348792311196884
BTCUSDT,2020-08-03,56,-0.63749142604735387
BTCUSDT,2020-08-04,70,-0.9085117541160157
BTCUSDT,2020-08-05,49,-0.43101077107178237
BTCUSDT,2020-08-06,50,-0.10182424129593748
BTCUSDT,2020-08-07,43,0.065334734460214233
BTCUSDT,2020-08-08,38,-0.17358424817070361
BTCUSDT,2020-08-09,29,1.1043205638258864
BTCUSDT,2020-08-10,40,-0.39502292854131693
BTCUSDT,2020-08-11,39,-0.20849532507666663
BTCUSDT,2020-08-12,56,-0.70624211765534606
BTCUSDT,2020-08-13,42,0.22117079698335271
BTCUSDT,2020-08-14,27,-0.62116171257469244
BTCUSDT,2020-08-15,25,0.66303436743246946
BTCUSDT,2020-08-16,17,0.18836418696204466
BTCUSDT,2020-08-17,61,0.58965196279232124
BTCUSDT,2020-08-18,47,0.7177930070154368
BTCUSDT,2020-08-19,62,0.38937598139775964
BTCUSDT,2020-08-20,32,0.20777233897178066
BTCUSDT,2020-08-21,52,1.5965465078354206
BTCUSDT,2020-08-22,16,0.26565820824260383
BTCUSDT,2020-08-23,22,0.14605351245000497
BTCUSDT,2020-08-24,37,0.070662903732105264
BTCUSDT,2020-08-25,43,0.21673162365043669
BTCUSDT,2020-08-26,30,0.89674181342476833
BTCUSDT,2020-08-27,44,0.04280465317556166
BTCUSDT,2020-08-28,37,-0.43454630148609508
BTCUSDT,2020-08-29,16,0.31385815313343945
BTCUSDT,2020-08-30,19,0.096248108095214779
BTCUSDT,2020-08-31,33,0.45342112777161792
BTCUSDT,2020-09-01,43,0.67750546363104658
BTCUSDT,2020-09-02,41,0.15933226998190972
BTCUSDT,2020-09-03,51,-1.7357376614699758
BTCUSDT,2020-09-04,46,-0.60224495598905392
BTCUSDT,2020-09-05,20,0.17025194365390683
BTCUSDT,2020-09-06,24,-0.495722110394559
BTCUSDT,2020-09-07,38,-0.81918079706348068
BTCUSDT,2020-09-08,57,-0.012351777233757161
BTCUSDT,2020-09-09,41,0.66776894034487788
BTCUSDT,2020-09-10,56,0.90979311152579312
BTCUSDT,2020-09-11,36,0.69175613881755926
BTCUSDT,2020-09-12,16,-0.847184432218685
BTCUSDT,2020-09-13,22,-0.32108567337669919
BTCUSDT,2020-09-14,89,2.4355218679963175
BTCUSDT,2020-09-15,39,0.12441892384082373
BTCUSDT,2020-09-16,51,0.61161834561764283
BTCUSDT,2020-09-17,33,0.68145401706442521
BTCUSDT,2020-09-18,37,-0.10741391937649487
BTCUSDT,2020-09-19,14,0.68600633179292048
BTCUSDT,2020-09-20,16,1.3689146085499684
BTCUSDT,2020-09-21,41,0.589337299207655
BTCUSDT,2020-09-22,32,0.65176438856489916
BTCUSDT,2020-09-23,34,0.49083468510655337
BTCUSDT,2020-09-24,71,1.27277287020973
BTCUSDT,2020-09-25,27,1.7860926609579229
BTCUSDT,2020-09-26,19,1.0057830255295916
BTCUSDT,2020-09-27,18,-0.94351913645074026
BTCUSDT,2020-09-28,31,0.49152700270974553
BTCUSDT,2020-09-29,41,0.16945766729062772
BTCUSDT,2020-09-30,63,1.3780360032833963
BTCUSDT,2020-10-01,59,0.13936465696222691
BTCUSDT,2020-10-02,23,-1.1965324556182508
BTCUSDT,2020-10-03,8,-1.8652253009000339
BTCUSDT,2020-10-04,11,-0.55665545831526353
BTCUSDT,2020-10-05,20,0.85138338672074543
BTCUSDT,2020-10-06,44,2.0358084020356273
BTCUSDT,2020-10-07,27,0.30130839159954875
BTCUSDT,2020-10-08,26,0.62071271069892153
BTCUSDT,2020-10-09,11,-1.269063788196173
BTCUSDT,2020-10-10,15,-0.12599648289014034
BTCUSDT,2020-10-11,18,0.51140470339740685
BTCUSDT,2020-10-12,27,-0.2085714332183391
BTCUSDT,2020-10-13,55,0.6060809439541317
BTCUSDT,2020-10-14,25,0.35059075520329236
BTCUSDT,2020-10-15,20,0.56098338059577435
BTCUSDT,2020-10-16,14,-0.532481657469895
BTCUSDT,2020-10-17,15,-0.5552505579967808
BTCUSDT,2020-10-18,10,-0.23987088354266775
BTCUSDT,2020-10-19,26,-0.18789270706657951
BTCUSDT,2020-10-20,23,-0.11142457778017853
BTCUSDT,2020-10-21,82,0.35530172211468325
BTCUSDT,2020-10-22,114,2.273224682918122
BTCUSDT,2020-10-23,30,0.54124602127489541
BTCUSDT,2020-10-24,9,-1.1512298608314775
BTCUSDT,2020-10-25,18,0.53304608023105915
BTCUSDT,2020-10-26,34,0.76061457358727069
BTCUSDT,2020-10-27,38,-1.4284180630293437
BTCUSDT,2020-10-28,57,-0.18118183991525824
BTCUSDT,2020-10-29,14,1.2359044095472607
BTCUSDT,2020-10-30,10,0.0089904526677047486
BTCUSDT,2020-10-31,16,0.98211321362862614
BTCUSDT,2020-11-01,15,0.57256466910102588
BTCUSDT,2020-11-02,17,0.2097579779563743
BTCUSDT,2020-11-03,16,0.882015270750336
BTCUSDT,2020-11-04,35,0.67396380096817432
BTCUSDT,2020-11-05,29,0.829231485832178
BTCUSDT,2020-11-06,37,-0.69793352053172542
BTCUSDT,2020-11-07,7,-0.66915223656749989
BTCUSDT,2020-11-08,5,-0.14770391353098838
BTCUSDT,2020-11-09,62,-1.8822514601602682
BTCUSDT,2020-11-10,28,0.034378253993303957
BTCUSDT,2020-11-11,22,-1.2874604804614962
BTCUSDT,2020-11-12,23,-0.17848372251855396
BTCUSDT,2020-11-13,18,0.88833107931165212
BTCUSDT,2020-11-15,6,0.39050033637472775
BTCUSDT,2020-11-16,20,-0.953970816369838
BTCUSDT,2020-11-17,27,0.11506642139572984
BTCUSDT,2020-11-18,212,0.10783124441666829
BTCUSDT,2020-11-19,95,-0.3576013450004506
BTCUSDT,2020-11-20,64,-0.0091280813424944249
BTCUSDT,2020-11-21,75,0.038895463112952236
BTCUSDT,2020-11-22,29,-0.05487276602139958
BTCUSDT,2020-11-23,67,0.29638504327238874
BTCUSDT,2020-11-24,172,0.30036597396291581
BTCUSDT,2020-11-25,143,0.68900389051569855
BTCUSDT,2020-11-26,155,-0.72996624193820614
BTCUSDT,2020-11-27,79,-0.489489934153038
BTCUSDT,2020-11-28,31,0.099527983307127921
BTCUSDT,2020-11-29,51,0.44220008161083951
BTCUSDT,2020-11-30,231,0.38845253310738803
BTCUSDT,2020-12-01,316,-0.64583607549679634
BTCUSDT,2020-12-02,96,0.98429442166662373
BTCUSDT,2020-12-03,108,-0.20526947171393506
BTCUSDT,2020-12-04,71,0.46656011245283008
BTCUSDT,2020-12-05,36,-0.50655890047082319
BTCUSDT,2020-12-06,35,-0.88445386492458367
BTCUSDT,2020-12-07,80,0.24973392723362209
BTCUSDT,2020-12-08,68,0.90452704141068141
BTCUSDT,2020-12-09,80,0.42986876404170005
BTCUSDT,2020-12-10,63,1.6372344385782474
BTCUSDT,2020-12-11,65,0.28707717288675433
BTCUSDT,2020-12-12,25,-0.14666949984795649
BTCUSDT,2020-12-13,31,0.17138415745491059
BTCUSDT,2020-12-14,44,0.39069744238703852
BTCUSDT,2020-12-15,68,0.92813232652600419
BTCUSDT,2020-12-16,196,0.39231131006062131
BTCUSDT,2020-12-17,319,0.61537717157856386
BTCUSDT,2020-12-18,127,0.28722428881813372
BTCUSDT,2020-12-19,56,0.13377359763413013
BTCUSDT,2020-12-20,49,-0.0780820561784675
BTCUSDT,2020-12-21,156,0.757190857694659
BTCUSDT,2020-12-22,75,0.16251904912631313
BTCUSDT,2020-12-23,70,0.45234134808807175
BTCUSDT,2020-12-24,52,-0.62277804529652148
BTCUSDT,2020-12-25,53,0.31887809568156117
BTCUSDT,2020-12-26,118,0.31146974934668742
BTCUSDT,2020-12-27,198,-0.070029876672673436
BTCUSDT,2020-12-28,139,-0.18486992607960551
BTCUSDT,2020-12-29,123,0.18811210000918765
BTCUSDT,2020-12-30,119,-0.014165651828983421
BTCUSDT,2020-12-31,132,-0.092181068514947867
BTCUSDT,2021-01-01,43,0.59742585887157462
BTCUSDT,2021-01-02,227,-0.339298343173614
BTCUSDT,2021-01-03,231,-0.15638297328542691
BTCUSDT,2021-01-04,280,0.025777442569646359
BTCUSDT,2021-01-05,278,0.1396631630714775
BTCUSDT,2021-01-06,223,-0.0037166120085182983
BTCUSDT,2021-01-07,283,-0.14231843169920644
BTCUSDT,2021-01-08,219,-0.25542367068550648
BTCUSDT,2021-01-09,181,-0.021176225580637711
BTCUSDT,2021-01-10,87,-0.23240128833183737
BTCUSDT,2021-01-11,308,-1.0806082604838916
BTCUSDT,2021-01-12,221,-0.30615634486661458
BTCUSDT,2021-01-13,218,-1.3967624888446459
BTCUSDT,2021-01-14,201,-0.26933847586441156
BTCUSDT,2021-01-15,156,-0.1439567633757011
BTCUSDT,2021-01-16,78,-0.17435215688431924
BTCUSDT,2021-01-17,66,-1.0360999926771182
BTCUSDT,2021-01-18,126,-0.47690186202659762
BTCUSDT,2021-01-19,119,0.7612091764356923
BTCUSDT,2021-01-20,131,-0.15643864487587716
BTCUSDT,2021-01-21,131,-0.30287345735076693
BTCUSDT,2021-01-22,258,-2.0040151737919971
BTCUSDT,2021-01-23,63,-1.099737170064282
BTCUSDT,2021-01-24,56,-0.86988337767400392
BTCUSDT,2021-01-25,107,0.048907621058159823
BTCUSDT,2021-01-26,83,-0.13888109887547812
BTCUSDT,2021-01-27,80,-0.49451708412224665
BTCUSDT,2021-01-28,90,-0.58960321818196126
BTCUSDT,2021-01-29,150,0.068549453130590146
BTCUSDT,2021-01-30,100,-0.31546988130665005
BTCUSDT,2021-01-31,51,-0.88841749137721515
BTCUSDT,2021-02-01,125,0.61737273850394137
BTCUSDT,2021-02-02,131,0.56809073513126385
BTCUSDT,2021-02-03,113,0.36605378116550652
BTCUSDT,2021-02-04,98,0.39568074249373203
BTCUSDT,2021-02-05,118,0.036204106728140027
BTCUSDT,2021-02-06,61,-1.1521801931441809
BTCUSDT,2021-02-07,76,-0.753179471735612
BTCUSDT,2021-02-08,365,1.044024417575349
BTCUSDT,2021-02-09,424,0.6621321900906243
BTCUSDT,2021-02-10,229,0.27436608105081706
BTCUSDT,2021-02-11,240,0.24484471858718193
BTCUSDT,2021-02-12,227,0.34999914395789877
BTCUSDT,2021-02-13,190,0.85944007186659943
BTCUSDT,2021-02-14,208,0.64809631387873479
BTCUSDT,2021-02-15,235,0.50163852543710974
BTCUSDT,2021-02-16,402,0.04801568013198277
BTCUSDT,2021-02-17,346,0.50274793315465627
BTCUSDT,2021-02-18,308,0.24140865964187058
BTCUSDT,2021-02-19,357,0.14715174489491639
BTCUSDT,2021-02-20,308,-0.093083604745721749
BTCUSDT,2021-02-21,298,0.031719141322362421
BTCUSDT,2021-02-22,361,-0.47972748818797339
BTCUSDT,2021-02-23,425,-1.06240663452462
BTCUSDT,2021-02-24,340,-0.30742391549634251
BTCUSDT,2021-02-25,264,-0.5929178664834156
BTCUSDT,2021-02-26,237,-0.958161746311148
BTCUSDT,2021-02-27,110,-0.84262279324704792
BTCUSDT,2021-02-28,101,-0.46431116347575019
BTCUSDT,2021-03-01,200,-0.84069263750519274
BTCUSDT,2021-03-02,181,-0.47781457024856561
BTCUSDT,2021-03-03,186,-0.10058236632665216
BTCUSDT,2021-03-04,139,0.39518185091803143
BTCUSDT,2021-03-05,138,0.039859794228274667
BTCUSDT,2021-03-06,104,-0.65130110611522
BTCUSDT,2021-03-07,76,0.94769994824678261
BTCUSDT,2021-03-08,161,-0.15517936459229281
BTCUSDT,2021-03-09,207,0.203439097813661
BTCUSDT,2021-03-10,221,0.40996305350232182
BTCUSDT,2021-03-11,121,0.26168008640993856
BTCUSDT,2021-03-12,129,-0.6162396812774843
BTCUSDT,2021-03-13,232,0.15188002205860629
BTCUSDT,2021-03-14,180,-0.15932572086223962
BTCUSDT,2021-03-15,199,-0.45583874193081625
BTCUSDT,2021-03-16,207,-0.36203716890265186
BTCUSDT,2021-03-17,173,-0.95969179546690275
BTCUSDT,2021-03-18,175,0.45463075223857552
BTCUSDT,2021-03-19,118,-0.15568025076666694
BTCUSDT,2021-03-20,64,0.20655911400588992
BTCUSDT,2021-03-21,63,-0.058054153882554867
BTCUSDT,2021-03-22,117,-0.28461532036023729
BTCUSDT,2021-03-23,136,-0.45107700562370556
BTCUSDT,2021-03-24,233,0.524078655101779
BTCUSDT,2021-03-25,228,-0.051955372699595652
BTCUSDT,2021-03-26,134,0.2550423831860566
BTCUSDT,2021-03-27,72,0.36797829128424508
BTCUSDT,2021-03-28,70,-0.0035702629162902909
BTCUSDT,2021-03-29,153,0.44544376207817
BTCUSDT,2021-03-30,190,1.1833313640014713
BTCUSDT,2021-03-31,181,0.370382628500525
BTCUSDT,2021-04-01,145,0.48112143308431438
BTCUSDT,2021-04-02,159,0.2235029510786328
BTCUSDT,2021-04-03,55,-0.14971880958676503
BTCUSDT,2021-04-04,52,-0.022203761925564218
BTCUSDT,2021-04-05,128,-0.72559432055680273
BTCUSDT,2021-04-06,182,0.65726284701978965
BTCUSDT,2021-04-07,155,-0.23801809750244238
BTCUSDT,2021-04-08,175,-0.30558781083647796
BTCUSDT,2021-04-09,116,0.80768824770554648
BTCUSDT,2021-04-10,159,0.62712718703261272
BTCUSDT,2021-04-11,87,0.2724716705424442
BTCUSDT,2021-04-12,144,0.19524561250944383
BTCUSDT,2021-04-13,245,0.30241026315060948
BTCUSDT,2021-04-14,306,0.056980644494179715
BTCUSDT,2021-04-15,185,-0.0401990668888893
BTCUSDT,2021-04-16,154,-0.11216105221981905
BTCUSDT,2021-04-17,70,-0.091898475534737289
BTCUSDT,2021-04-18,196,-0.60365817689501933
BTCUSDT,2021-04-19,265,-0.81720380953757721
BTCUSDT,2021-04-20,258,0.41338498993702549
BTCUSDT,2021-04-21,152,-0.0712989007168237
BTCUSDT,2021-04-22,175,-0.1435489111657024
BTCUSDT,2021-04-23,335,-1.6856816475024359
BTCUSDT,2021-04-24,127,-1.27589757090926
BTCUSDT,2021-04-25,137,-1.1738347507909122
BTCUSDT,2021-04-26,197,-0.72983590183172986
BTCUSDT,2021-04-27,260,-0.11829067741648253
BTCUSDT,2021-04-28,203,-0.70592362196574765
BTCUSDT,2021-04-29,146,-0.50508132515658732
BTCUSDT,2021-04-30,119,-0.11127285810493912
BTCUSDT,2021-05-01,80,-0.17332870437618741
BTCUSDT,2021-05-02,90,-0.72048792997991862
BTCUSDT,2021-05-03,135,0.021270341236608668
BTCUSDT,2021-05-04,171,0.60604349452905693
BTCUSDT,2021-05-05,124,0.33458274273187266
BTCUSDT,2021-05-06,127,0.79479207734728141
BTCUSDT,2021-05-07,146,0.44020835410573245
BTCUSDT,2021-05-08,117,-0.21299491505654855
BTCUSDT,2021-05-09,80,-0.21900773423361242
BTCUSDT,2021-05-10,142,0.10571148759883971
BTCUSDT,2021-05-11,175,0.28482524857709496
BTCUSDT,2021-05-12,143,0.21454695349978167
BTCUSDT,2021-05-13,652,-1.0164562875493837
BTCUSDT,2021-05-14,308,-0.8014891303818602
BTCUSDT,2021-05-15,167,-0.8320318118881328
BTCUSDT,2021-05-16,134,-0.970474842723906
BTCUSDT,2021-05-17,462,-1.221297052860232
BTCUSDT,2021-05-18,333,-1.2579233712420033
BTCUSDT,2021-05-19,733,-1.9798727259653466
BTCUSDT,2021-05-20,560,-1.5556135876187145
BTCUSDT,2021-05-21,360,-1.2360677227333627
BTCUSDT,2021-05-22,264,-1.2662758743280502
BTCUSDT,2021-05-23,232,-1.4803871424580464
BTCUSDT,2021-05-24,422,-1.06896888102552
BTCUSDT,2021-05-25,457,-0.57663768044222463
BTCUSDT,2021-05-26,325,-0.858297029257694
BTCUSDT,2021-05-27,221,-0.681249300348452
BTCUSDT,2021-05-28,265,-0.7364792845070387
BTCUSDT,2021-05-29,150,-1.2932455344921496
BTCUSDT,2021-05-30,112,-1.3691999390426726
BTCUSDT,2021-05-31,183,-0.948064862396512
BTCUSDT,2021-06-01,148,0.39809124864709672
BTCUSDT,2021-06-02,151,0.44910117562162616
BTCUSDT,2021-06-03,178,0.31138545051550953
BTCUSDT,2021-06-04,282,-0.41499474977071776
BTCUSDT,2021-06-05,145,-0.44713282345147443
BTCUSDT,2021-06-06,248,-0.69294741578269026
BTCUSDT,2021-06-07,263,-0.50095021742986645
BTCUSDT,2021-06-08,375,-1.798346408122028
BTCUSDT,2021-06-09,380,0.021292092378560147
BTCUSDT,2021-06-10,304,-0.65637128036484615
BTCUSDT,2021-06-11,259,-0.29998599312292656
BTCUSDT,2021-06-12,118,-0.78456560259896335
BTCUSDT,2021-06-13,106,-0.75744721036038065
BTCUSDT,2021-06-14,449,-0.32090079844250652
BTCUSDT,2021-06-15,231,0.61467297684965994
BTCUSDT,2021-06-16,149,0.14199429137099798
BTCUSDT,2021-06-17,141,-0.18298782908220293
BTCUSDT,2021-06-18,168,0.25811650709279382
BTCUSDT,2021-06-19,81,-0.657330506905271
BTCUSDT,2021-06-20,79,-1.6686139822617367
BTCUSDT,2021-06-21,275,-1.829478834529042
BTCUSDT,2021-06-22,379,-1.7413048565839795
BTCUSDT,2021-06-23,310,-0.985214012935861
BTCUSDT,2021-06-24,196,-0.70763612759866057
BTCUSDT,2021-06-25,190,-0.5936996374194734
BTCUSDT,2021-06-26,135,-0.58133352802009475
BTCUSDT,2021-06-27,76,-0.54969295132291385
BTCUSDT,2021-06-28,257,0.0038184429153136816
BTCUSDT,2021-06-29,206,-0.48051907090712082
BTCUSDT,2021-06-30,135,0.19461055508209923
BTCUSDT,2021-07-01,169,-0.3837211226317736
BTCUSDT,2021-07-02,232,0.30187435748643582
BTCUSDT,2021-07-03,81,-0.79048243748805569
BTCUSDT,2021-07-04,85,-1.4466088196228095
BTCUSDT,2021-07-05,120,-1.4784964041257858
BTCUSDT,2021-07-06,159,-1.2874648128194386
BTCUSDT,2021-07-07,163,-0.84432502869397408
BTCUSDT,2021-07-08,143,-0.36299266888371723
BTCUSDT,2021-07-09,109,-0.7174522392148116
BTCUSDT,2021-07-10,67,-0.90129566153339724
BTCUSDT,2021-07-11,62,-1.00717038158392
BTCUSDT,2021-07-12,140,-0.31569044766475263
BTCUSDT,2021-07-13,121,-0.813625988135733
BTCUSDT,2021-07-14,122,-0.43516360472778265
BTCUSDT,2021-07-15,123,-0.84417405036862947
BTCUSDT,2021-07-16,121,-0.36655104189867427
BTCUSDT,2021-07-17,66,-0.894531759138111
BTCUSDT,2021-07-18,69,-1.3769988074979684
BTCUSDT,2021-07-19,124,-0.75044862300537318
BTCUSDT,2021-07-20,231,-1.6344005813457727
BTCUSDT,2021-07-21,125,-0.47137454783596811
BTCUSDT,2021-07-22,219,0.059136748517806
BTCUSDT,2021-07-23,130,-0.057709350951359345
BTCUSDT,2021-07-24,59,-0.69469312843020192
BTCUSDT,2021-07-25,56,-0.38621684564477871
BTCUSDT,2021-07-26,266,0.1607425692435116
BTCUSDT,2021-07-27,149,-0.080107315583646588
BTCUSDT,2021-07-28,114,-0.14674023693757934
BTCUSDT,2021-07-29,77,-0.68157921511356778
BTCUSDT,2021-07-30,87,-0.11625595763945069
BTCUSDT,2021-07-31,42,-0.026015020647215246
BTCUSDT,2021-08-01,36,-0.84362642692656076
BTCUSDT,2021-08-02,94,0.13209039461622843
BTCUSDT,2021-08-03,91,-0.0933550967401449
BTCUSDT,2021-08-04,87,-0.39722772529053152
BTCUSDT,2021-08-05,84,0.019287096417239448
BTCUSDT,2021-08-06,74,0.046753933209074811
BTCUSDT,2021-08-07,23,0.50187151954151221
BTCUSDT,2021-08-08,66,-0.9040751296971038
BTCUSDT,2021-08-09,104,-0.25964332877916363
BTCUSDT,2021-08-10,142,0.54397415788857129
BTCUSDT,2021-08-11,104,0.13443487904973744
BTCUSDT,2021-08-12,75,-0.24454660858056509
BTCUSDT,2021-08-13,65,0.876682586467403
BTCUSDT,2021-08-14,42,-0.25226300753573949
BTCUSDT,2021-08-15,17,0.64620055232271589
BTCUSDT,2021-08-16,94,-0.5241931755774637
BTCUSDT,2021-08-17,53,0.808856448472903
BTCUSDT,2021-08-18,49,-0.003737787178551305
BTCUSDT,2021-08-19,108,0.47158199716403609
BTCUSDT,2021-08-20,83,0.29353490893366269
BTCUSDT,2021-08-21,39,0.723887081874974
BTCUSDT,2021-08-22,60,-0.30130340068290568
BTCUSDT,2021-08-23,276,0.024482555531907424
BTCUSDT,2021-08-24,141,0.13628449163309397
BTCUSDT,2021-08-25,150,0.063104675007406158
BTCUSDT,2021-08-26,95,-0.10303647259478123
BTCUSDT,2021-08-27,123,0.073817634130099841
BTCUSDT,2021-08-28,63,-0.24464606247652354
BTCUSDT,2021-08-29,44,0.056290234307861689
BTCUSDT,2021-08-30,76,-0.0090459696822781325
BTCUSDT,2021-08-31,83,-0.84302227352020964
BTCUSDT,2021-09-01,89,0.83935790390708132
BTCUSDT,2021-09-02,112,-0.694512447267815
BTCUSDT,2021-09-03,95,0.23105082105561797
BTCUSDT,2021-09-04,64,-0.034896964691627654
BTCUSDT,2021-09-05,50,-0.071731805845501484
BTCUSDT,2021-09-06,156,-0.087930734176714209
BTCUSDT,2021-09-07,432,-0.25034638659967356
BTCUSDT,2021-09-08,366,-1.0132786117980315
BTCUSDT,2021-09-09,178,0.025065345293422834
BTCUSDT,2021-09-10,120,0.0865879032053783
BTCUSDT,2021-09-11,70,-0.37247836969402004
BTCUSDT,2021-09-12,58,-0.58921580134019136
BTCUSDT,2021-09-13,116,0.086965023767674371
BTCUSDT,2021-09-14,107,0.637343443427466
BTCUSDT,2021-09-15,108,0.12548875635943479
BTCUSDT,2021-09-16,158,-0.36709246408840129
BTCUSDT,2021-09-17,237,0.36094858758273551
BTCUSDT,2021-09-18,31,-0.513859017867818
BTCUSDT,2021-09-19,31,-1.3654640811961567
BTCUSDT,2021-09-20,152,-1.0263616421212471
BTCUSDT,2021-09-21,127,-1.4304953575409711
BTCUSDT,2021-09-22,121,-0.74181915384039576
BTCUSDT,2021-09-23,238,0.38535021707675154
BTCUSDT,2021-09-24,269,-1.9777630970763209
BTCUSDT,2021-09-25,86,-1.2340423665936393
BTCUSDT,2021-09-26,67,-1.5203726803377293
BTCUSDT,2021-09-27,166,-0.35590108092521805
BTCUSDT,2021-09-28,191,-1.8690054135104881
BTCUSDT,2021-09-29,120,-0.020499552644374155
BTCUSDT,2021-09-30,113,-0.029549570603692774
BTCUSDT,2021-10-01,113,-0.5647181419588182
BTCUSDT,2021-10-02,46,-0.39204230443047827
BTCUSDT,2021-10-03,48,-0.752618833336812
BTCUSDT,2021-10-04,97,-0.460064137946486
BTCUSDT,2021-10-05,128,0.19221658341676479
BTCUSDT,2021-10-06,147,-0.14870350285127112
BTCUSDT,2021-10-07,188,0.23370781501596741
BTCUSDT,2021-10-08,128,0.26016630315285977
BTCUSDT,2021-10-09,60,-0.15904218571535561
BTCUSDT,2021-10-10,65,-0.250965536384919
BTCUSDT,2021-10-11,104,-0.13416707028187547
BTCUSDT,2021-10-12,123,-0.34395860844926179
BTCUSDT,2021-10-13,133,-0.074153645722912845
BTCUSDT,2021-10-14,186,-0.32162699482849577
BTCUSDT,2021-10-15,279,0.460767878478317
BTCUSDT,2021-10-16,162,0.61238074325157366
BTCUSDT,2021-10-17,87,0.38680109356149972
BTCUSDT,2021-10-18,363,0.76101078753602613
BTCUSDT,2021-10-19,469,1.2871471513084369
BTCUSDT,2021-10-20,593,0.82091745970750984
BTCUSDT,2021-10-21,380,0.76399752561089851
BTCUSDT,2021-10-22,209,-0.0936678554246636
BTCUSDT,2021-10-23,103,0.30937827321085748
BTCUSDT,2021-10-24,75,0.439783736096594
BTCUSDT,2021-10-25,186,0.23112876432564658
BTCUSDT,2021-10-26,166,0.22528097882279211
BTCUSDT,2021-10-27,147,1.0750663862357996
BTCUSDT,2021-10-28,164,0.4009769117166545
BTCUSDT,2021-10-29,107,0.17172491227641826
BTCUSDT,2021-10-30,44,0.92637382671087976
BTCUSDT,2021-10-31,43,-0.19730599251805206
BTCUSDT,2021-11-01,101,0.7800170902209177
BTCUSDT,2021-11-02,147,1.2331488146198966
BTCUSDT,2021-11-03,124,0.559960742981155
BTCUSDT,2021-11-04,85,0.28916178374508578
BTCUSDT,2021-11-05,143,-0.15809080088194591
BTCUSDT,2021-11-06,47,-0.12930133435291055
BTCUSDT,2021-11-07,51,-0.2083993461705583
BTCUSDT,2021-11-08,149,0.066518679704805156
BTCUSDT,2021-11-09,287,0.36103183654145343
BTCUSDT,2021-11-10,175,0.54175324368191558
BTCUSDT,2021-11-11,128,0.613565898372322
BTCUSDT,2021-11-12,158,0.64142280627685389
BTCUSDT,2021-11-13,110,0.48167433443032764
BTCUSDT,2021-11-14,125,-0.54943108403742758
BTCUSDT,2021-11-15,166,1.2533575569104896
BTCUSDT,2021-11-16,181,-0.63257493465224968
BTCUSDT,2021-11-17,129,0.075760995516016977
BTCUSDT,2021-11-18,177,-0.29011742004421526
BTCUSDT,2021-11-19,127,-0.9534652464527732
BTCUSDT,2021-11-20,85,-0.41594844507469747
BTCUSDT,2021-11-21,381,0.23213911174132665
BTCUSDT,2021-11-22,273,-0.029158725355200546
BTCUSDT,2021-11-23,177,-0.20763721987509279
BTCUSDT,2021-11-24,117,0.10387565628482807
BTCUSDT,2021-11-25,91,-0.34603577215220893
BTCUSDT,2021-11-26,120,-0.73735575249756546
BTCUSDT,2021-11-27,81,0.41203218043515644
BTCUSDT,2021-11-28,51,-0.40964854624784347
BTCUSDT,2021-11-29,124,-0.29052635316573922
BTCUSDT,2021-11-30,133,0.080995143112524
BTCUSDT,2021-12-01,98,0.18558185470707481
BTCUSDT,2021-12-02,141,-0.04160647211760464
BTCUSDT,2021-12-03,87,0.50465702945209989
BTCUSDT,2021-12-04,145,-1.5388981507411401
BTCUSDT,2021-12-05,90,-0.978623120560511
BTCUSDT,2021-12-06,170,-1.2012603466311738
BTCUSDT,2021-12-07,181,-0.61016304687731815
BTCUSDT,2021-12-08,127,-0.21227243846799254
BTCUSDT,2021-12-09,102,0.089109193693326483
BTCUSDT,2021-12-10,92,-0.003138590079108685
BTCUSDT,2021-12-11,59,0.13169798543718553
BTCUSDT,2021-12-12,59,-0.63520637913933886
BTCUSDT,2021-12-13,106,-0.088063036298361874
BTCUSDT,2021-12-14,153,-0.2149320938766362
BTCUSDT,2021-12-15,122,0.29693160362699483
BTCUSDT,2021-12-16,100,0.023014769525384424
BTCUSDT,2021-12-17,100,0.035734120017270228
BTCUSDT,2021-12-18,60,0.53032927102265925
BTCUSDT,2021-12-19,57,0.016906307348728451
BTCUSDT,2021-12-20,119,0.069289931139917521
BTCUSDT,2021-12-21,130,0.02998416679550198
BTCUSDT,2021-12-22,176,-0.350141613249603
BTCUSDT,2021-12-23,112,0.46615799346297238
BTCUSDT,2021-12-24,93,0.18166599972762759
BTCUSDT,2021-12-25,44,1.4006288126513384
BTCUSDT,2021-12-26,68,1.3277255505627019
BTCUSDT,2021-12-27,84,0.8523358578372795
BTCUSDT,2021-12-28,88,-0.695604521900044
BTCUSDT,2021-12-29,139,-0.0057064503017620581
BTCUSDT,2021-12-30,114,-0.031847785563048889
BTCUSDT,2021-12-31,83,0.26825246902734051
BTCUSDT,2022-01-01,61,0.46753616211725935
BTCUSDT,2022-01-02,64,-0.36587579869632259
BTCUSDT,2022-01-03,111,0.07070551414384281
BTCUSDT,2022-01-04,121,0.22034529644483125
BTCUSDT,2022-01-05,141,0.050529994203916538
BTCUSDT,2022-01-06,213,-0.9982481332945774
BTCUSDT,2022-01-07,222,-1.3252313383536836
BTCUSDT,2022-01-08,113,-1.4976491224821651
BTCUSDT,2022-01-09,80,-0.76015167504649528
BTCUSDT,2022-01-10,220,-0.65625445506719937
BTCUSDT,2022-01-11,173,-0.50946249151645329
BTCUSDT,2022-01-12,168,-0.50234829821717519
BTCUSDT,2022-01-13,137,-0.4573038031706641
BTCUSDT,2022-01-14,113,0.0036959008575057368
BTCUSDT,2022-01-15,55,0.42737929409876796
BTCUSDT,2022-01-16,97,-0.20305017016709873
BTCUSDT,2022-01-17,115,0.59711457539832913
BTCUSDT,2022-01-18,99,-0.75684267676922512
BTCUSDT,2022-01-19,119,0.0027480472405141329
BTCUSDT,2022-01-20,133,0.0936352419011557
BTCUSDT,2022-01-21,196,-1.2153430843532862
BTCUSDT,2022-01-22,237,-1.8081020603143094
BTCUSDT,2022-01-23,175,-2.0236321895635783
BTCUSDT,2022-01-24,217,-1.5276012497802245
BTCUSDT,2022-01-25,167,-0.708443589409994
BTCUSDT,2022-01-26,256,0.19145172172600239
BTCUSDT,2022-01-27,110,-0.34427673144065746
BTCUSDT,2022-01-28,93,-0.42747175998553133
BTCUSDT,2022-01-29,42,-0.43668528587976807
BTCUSDT,2022-01-30,47,-0.13894472253845053
BTCUSDT,2022-01-31,88,0.22915618517863695
BTCUSDT,2022-02-01,96,0.44441614085800774
BTCUSDT,2022-02-02,95,-0.18578903030388821
BTCUSDT,2022-02-03,136,-0.29380250142572961
BTCUSDT,2022-02-04,106,0.449918999837418
BTCUSDT,2022-02-05,79,-0.14568172588535816
BTCUSDT,2022-02-06,66,0.097531902882014063
BTCUSDT,2022-02-07,184,0.14026483232349773
BTCUSDT,2022-02-08,294,-1.5164504634436822
BTCUSDT,2022-02-09,146,-1.1766510641968888
BTCUSDT,2022-02-10,120,-0.62404620540137523
BTCUSDT,2022-02-11,63,-0.853548088838621
BTCUSDT,2022-02-12,42,-0.47885780502248554
BTCUSDT,2022-02-13,38,-0.80191540866461741
BTCUSDT,2022-02-14,88,-0.00077327649539363566
BTCUSDT,2022-02-15,110,0.052970767681261
BTCUSDT,2022-02-16,95,0.45123823121850315
BTCUSDT,2022-02-17,99,-0.29260336300575379
BTCUSDT,2022-02-18,122,-0.68990323390474939
BTCUSDT,2022-02-19,87,-0.21787481027226605
BTCUSDT,2022-02-20,59,-1.5892831135538168
BTCUSDT,2022-02-21,133,-1.473449346598195
BTCUSDT,2022-02-22,129,-0.9626015029122944
BTCUSDT,2022-02-23,94,-0.22683476629755561
BTCUSDT,2022-02-24,143,-1.4140765578694514
BTCUSDT,2022-02-25,125,-1.1492588336555329
BTCUSDT,2022-02-26,98,-0.937188343474253
BTCUSDT,2022-02-27,42,-0.87556378630075382
BTCUSDT,2022-02-28,120,-0.20179331129179554
BTCUSDT,2022-03-01,137,-1.6710740989378094
BTCUSDT,2022-03-02,135,-0.9782956254655969
BTCUSDT,2022-03-03,115,-0.69949785527010788
BTCUSDT,2022-03-04,90,-0.61475677086578784
BTCUSDT,2022-03-05,46,-1.127747785240093
BTCUSDT,2022-03-06,35,-0.89937284450703248
BTCUSDT,2022-03-07,144,-0.74174951611441586
BTCUSDT,2022-03-08,102,-0.71587526626467646
BTCUSDT,2022-03-09,99,0.48732414705179661
BTCUSDT,2022-03-10,113,0.3959507960416378
BTCUSDT,2022-03-11,91,0.11354474469027551
BTCUSDT,2022-03-12,34,-0.22648430388812485
BTCUSDT,2022-03-13,27,-0.21253970842186509
BTCUSDT,2022-03-14,102,-0.51372925539742975
BTCUSDT,2022-03-15,90,-0.23222571235185002
BTCUSDT,2022-03-16,105,-0.165877026667883
BTCUSDT,2022-03-17,86,-0.088134797483720009
BTCUSDT,2022-03-18,58,-0.17792604096252626
BTCUSDT,2022-03-19,37,0.078413137093481661
BTCUSDT,2022-03-20,47,0.077710458839547719
BTCUSDT,2022-03-21,75,0.14629342881263968
BTCUSDT,2022-03-22,116,0.018473697903388889
BTCUSDT,2022-03-23,81,-0.12398089576539133
BTCUSDT,2022-03-24,111,-0.26696557688831313
BTCUSDT,2022-03-25,80,0.013171257446445685
BTCUSDT,2022-03-26,45,-0.9176003544918826
BTCUSDT,2022-03-27,101,0.047017952108813321
BTCUSDT,2022-03-28,133,-0.37408274248429146
BTCUSDT,2022-03-29,106,0.27461774344251977
BTCUSDT,2022-03-30,91,0.29923588417868013
BTCUSDT,2022-03-31,85,-0.071767760751855841
BTCUSDT,2022-04-01,69,-0.03827608295242077
BTCUSDT,2022-04-02,48,-0.070333715468526681
BTCUSDT,2022-04-03,82,1.0155151716914086
BTCUSDT,2022-04-04,108,0.2276226188701701
BTCUSDT,2022-04-05,145,-0.21454141213028935
BTCUSDT,2022-04-06,131,-0.66499559131939789
BTCUSDT,2022-04-07,121,-0.11089419902348692
BTCUSDT,2022-04-08,147,-0.046778797054869391
BTCUSDT,2022-04-09,60,-0.26303988805167672
BTCUSDT,2022-04-10,67,-0.69932611296398894
BTCUSDT,2022-04-11,114,-0.48074072256983341
BTCUSDT,2022-04-12,94,-0.27833687181123096
BTCUSDT,2022-04-13,76,0.13026030980120734
BTCUSDT,2022-04-14,85,0.31893925322610661
BTCUSDT,2022-04-15,45,0.12647956160752988
BTCUSDT,2022-04-16,29,0.024739010567992659
BTCUSDT,2022-04-17,50,0.59124146009439749
BTCUSDT,2022-04-18,90,-0.34278295094326244
BTCUSDT,2022-04-19,78,0.17075180158904313
BTCUSDT,2022-04-20,98,0.061794492038403329
BTCUSDT,2022-04-21,325,-1.0864525057087617
BTCUSDT,2022-04-22,90,0.43179757584329148
BTCUSDT,2022-04-23,31,-0.7674547036794811
BTCUSDT,2022-04-24,34,-0.54535814386632042
BTCUSDT,2022-04-25,95,0.55265784802827767
BTCUSDT,2022-04-26,106,0.087379039932076907
BTCUSDT,2022-04-27,150,0.76488251528602624
BTCUSDT,2022-04-28,109,0.12630980861132149
BTCUSDT,2022-04-29,72,0.62057043363217823
BTCUSDT,2022-04-30,43,0.37700383933247072
BTCUSDT,2022-05-01,73,-0.18240306509962934
BTCUSDT,2022-05-02,96,-0.0018490459843865227
BTCUSDT,2022-05-03,74,0.17522971126038422
BTCUSDT,2022-05-04,116,-0.091366670865709668
BTCUSDT,2022-05-05,78,0.37706587539107261
BTCUSDT,2022-05-06,101,-0.611348300489622
BTCUSDT,2022-05-07,39,-0.88727308684144512
BTCUSDT,2022-05-08,56,-0.85920293206216025
BTCUSDT,2022-05-09,206,-1.4504541228591179
BTCUSDT,2022-05-10,166,-1.3929440153620578
BTCUSDT,2022-05-11,131,-1.8074281588914123
BTCUSDT,2022-05-12,210,-1.8442222827828667
BTCUSDT,2022-05-13,157,-1.7200025720573369
BTCUSDT,2022-05-14,78,-1.2448422673056216
BTCUSDT,2022-05-15,51,-1.8105835198297173
BTCUSDT,2022-05-16,112,-0.73411235228852023
BTCUSDT,2022-05-17,106,-1.2508702259661035
BTCUSDT,2022-05-18,82,-0.78167699022872428
BTCUSDT,2022-05-19,78,-0.24357217158706265
BTCUSDT,2022-05-20,59,0.25774413865025825
BTCUSDT,2022-05-21,41,-1.0335516265464979
BTCUSDT,2022-05-22,45,0.016981095735163446
BTCUSDT,2022-05-23,114,0.45196173561186215
BTCUSDT,2022-05-24,79,0.027575643267496161
BTCUSDT,2022-05-25,79,-0.014609587271542469
BTCUSDT,2022-05-26,83,-0.16124164396908275
BTCUSDT,2022-05-27,80,0.11989565918046963
BTCUSDT,2022-05-28,43,0.22303445340152819
BTCUSDT,2022-05-29,27,-0.12251988960103957
BTCUSDT,2022-05-30,67,0.15780931247716917
BTCUSDT,2022-05-31,75,0.52076839727261082
BTCUSDT,2022-06-01,60,-0.36169362632606167
BTCUSDT,2022-06-02,65,-0.972957517887223
BTCUSDT,2022-06-03,89,-1.0768006995150763
BTCUSDT,2022-06-04,33,-1.7915231965224823
BTCUSDT,2022-06-05,30,-1.1833843193634097
BTCUSDT,2022-06-06,86,-0.292357095626021
BTCUSDT,2022-06-07,137,0.29574082871832236
BTCUSDT,2022-06-08,106,0.31121197510110687
BTCUSDT,2022-06-09,113,0.65502102406240315
BTCUSDT,2022-06-10,97,0.70950050759063
BTCUSDT,2022-06-11,36,-0.17422502017326175
BTCUSDT,2022-06-12,48,-0.15065216416176222
BTCUSDT,2022-06-13,252,-1.8932141269785616
BTCUSDT,2022-06-14,272,-1.946893238428278
BTCUSDT,2022-06-15,191,-1.9341594660309045
BTCUSDT,2022-06-16,142,-1.7742693250094228
BTCUSDT,2022-06-17,121,-1.5055350310631683
BTCUSDT,2022-06-18,125,-2.4065637271492735
BTCUSDT,2022-06-19,142,-2.7896200462036229
BTCUSDT,2022-06-20,145,-1.4689630276898722
BTCUSDT,2022-06-21,107,-0.95259412868639015
BTCUSDT,2022-06-22,109,-0.97074108784565982
BTCUSDT,2022-06-23,75,0.023467035644561922
BTCUSDT,2022-06-24,84,-0.39368581123141549
BTCUSDT,2022-06-25,62,-1.7057124311404519
BTCUSDT,2022-06-26,36,-0.81707729473051671
BTCUSDT,2022-06-27,79,-0.67237895965919814
BTCUSDT,2022-06-28,77,-0.860075748204339
BTCUSDT,2022-06-29,69,-0.76964749596160509
BTCUSDT,2022-06-30,183,-1.4983433145781644
BTCUSDT,2022-07-01,101,-1.6262813492382071
BTCUSDT,2022-07-02,56,-1.2726958791543794
BTCUSDT,2022-07-03,30,-1.4759931979078937
BTCUSDT,2022-07-04,57,-0.32166393538664234
BTCUSDT,2022-07-05,67,-1.384301050267319
BTCUSDT,2022-07-06,73,-1.502010386796826
BTCUSDT,2022-07-07,135,-0.27776939099364217
BTCUSDT,2022-07-08,56,-0.38839660353471156
BTCUSDT,2022-07-09,28,-0.6494035307760524
BTCUSDT,2022-07-10,18,0.22105299027375927
BTCUSDT,2022-07-11,61,-1.1102053152758404
BTCUSDT,2022-07-12,67,-1.2379332053478644
BTCUSDT,2022-07-13,91,-0.709346633078554
BTCUSDT,2022-07-14,84,-0.7342342217344634
BTCUSDT,2022-07-15,64,-1.2601373540530096
BTCUSDT,2022-07-16,37,-1.1231125878943848
BTCUSDT,2022-07-17,37,-0.86218619357576509
BTCUSDT,2022-07-18,71,-0.57822363021449352
BTCUSDT,2022-07-19,81,-0.19004566918957366
BTCUSDT,2022-07-20,93,-0.91153475434477182
BTCUSDT,2022-07-21,178,-0.63361589294931464
BTCUSDT,2022-07-22,65,-0.74597073071758557
BTCUSDT,2022-07-23,37,-1.2479524791274816
BTCUSDT,2022-07-24,88,2.933204446606354
BTCUSDT,2022-07-25,77,-0.25433676656388821
BTCUSDT,2022-07-26,88,-0.31370067103479088
BTCUSDT,2022-07-27,65,0.271219809449117
BTCUSDT,2022-07-28,64,0.14512259930116583
BTCUSDT,2022-07-29,52,0.002453734999436602
BTCUSDT,2022-07-30,43,-0.034212500384732558
BTCUSDT,2022-07-31,27,-0.75317536881401081
BTCUSDT,2022-08-01,56,0.7405490186972925
BTCUSDT,2022-08-02,66,-0.2644803768960618
BTCUSDT,2022-08-03,83,-0.51222689103786512
BTCUSDT,2022-08-04,80,-0.99247591895491716
BTCUSDT,2022-08-05,91,0.22126710369321109
BTCUSDT,2022-08-06,21,0.76774108231948235
BTCUSDT,2022-08-07,18,0.15908865844674405
BTCUSDT,2022-08-08,50,0.15507547008858447
BTCUSDT,2022-08-09,61,-0.94576096247287511
BTCUSDT,2022-08-10,63,-0.29301369438726832
BTCUSDT,2022-08-11,179,2.1371127762938835
BTCUSDT,2022-08-12,94,0.42386503018202504
BTCUSDT,2022-08-13,21,0.93433547106745707
BTCUSDT,2022-08-14,36,-0.42846044795543792
BTCUSDT,2022-08-15,69,0.13048040497808011
BTCUSDT,2022-08-16,89,-0.1459444048379297
BTCUSDT,2022-08-17,95,-0.59064595351932692
BTCUSDT,2022-08-18,68,-0.085849825009010061
BTCUSDT,2022-08-19,75,-0.99187639229988089
BTCUSDT,2022-08-20,42,-0.34914834158077696
BTCUSDT,2022-08-21,20,-0.23149856580566097
BTCUSDT,2022-08-22,98,-0.11513102605114842
BTCUSDT,2022-08-23,91,0.13692032751995176
BTCUSDT,2022-08-24,66,0.65914806340937493
BTCUSDT,2022-08-25,61,-0.25098978867887339
BTCUSDT,2022-08-26,64,-0.38594961487615642
BTCUSDT,2022-08-27,30,-1.7059287077113476
BTCUSDT,2022-08-28,43,-1.6167990184147567
BTCUSDT,2022-08-29,92,-1.0020540658513772
BTCUSDT,2022-08-30,61,-0.13160717939347238
BTCUSDT,2022-08-31,43,0.1451048733784811
BTCUSDT,2022-09-01,88,-0.59227349975799726
BTCUSDT,2022-09-02,41,-0.28692278233123591
BTCUSDT,2022-09-03,31,-1.2702164923913415
BTCUSDT,2022-09-04,24,-1.7941925212953922
BTCUSDT,2022-09-05,44,-0.51902117271561465
BTCUSDT,2022-09-06,70,0.0030001879372314882
BTCUSDT,2022-09-07,118,-0.34321491398663867
BTCUSDT,2022-09-08,64,0.40981320180365655
BTCUSDT,2022-09-09,106,-0.2002590747407722
BTCUSDT,2022-09-10,27,0.49447970743856284
BTCUSDT,2022-09-11,27,0.52620099580528323
BTCUSDT,2022-09-12,77,-0.045802894060183758
BTCUSDT,2022-09-13,66,-0.56338971151882777
BTCUSDT,2022-09-14,77,-0.648087229866677
BTCUSDT,2022-09-15,86,-0.02246388517778479
BTCUSDT,2022-09-16,55,-0.15778891264666575
BTCUSDT,2022-09-17,33,0.61541761157828678
BTCUSDT,2022-09-18,33,-1.13795859492656
BTCUSDT,2022-09-19,81,-0.53100546244122648
BTCUSDT,2022-09-20,70,0.34991027966276617
BTCUSDT,2022-09-21,64,0.7964064793843364
BTCUSDT,2022-09-22,60,0.17025626614680597
BTCUSDT,2022-09-23,40,0.15950954438369769
BTCUSDT,2022-09-24,33,1.1307167399940812
BTCUSDT,2022-09-25,41,1.5581880686336782
BTCUSDT,2022-09-26,38,0.30100254504216084
BTCUSDT,2022-09-27,77,-1.1439329855468883
BTCUSDT,2022-09-28,64,-0.88550249688263061
BTCUSDT,2022-09-29,41,0.22142656738957767
BTCUSDT,2022-09-30,40,-0.34141665846571151
BTCUSDT,2022-10-01,23,-0.07954615542566712
BTCUSDT,2022-10-02,32,-0.47616641786138514
BTCUSDT,2022-10-03,42,-0.3312902561083968
BTCUSDT,2022-10-04,73,0.68007309805530658
BTCUSDT,2022-10-05,53,0.12446547195330834
BTCUSDT,2022-10-06,54,0.53095792224522875
BTCUSDT,2022-10-07,47,-0.82203884963296248
BTCUSDT,2022-10-08,23,-0.85432998959726447
BTCUSDT,2022-10-09,30,0.30945678717357894
BTCUSDT,2022-10-10,58,-0.80984323513223355
BTCUSDT,2022-10-11,73,-0.43647398497128587
BTCUSDT,2022-10-12,106,-0.32169791494550504
BTCUSDT,2022-10-13,68,-1.0195772385152873
BTCUSDT,2022-10-14,43,-0.6509386456315619
BTCUSDT,2022-10-15,27,0.6504520125570058
BTCUSDT,2022-10-16,25,-0.89606301823171441
BTCUSDT,2022-10-17,46,-0.22051750666048345
BTCUSDT,2022-10-18,55,-0.35030926992798028
BTCUSDT,2022-10-19,62,-0.33751205298850429
BTCUSDT,2022-10-20,69,0.11280775077454541
BTCUSDT,2022-10-21,66,0.030159145671318964
BTCUSDT,2022-10-22,26,-0.4543509416144193
BTCUSDT,2022-10-23,12,-1.5232785386599419
BTCUSDT,2022-10-24,46,-0.01539964248878109
BTCUSDT,2022-10-25,59,-0.61696014904488017
BTCUSDT,2022-10-26,96,0.18703187460210666
BTCUSDT,2022-10-27,44,-0.37333968845220766
BTCUSDT,2022-10-28,36,1.0178863411589036
BTCUSDT,2022-10-29,27,1.0572493805309668
BTCUSDT,2022-10-30,15,0.42953400931318075
BTCUSDT,2022-10-31,29,-0.34891433764863489
BTCUSDT,2022-11-01,46,0.73181585552332384
BTCUSDT,2022-11-02,59,0.53529727224553991
BTCUSDT,2022-11-03,42,-0.043942380172814766
BTCUSDT,2022-11-04,62,0.916805279806328
BTCUSDT,2022-11-05,20,0.884711758612549
BTCUSDT,2022-11-06,29,0.57826411477683748
BTCUSDT,2022-11-07,73,1.0811744702661712
BTCUSDT,2022-11-08,133,-2.427748273189243
BTCUSDT,2022-11-09,142,-1.8176491385467064
BTCUSDT,2022-11-10,239,-0.10411388069582582
BTCUSDT,2022-11-11,20,-1.7220263619441392
BTCUSDT,2022-11-12,51,-1.2965208431097239
BTCUSDT,2022-11-13,38,-2.1004852552318218
BTCUSDT,2022-11-14,313,-2.0586046246125593
BTCUSDT,2022-11-15,92,-1.2753703785266706
BTCUSDT,2022-11-16,63,-1.6613385993983851
BTCUSDT,2022-11-17,125,-0.63519241434930851
BTCUSDT,2022-11-18,230,-2.4546420304153713
BTCUSDT,2022-11-19,91,-2.0950842697123608
BTCUSDT,2022-11-20,116,-2.8777692046562136
BTCUSDT,2022-11-21,313,-2.6331646133907789
BTCUSDT,2022-11-22,244,-2.7392540551556812
BTCUSDT,2022-11-23,61,-0.81480724800534543
BTCUSDT,2022-11-24,48,-0.75844455168926239
BTCUSDT,2022-11-25,43,-0.56747521706319448
BTCUSDT,2022-11-26,35,-0.65597742968324468
BTCUSDT,2022-11-27,39,-0.58989634948838532
BTCUSDT,2022-11-28,81,-1.0728999913229855
BTCUSDT,2022-11-29,76,-0.718068683487339
BTCUSDT,2022-11-30,117,0.66765472957003413
BTCUSDT,2022-12-01,81,-0.80423414989509356
BTCUSDT,2022-12-02,76,-0.31043296942927473
BTCUSDT,2022-12-03,46,-2.0513485305092773
BTCUSDT,2022-12-04,24,-0.81898285519749536
BTCUSDT,2022-12-05,56,-0.96233735716036617
BTCUSDT,2022-12-06,75,-0.7449844186545822
BTCUSDT,2022-12-07,62,0.028096818852026209
BTCUSDT,2022-12-08,53,-0.43160780430527534
BTCUSDT,2022-12-09,77,0.063827674775965862
BTCUSDT,2022-12-10,30,0.20865734814571685
BTCUSDT,2022-12-11,43,-1.0057813910151392
BTCUSDT,2022-12-12,54,-0.89757482490889251
BTCUSDT,2022-12-13,98,-1.4655001165644184
BTCUSDT,2022-12-14,78,-1.0508811532857649
BTCUSDT,2022-12-15,48,-0.57643249193470736
BTCUSDT,2022-12-16,46,-0.25442171417012849
BTCUSDT,2022-12-17,27,-1.4429474994734386
BTCUSDT,2022-12-18,29,-0.85996602292198621
BTCUSDT,2022-12-19,51,-0.23643265631397239
BTCUSDT,2022-12-20,69,-0.48590021270731792
BTCUSDT,2022-12-21,71,-0.99201940532906652
BTCUSDT,2022-12-22,279,-3.3284499775373111
BTCUSDT,2022-12-23,195,-3.5022079375893402
BTCUSDT,2022-12-24,31,-0.83315996735901354
BTCUSDT,2022-12-25,31,-1.5834442281962526
BTCUSDT,2022-12-26,32,-0.15213743152248949
BTCUSDT,2022-12-27,49,-1.3858724528566664
BTCUSDT,2022-12-28,82,-0.11954926870252075
BTCUSDT,2022-12-29,277,-3.1365468911948
BTCUSDT,2022-12-30,79,-1.3999202670634716
BTCUSDT,2022-12-31,38,0.64621308613874251
BTCUSDT,2023-01-01,42,0.60697207396373176
BTCUSDT,2023-01-02,53,-0.2506062599608011
BTCUSDT,2023-01-03,69,-0.45311111903953905
BTCUSDT,2023-01-04,75,-0.4954948912535852
BTCUSDT,2023-01-05,64,-0.71386400984643927
BTCUSDT,2023-01-06,45,-0.053769284485985558
BTCUSDT,2023-01-07,26,-0.1688725746828893
BTCUSDT,2023-01-08,115,-0.84411132120140342
BTCUSDT,2023-01-09,236,-1.1520088149016146
BTCUSDT,2023-01-10,267,-1.0122052057437889
BTCUSDT,2023-01-11,244,-0.87136914423528111
BTCUSDT,2023-01-12,249,-0.64460087590133086
BTCUSDT,2023-01-13,300,-0.83296930029330318
BTCUSDT,2023-01-14,185,-1.0567753695141018
BTCUSDT,2023-01-15,85,-0.74921831257843718
BTCUSDT,2023-01-16,216,-1.1094726626910318
BTCUSDT,2023-01-17,344,-1.0528709555845679
BTCUSDT,2023-01-18,291,-1.1460157629792254
BTCUSDT,2023-01-19,267,-1.1811052954622572
BTCUSDT,2023-01-20,274,-1.1798028211270934
BTCUSDT,2023-01-21,189,-1.0993643371826851
BTCUSDT,2023-01-22,165,-1.1901100125333148
BTCUSDT,2023-01-23,286,-0.92271085720251267
BTCUSDT,2023-01-24,254,-1.3762282010983131
BTCUSDT,2023-01-25,250,-1.4669336149273797
BTCUSDT,2023-01-26,235,-0.8953848369367392
BTCUSDT,2023-01-27,249,-1.072441044368823
BTCUSDT,2023-01-28,181,-1.1839576249211183
BTCUSDT,2023-01-29,166,-1.2949031545710101
BTCUSDT,2023-01-30,256,-1.386093129435813
BTCUSDT,2023-01-31,289,-1.1592684501712602
BTCUSDT,2023-02-01,236,-1.1755627793627712
BTCUSDT,2023-02-02,248,-0.94561229292309834
BTCUSDT,2023-02-03,340,-0.65665882555335264
BTCUSDT,2023-02-04,176,-1.1671963278860324
BTCUSDT,2023-02-05,187,-1.4300566948886666
BTCUSDT,2023-02-06,308,-1.2521456964360302
BTCUSDT,2023-02-07,247,-0.83066147913432942
BTCUSDT,2023-02-08,308,-1.0964900825637525
BTCUSDT,2023-02-09,204,-1.0127480598224377
BTCUSDT,2023-02-10,236,-1.38026629196867
BTCUSDT,2023-02-11,190,-1.3158650765402855
BTCUSDT,2023-02-12,171,-1.1384483141576249
BTCUSDT,2023-02-13,258,-1.3179150613222179
BTCUSDT,2023-02-14,275,-1.0583540145646981
BTCUSDT,2023-02-15,190,-0.6380198049914716
BTCUSDT,2023-02-16,285,-1.0641173797558054
BTCUSDT,2023-02-17,287,-0.95659130517848157
BTCUSDT,2023-02-18,176,-1.4380290654934065
BTCUSDT,2023-02-19,153,-1.2853611128024434
BTCUSDT,2023-02-20,264,-1.1038747504924726
BTCUSDT,2023-02-21,296,-0.80673532985642171
BTCUSDT,2023-02-22,213,-1.1659743987012172
BTCUSDT,2023-02-23,187,-0.88337507329427967
BTCUSDT,2023-02-24,140,-0.8968452664782316
BTCUSDT,2023-02-25,113,-1.1461864918500839
BTCUSDT,2023-02-26,69,-1.1528491992706182
BTCUSDT,2023-02-27,50,-0.43685031645780115
BTCUSDT,2023-02-28,229,-1.0860382656089567
BTCUSDT,2023-03-01,235,-0.641068755044321
BTCUSDT,2023-03-02,146,-0.64944751576438342
BTCUSDT,2023-03-03,207,-1.0262649801347745
BTCUSDT,2023-03-04,155,-1.0471822398796415
BTCUSDT,2023-03-05,155,-1.2568337368156222
BTCUSDT,2023-03-06,220,-1.0660930077566519
BTCUSDT,2023-03-07,277,-1.0455786008769952
BTCUSDT,2023-03-08,188,-0.84120492246096168
BTCUSDT,2023-03-09,245,-1.0588731106494351
BTCUSDT,2023-03-10,176,-1.2873487632201805
BTCUSDT,2023-03-11,173,-1.1038530121774748
BTCUSDT,2023-03-12,128,-1.1366751002365529
BTCUSDT,2023-03-13,235,-1.0241955294506218
BTCUSDT,2023-03-14,216,-1.09005828287853
BTCUSDT,2023-03-15,187,-1.1812383095750512
BTCUSDT,2023-03-16,253,-1.1454061935900903
BTCUSDT,2023-03-17,241,-1.1813244754807326
BTCUSDT,2023-03-18,199,-1.3167327577872365
BTCUSDT,2023-03-19,166,-0.92603639014156358
BTCUSDT,2023-03-20,251,-0.94657560232560234
BTCUSDT,2023-03-21,241,-0.72035028743165441
BTCUSDT,2023-03-22,89,1.1175850673108356
BTCUSDT,2023-03-23,148,-0.58048981499355889
BTCUSDT,2023-03-24,257,-0.6279327191655667
BTCUSDT,2023-03-25,137,-0.36039783084070159
BTCUSDT,2023-03-26,241,-0.839521211821641
BTCUSDT,2023-03-27,417,-0.92403410507161843
BTCUSDT,2023-03-28,194,-0.76531786668677815
BTCUSDT,2023-03-29,310,-0.80260824478168424
BTCUSDT,2023-03-30,314,-0.55656255691927237
BTCUSDT,2023-03-31,350,-1.3628467049637898
BTCUSDT,2023-04-01,190,-0.56106448940662135
BTCUSDT,2023-04-02,201,-0.87843831359839275
BTCUSDT,2023-04-03,324,-0.62107909631911307
BTCUSDT,2023-04-04,368,-0.61470176233218365
BTCUSDT,2023-04-05,383,-1.039027766377427
BTCUSDT,2023-04-06,375,-0.71662290471458323
BTCUSDT,2023-04-07,307,-0.96309676871956518
BTCUSDT,2023-04-08,204,-0.49737507792391428
BTCUSDT,2023-04-09,205,-0.878109687856415
BTCUSDT,2023-04-10,354,-1.0373370760297187
BTCUSDT,2023-04-11,552,-0.55912510515007174
BTCUSDT,2023-04-12,417,-0.83262438628105573
BTCUSDT,2023-04-13,384,-0.6481037206985043
BTCUSDT,2023-04-14,324,-0.9503388374778966
BTCUSDT,2023-04-15,206,-0.970691739308251
BTCUSDT,2023-04-16,186,-0.75080107427524645
BTCUSDT,2023-04-17,186,-0.24048900042344745
BTCUSDT,2023-04-18,134,0.16624292330048304
BTCUSDT,2023-04-19,137,-0.11231922706546305
BTCUSDT,2023-04-20,100,-0.02547855212010719
BTCUSDT,2023-04-21,83,0.59832254468445578
BTCUSDT,2023-04-22,53,0.67062605572214573
BTCUSDT,2023-04-23,51,0.084534585699402656
BTCUSDT,2023-04-24,112,-0.078975384457992293
BTCUSDT,2023-04-25,112,-0.090435569502302388
BTCUSDT,2023-04-26,128,0.21559869439550181
BTCUSDT,2023-04-27,157,0.30485403123230853
BTCUSDT,2023-04-28,166,-0.37740467597552418
BTCUSDT,2023-04-29,58,-0.41623443224956297
BTCUSDT,2023-04-30,52,0.77279740384482332
BTCUSDT,2023-05-01,108,0.21504211844613111
BTCUSDT,2023-05-02,107,0.61002747314802841
BTCUSDT,2023-05-03,115,-0.099823847453636844
BTCUSDT,2023-05-04,146,0.32718557294429684
BTCUSDT,2023-05-05,102,0.19418395904943025
BTCUSDT,2023-05-06,57,0.66109508532219563
BTCUSDT,2023-05-07,66,0.18884769742272603
BTCUSDT,2023-05-08,147,-0.61234778281580349
BTCUSDT,2023-05-09,136,-0.4789319571779877
BTCUSDT,2023-05-10,152,0.070269253344297025
BTCUSDT,2023-05-11,124,-0.63097768673455079
BTCUSDT,2023-05-12,109,-0.3751511724006929
BTCUSDT,2023-05-13,76,0.86563073907187416
BTCUSDT,2023-05-14,62,0.18787363031653881
BTCUSDT,2023-05-15,135,0.86606657975445067
BTCUSDT,2023-05-16,144,0.81307420748913717
BTCUSDT,2023-05-17,115,0.98531443829301446
BTCUSDT,2023-05-18,116,0.54202739002483735
BTCUSDT,2023-05-19,127,1.0709607605086113
BTCUSDT,2023-05-20,103,1.860348382044043
BTCUSDT,2023-05-21,69,1.0712798792218736
BTCUSDT,2023-05-22,125,0.51911974271433892
BTCUSDT,2023-05-23,85,-0.20511755652147617
BTCUSDT,2023-05-24,93,0.7185230779940005
BTCUSDT,2023-05-25,105,0.10606707010251147
BTCUSDT,2023-05-26,111,0.48639145151646912
BTCUSDT,2023-05-27,61,1.449330305376997
BTCUSDT,2023-05-28,50,0.91142010569069865
BTCUSDT,2023-05-29,81,1.1531640691166398
BTCUSDT,2023-05-30,78,1.0769456281232153
BTCUSDT,2023-05-31,139,0.81251613428176306
BTCUSDT,2023-06-01,94,0.88979827356459
BTCUSDT,2023-06-02,141,0.58964484995339772
BTCUSDT,2023-06-03,51,1.1529009419747718
BTCUSDT,2023-06-04,43,1.0535042668016366
BTCUSDT,2023-06-05,158,-2.5508362696312337
BTCUSDT,2023-06-06,166,-0.94397112482690637
BTCUSDT,2023-06-07,151,0.4839323807419853
BTCUSDT,2023-06-08,69,-0.29049980604522563
BTCUSDT,2023-06-09,99,-0.5717516651404847
BTCUSDT,2023-06-10,73,-0.30247900725581717
BTCUSDT,2023-06-11,55,0.38317084928377271
BTCUSDT,2023-06-12,83,-0.016929098976977308
BTCUSDT,2023-06-13,105,0.49464976453092563
BTCUSDT,2023-06-14,124,0.10223470540038204
BTCUSDT,2023-06-15,161,0.53682717001659441
BTCUSDT,2023-06-16,161,0.39355980540258684
BTCUSDT,2023-06-17,67,0.23917318253317355
BTCUSDT,2023-06-18,66,0.25722132223663541
BTCUSDT,2023-06-19,111,0.43221131345468466
BTCUSDT,2023-06-20,155,0.5596523403960485
BTCUSDT,2023-06-21,249,0.50174149770297694
BTCUSDT,2023-06-22,210,0.58516369196977858
BTCUSDT,2023-06-23,170,0.61575698132907852
BTCUSDT,2023-06-24,93,0.2961147135797022
BTCUSDT,2023-06-25,80,0.22752422158973173
BTCUSDT,2023-06-26,180,0.74580093729286534
BTCUSDT,2023-06-27,198,0.67986354852345521
BTCUSDT,2023-06-28,135,0.40528228802532579
BTCUSDT,2023-06-29,143,1.0091211645013931
BTCUSDT,2023-06-30,165,0.79141601562438335
BTCUSDT,2023-07-01,75,0.43452580606661773
BTCUSDT,2023-07-02,68,0.2585777643118245
BTCUSDT,2023-07-03,140,0.14850950380476347
BTCUSDT,2023-07-04,136,0.40539823720357304
BTCUSDT,2023-07-05,129,0.69326538043947017
BTCUSDT,2023-07-06,173,0.55255550832167266
BTCUSDT,2023-07-07,127,0.39355568889596826
BTCUSDT,2023-07-08,81,0.51652458647970689
BTCUSDT,2023-07-09,56,0.76226186868483037
BTCUSDT,2023-07-10,134,0.78150023514078137
BTCUSDT,2023-07-11,146,0.927134938591574
BTCUSDT,2023-07-12,143,0.3857745205678183
BTCUSDT,2023-07-13,72,0.10834681623678619
BTCUSDT,2023-07-14,135,0.77245799285893479
BTCUSDT,2023-07-15,65,1.2814248037670739
BTCUSDT,2023-07-16,40,0.879245834438593
BTCUSDT,2023-07-17,114,0.00023242412881768759
BTCUSDT,2023-07-18,88,0.708160251667892
BTCUSDT,2023-07-19,101,1.035115622576164
BTCUSDT,2023-07-20,134,1.0673539484129668
BTCUSDT,2023-07-21,94,-0.030619915258895403
BTCUSDT,2023-07-22,54,0.5023883807120193
BTCUSDT,2023-07-23,57,0.82008388531298748
BTCUSDT,2023-07-24,89,0.47113889148249954
BTCUSDT,2023-07-25,102,0.49893113487435015
BTCUSDT,2023-07-26,82,-0.54285195160125455
BTCUSDT,2023-07-27,82,0.70794035932535682
BTCUSDT,2023-07-28,65,0.36698524164605895
BTCUSDT,2023-07-29,48,-0.040721520746062445
BTCUSDT,2023-07-30,57,1.0513122911792196
BTCUSDT,2023-07-31,73,0.96998447826344059
BTCUSDT,2023-08-01,87,0.62940522033244317
BTCUSDT,2023-08-02,102,0.4189709812347896
BTCUSDT,2023-08-03,99,-0.026497799301193444
BTCUSDT,2023-08-04,110,0.083635609747132134
BTCUSDT,2023-08-05,70,0.05411568156753982
BTCUSDT,2023-08-06,54,0.83182498842372421
BTCUSDT,2023-08-07,85,0.70770172954655619
BTCUSDT,2023-08-08,90,0.72360065885509528
BTCUSDT,2023-08-09,90,0.34312370263458725
BTCUSDT,2023-08-10,75,0.61631341703503362
BTCUSDT,2023-08-11,87,-0.28426647766913438
BTCUSDT,2023-08-12,49,0.49766592372678187
BTCUSDT,2023-08-13,57,0.56297919818477038
BTCUSDT,2023-08-14,128,0.58557273013967837
BTCUSDT,2023-08-15,117,0.32658834740577575
BTCUSDT,2023-08-16,122,0.32913604117930362
BTCUSDT,2023-08-17,122,-0.35405397217261925
BTCUSDT,2023-08-18,264,-1.3890933381083388
BTCUSDT,2023-08-19,76,-0.8800559190752012
BTCUSDT,2023-08-20,48,-0.28682670716825087
BTCUSDT,2023-08-21,98,-0.39941245633293215
BTCUSDT,2023-08-22,91,0.032038549698840735
BTCUSDT,2023-08-23,105,-0.12056391796777412
BTCUSDT,2023-08-24,90,-0.58645173489865166
BTCUSDT,2023-08-25,89,0.59491669919384826
BTCUSDT,2023-08-26,45,0.84082652323626028
BTCUSDT,2023-08-27,35,0.59587647955825318
BTCUSDT,2023-08-28,54,0.90292048680726189
BTCUSDT,2023-08-29,294,0.31144236735816544
BTCUSDT,2023-08-30,243,0.43123050352974335
BTCUSDT,2023-08-31,160,1.1801118283226488
BTCUSDT,2023-09-01,152,0.21843371538524742
BTCUSDT,2023-09-02,67,0.45832441229898307
BTCUSDT,2023-09-03,53,0.20061712713784813
BTCUSDT,2023-09-04,83,0.65983150365174237
BTCUSDT,2023-09-05,111,0.64835706060860487
BTCUSDT,2023-09-06,118,0.74965127026610223
BTCUSDT,2023-09-07,131,0.99856174366634443
BTCUSDT,2023-09-08,143,0.80942857240608912
BTCUSDT,2023-09-09,75,-0.7110798911123728
BTCUSDT,2023-09-10,38,-0.036652729358009589
BTCUSDT,2023-09-11,163,-0.7460804892713615
BTCUSDT,2023-09-12,135,0.12735398462408493
BTCUSDT,2023-09-13,134,0.19172806953407848
BTCUSDT,2023-09-14,101,-0.0634270636947949
BTCUSDT,2023-09-15,109,0.79168573139638931
BTCUSDT,2023-09-16,38,0.33535379655317138
BTCUSDT,2023-09-17,32,1.2289303743611817
BTCUSDT,2023-09-18,104,0.47085586102265875
BTCUSDT,2023-09-19,115,0.68740321882201461
BTCUSDT,2023-09-20,105,1.5348301876127162
BTCUSDT,2023-09-21,93,-0.034759446302392576
BTCUSDT,2023-09-22,103,0.971750888195739
BTCUSDT,2023-09-23,56,-0.14605450049424937
BTCUSDT,2023-09-24,37,-0.027652832663931565
BTCUSDT,2023-09-25,85,0.32391147872401871
BTCUSDT,2023-09-26,121,-0.24681877362010171
BTCUSDT,2023-09-27,126,0.023070104596294966
BTCUSDT,2023-09-28,136,-0.1830129565583658
BTCUSDT,2023-09-29,132,0.69033901298568756
BTCUSDT,2023-09-30,74,0.42610340234357297
BTCUSDT,2023-10-01,49,1.3161492169743469
BTCUSDT,2023-10-02,140,0.40159639501094341
BTCUSDT,2023-10-03,120,0.7721603590935141
BTCUSDT,2023-10-04,107,0.27905540924311323
BTCUSDT,2023-10-05,133,0.44469397447982772
BTCUSDT,2023-10-06,90,1.2238269815553511
BTCUSDT,2023-10-07,34,0.96550731670289092
BTCUSDT,2023-10-08,31,0.66784349745248361
BTCUSDT,2023-10-09,81,0.81618654849070671
BTCUSDT,2023-10-10,160,-0.34779845083581395
BTCUSDT,2023-10-11,109,0.77937914965377086
BTCUSDT,2023-10-12,91,0.91872021113470059
BTCUSDT,2023-10-13,118,0.61393310017646174
BTCUSDT,2023-10-14,75,0.92094420708582114
BTCUSDT,2023-10-15,47,0.39072517942931556
BTCUSDT,2023-10-16,217,0.19949468357434316
BTCUSDT,2023-10-17,213,0.36336275609602936
BTCUSDT,2023-10-18,142,0.715245778813453
BTCUSDT,2023-10-19,164,1.1025672093410224
BTCUSDT,2023-10-20,192,0.54408235318148412
BTCUSDT,2023-10-21,80,1.134533956464143
BTCUSDT,2023-10-22,54,0.316988542414814
BTCUSDT,2023-10-23,132,0.68730923167143509
BTCUSDT,2023-10-24,367,0.66355899479367664
BTCUSDT,2023-10-25,233,0.9558603481701986
BTCUSDT,2023-10-26,118,0.956822472421187
BTCUSDT,2023-10-27,153,0.56595981738691914
BTCUSDT,2023-10-28,84,0.19330595414097063
BTCUSDT,2023-10-29,72,1.4173229880774103
BTCUSDT,2023-10-30,151,2.0186968691235432
BTCUSDT,2023-10-31,194,0.92653456452734084
BTCUSDT,2023-11-01,121,1.2591430078157486
BTCUSDT,2023-11-02,131,1.1143137102139216
BTCUSDT,2023-11-03,140,0.25773166281908044
BTCUSDT,2023-11-04,68,0.26953620351754343
BTCUSDT,2023-11-05,70,0.80685859824136053
BTCUSDT,2023-11-06,155,0.51551419347733107
BTCUSDT,2023-11-07,133,0.48041069313924523
BTCUSDT,2023-11-08,161,1.1932285175294528
BTCUSDT,2023-11-09,188,0.950714156329291
BTCUSDT,2023-11-10,154,0.9889570220137951
BTCUSDT,2023-11-11,50,0.567154924131981
BTCUSDT,2023-11-12,50,0.88748469867499191
BTCUSDT,2023-11-13,131,1.3803626320858644
BTCUSDT,2023-11-14,146,0.38071118147123917
BTCUSDT,2023-11-15,121,1.0670423141269969
BTCUSDT,2023-11-16,123,1.1799635088654647
BTCUSDT,2023-11-17,127,1.1363904647090275
BTCUSDT,2023-11-18,58,0.90314007098215487
BTCUSDT,2023-11-19,40,0.58555918132360008
BTCUSDT,2023-11-20,95,1.4516474978152474
BTCUSDT,2023-11-21,112,0.66699615040122084
BTCUSDT,2023-11-22,154,-0.011651427250809657
BTCUSDT,2023-11-23,124,0.542216758946506
BTCUSDT,2023-11-24,163,0.80462957417619407
BTCUSDT,2023-11-25,70,0.69014246501302923
BTCUSDT,2023-11-26,48,0.83054309955764716
BTCUSDT,2023-11-27,122,0.90445903818061457
BTCUSDT,2023-11-28,115,0.7688371778796812
BTCUSDT,2023-11-29,147,0.75242729187247437
BTCUSDT,2023-11-30,153,0.97511165884803874
BTCUSDT,2023-12-01,153,0.54491637946214122
BTCUSDT,2023-12-02,96,0.7117464123653634
BTCUSDT,2023-12-03,72,0.41330820542050406
BTCUSDT,2023-12-04,411,0.57594700573997981
BTCUSDT,2023-12-05,275,0.73715300306132181
BTCUSDT,2023-12-06,279,0.393819670440764
BTCUSDT,2023-12-07,209,0.48552454308788051
BTCUSDT,2023-12-08,143,1.2847121314618517
BTCUSDT,2023-12-09,77,0.48763689292279
BTCUSDT,2023-12-10,65,0.40340307085686927
BTCUSDT,2023-12-11,155,0.038038667392783276
BTCUSDT,2023-12-12,213,0.58133088334056371
BTCUSDT,2023-12-13,151,0.8132796076605493
BTCUSDT,2023-12-14,152,1.1024525338931837
BTCUSDT,2023-12-15,110,1.12265053846151
BTCUSDT,2023-12-16,74,0.1460023023908899
BTCUSDT,2023-12-17,82,0.480290026136191
BTCUSDT,2023-12-18,133,1.1864253382419609
BTCUSDT,2023-12-19,159,1.4322263576489289
BTCUSDT,2023-12-20,168,1.2813924577482103
BTCUSDT,2023-12-21,141,0.87961857584445968
BTCUSDT,2023-12-22,139,1.623140668159849
BTCUSDT,2023-12-23,77,0.68033786203834479
BTCUSDT,2023-12-24,79,-0.076760270508196546
BTCUSDT,2023-12-25,88,0.4320548024921429
BTCUSDT,2023-12-26,120,0.398591225026064
BTCUSDT,2023-12-27,156,0.725325632602032
BTCUSDT,2023-12-28,222,0.60025523054654939
BTCUSDT,2023-12-29,171,0.93427392722916824
BTCUSDT,2023-12-30,116,0.66019739163199209
BTCUSDT,2023-12-31,67,0.9060295454677908
BTCUSDT,2024-01-01,80,0.38320344731680411
BTCUSDT,2024-01-02,243,0.4985577666049949
BTCUSDT,2024-01-03,292,0.17633918726235104
BTCUSDT,2024-01-04,250,0.36069171122740767
BTCUSDT,2024-01-05,192,1.2001427299884706
BTCUSDT,2024-01-06,92,1.0390724965184073
BTCUSDT,2024-01-07,67,0.63301999480149174
BTCUSDT,2024-01-08,270,0.55183480948987262
BTCUSDT,2024-01-09,342,0.27425554576342992
BTCUSDT,2024-01-10,881,-0.63393505923532356
BTCUSDT,2024-01-11,1019,0.862122292637018
BTCUSDT,2024-01-12,560,0.65988044032731052
BTCUSDT,2024-01-13,153,0.42544715574566982
BTCUSDT,2024-01-14,129,0.62231650252764159
BTCUSDT,2024-01-15,252,0.51988134590200408
BTCUSDT,2024-01-16,217,0.74089449385107342
BTCUSDT,2024-01-17,273,1.2137457307939237
BTCUSDT,2024-01-18,242,1.261266892456762
BTCUSDT,2024-01-19,244,0.8475685733734839
BTCUSDT,2024-01-20,112,0.71440216764879183
BTCUSDT,2024-01-21,98,0.77793688971009467
BTCUSDT,2024-01-22,206,0.52260595265482757
BTCUSDT,2024-01-23,326,0.087326220053782475
BTCUSDT,2024-01-24,222,0.2361523331056497
BTCUSDT,2024-01-25,186,0.21018502658815669
BTCUSDT,2024-01-26,204,0.46163184309692373
BTCUSDT,2024-01-27,97,1.3457454991601363
BTCUSDT,2024-01-28,93,1.216920111447223
BTCUSDT,2024-01-29,169,0.75987929668921428
BTCUSDT,2024-01-30,233,-0.053371550670016227
BTCUSDT,2024-01-31,167,0.61084448256899238
BTCUSDT,2024-02-01,150,0.19345134754221782
BTCUSDT,2024-02-02,145,-0.052594562686699785
BTCUSDT,2024-02-03,133,0.35148666798144013
BTCUSDT,2024-02-04,77,0.3730767547136
BTCUSDT,2024-02-05,189,0.36661703548300756
BTCUSDT,2024-02-06,128,0.66617741486890447
BTCUSDT,2024-02-07,181,1.2866852648167839
BTCUSDT,2024-02-08,194,0.58317411842121847
BTCUSDT,2024-02-09,246,0.7924185567530061
BTCUSDT,2024-02-10,104,0.87905307159820034
BTCUSDT,2024-02-11,88,1.0466613958761872
BTCUSDT,2024-02-12,305,0.76192956418715629
BTCUSDT,2024-02-13,376,0.40474076511084051
BTCUSDT,2024-02-14,296,0.82840373201032969
BTCUSDT,2024-02-15,241,0.65756789029077256
BTCUSDT,2024-02-16,222,0.501817460911056
BTCUSDT,2024-02-17,106,0.87888448865973512
BTCUSDT,2024-02-18,81,0.64462166167643864
BTCUSDT,2024-02-19,146,0.55274639027559447
BTCUSDT,2024-02-20,178,0.9946597248902922
BTCUSDT,2024-02-21,162,0.69231931349472764
BTCUSDT,2024-02-22,168,1.0302668197017686
BTCUSDT,2024-02-23,163,0.878703595326833
BTCUSDT,2024-02-24,93,0.52101980207629206
BTCUSDT,2024-02-25,103,1.1574985982378896
BTCUSDT,2024-02-26,163,0.53869683128903179
BTCUSDT,2024-02-27,398,0.55886855879938191
BTCUSDT,2024-02-28,551,0.5896847876480108
BTCUSDT,2024-02-29,479,0.30573580585437465
BTCUSDT,2024-03-01,251,0.553318961093464
BTCUSDT,2024-03-02,108,0.75959953493876742
BTCUSDT,2024-03-03,112,0.62268135784646994
BTCUSDT,2024-03-04,363,0.42516514589118765
BTCUSDT,2024-03-05,605,0.34055221788195711
BTCUSDT,2024-03-06,418,0.16787508906153259
BTCUSDT,2024-03-07,256,0.4160842351824362
BTCUSDT,2024-03-08,283,0.66818740504070673
BTCUSDT,2024-03-09,178,0.33355328544473711
BTCUSDT,2024-03-10,140,0.4105164069992705
BTCUSDT,2024-03-11,611,0.27805356008462956
BTCUSDT,2024-03-12,431,0.55665657328364382
BTCUSDT,2024-03-13,340,0.13494540272926672
BTCUSDT,2024-03-14,269,0.24151358165474779
BTCUSDT,2024-03-15,318,-0.27188935732677566
BTCUSDT,2024-03-16,151,0.0019031480276256868
BTCUSDT,2024-03-17,125,0.48431944359003409
BTCUSDT,2024-03-18,189,0.60614855248730382
BTCUSDT,2024-03-19,321,-0.29674726862857947
BTCUSDT,2024-03-20,258,0.12404425452507073
BTCUSDT,2024-03-21,238,0.45481798363814147
BTCUSDT,2024-03-22,218,0.34580077251553248
BTCUSDT,2024-03-23,101,0.64132523170545808
BTCUSDT,2024-03-24,97,0.6134973342154818
BTCUSDT,2024-03-25,246,0.18998315894188122
BTCUSDT,2024-03-26,275,0.59209292477302944
BTCUSDT,2024-03-27,190,0.24187138523371071
BTCUSDT,2024-03-28,236,0.4534703819428943
BTCUSDT,2024-03-29,190,0.50688187049147826
BTCUSDT,2024-03-30,93,-0.75559350397778524
BTCUSDT,2024-03-31,106,0.67686273601215874
BTCUSDT,2024-04-01,181,0.3604829521385215
BTCUSDT,2024-04-02,229,0.07130679600443339
BTCUSDT,2024-04-03,222,0.24802992061820542
BTCUSDT,2024-04-04,209,0.52397175056164669
BTCUSDT,2024-04-05,271,-1.004880314587774
BTCUSDT,2024-04-06,75,0.057960212550973361
BTCUSDT,2024-04-07,82,0.58080145919393222
BTCUSDT,2024-04-08,192,0.30133760103430274
BTCUSDT,2024-04-09,256,0.52045225493082081
BTCUSDT,2024-04-10,208,1.1864395226599143
BTCUSDT,2024-04-11,198,0.64582025486991368
BTCUSDT,2024-04-12,205,1.1970142888102964
BTCUSDT,2024-04-13,120,-1.0181902872894679
BTCUSDT,2024-04-14,137,-1.005364940655725
BTCUSDT,2024-04-15,270,0.32896304191891512
BTCUSDT,2024-04-16,200,0.28334514675193467
BTCUSDT,2024-04-17,264,-0.018382530242179576
BTCUSDT,2024-04-18,275,-0.51366514688986931
BTCUSDT,2024-04-19,391,-0.26697094309480718
BTCUSDT,2024-04-20,238,0.2546246044773593
BTCUSDT,2024-04-21,130,0.64202585395983414
BTCUSDT,2024-04-22,227,0.64103523838266252
BTCUSDT,2024-04-23,207,0.64548785830323752
BTCUSDT,2024-04-24,176,0.12193073245482412
BTCUSDT,2024-04-25,182,0.28170359308631032
BTCUSDT,2024-04-26,152,-0.10876218740181794
BTCUSDT,2024-04-27,86,0.46639010401032377
BTCUSDT,2024-04-28,70,0.64528887431751814
BTCUSDT,2024-04-29,150,0.61942677650450462
BTCUSDT,2024-04-30,216,-0.14151188403125384
BTCUSDT,2024-05-01,226,-1.7749388709953455
BTCUSDT,2024-05-02,220,-0.50543075538759474
BTCUSDT,2024-05-03,161,0.22520191425438757
BTCUSDT,2024-05-04,100,-0.4890857900202592
BTCUSDT,2024-05-05,58,1.1436685751422311
BTCUSDT,2024-05-06,155,0.97244434898132737
BTCUSDT,2024-05-07,164,0.57733591108005766
BTCUSDT,2024-05-08,101,0.094042626971937715
BTCUSDT,2024-05-09,138,-0.28262138531374048
BTCUSDT,2024-05-10,122,-0.070542653881482079
BTCUSDT,2024-05-11,67,0.41395585507815574
BTCUSDT,2024-05-12,50,0.16249889325694761
BTCUSDT,2024-05-13,133,0.48878523227629517
BTCUSDT,2024-05-14,151,0.65549767542385429
BTCUSDT,2024-05-15,199,1.0426410893446865
BTCUSDT,2024-05-16,195,0.56099535548742085
BTCUSDT,2024-05-17,130,1.1331631477539132
BTCUSDT,2024-05-18,63,0.92844274970609753
BTCUSDT,2024-05-19,45,0.44462437748719874
BTCUSDT,2024-05-20,178,0.18448567961880991
BTCUSDT,2024-05-21,209,0.48005315716642244
BTCUSDT,2024-05-22,206,1.1203808777062423
BTCUSDT,2024-05-23,161,0.6687887669327649
BTCUSDT,2024-05-24,146,1.2481160528035133
BTCUSDT,2024-05-25,72,0.41381056427587226
BTCUSDT,2024-05-26,96,0.906262315509002
BTCUSDT,2024-05-27,135,0.66756016548372876
BTCUSDT,2024-05-28,173,0.12299674208819371
BTCUSDT,2024-05-29,211,0.9013677833555912
BTCUSDT,2024-05-30,169,0.71170393932022524
BTCUSDT,2024-05-31,150,0.190706630454974
BTCUSDT,2024-06-01,127,-0.44708333098492703
BTCUSDT,2024-06-02,75,0.32118969104312589
BTCUSDT,2024-06-03,149,0.2104231798826782
BTCUSDT,2024-06-04,163,0.70627472111180034
BTCUSDT,2024-06-05,217,0.58532629082171361
BTCUSDT,2024-06-06,164,0.343979906981063
BTCUSDT,2024-06-07,131,0.57824144028399893
BTCUSDT,2024-06-08,99,0.57860516334265022
BTCUSDT,2024-06-09,65,0.44048128681416271
BTCUSDT,2024-06-10,99,0.57630376990010246
BTCUSDT,2024-06-11,155,0.0003034515761577844
BTCUSDT,2024-06-12,120,0.52752221998901616
BTCUSDT,2024-06-13,119,0.041975072993857929
BTCUSDT,2024-06-14,125,0.031981968576496309
BTCUSDT,2024-06-15,105,0.46442739331421773
BTCUSDT,2024-06-16,87,0.15772191779408473
BTCUSDT,2024-06-17,117,0.098795929411272521
BTCUSDT,2024-06-18,120,0.46503501535543179
BTCUSDT,2024-06-19,129,0.058882798320183921
BTCUSDT,2024-06-20,124,0.29887225142333973
BTCUSDT,2024-06-21,92,0.12904161998444044
BTCUSDT,2024-06-22,76,0.99283336642282483
BTCUSDT,2024-06-23,90,0.43628726448591854
BTCUSDT,2024-06-24,163,-1.0168615928296536
BTCUSDT,2024-06-25,150,-0.72484437679100955
BTCUSDT,2024-06-26,105,0.11100045407103537
BTCUSDT,2024-06-27,141,0.53414106677665352
BTCUSDT,2024-06-28,117,1.3072499015541132
BTCUSDT,2024-06-29,214,-1.0181386826970258
BTCUSDT,2024-06-30,70,0.71264632174668685
BTCUSDT,2024-07-01,102,1.6877290433584333
BTCUSDT,2024-07-02,97,0.45619691099797643
BTCUSDT,2024-07-03,141,0.81479994867685313
BTCUSDT,2024-07-04,141,0.15825350800933177
BTCUSDT,2024-07-05,228,-1.1639481692123612
BTCUSDT,2024-07-06,75,-0.25222272667299561
BTCUSDT,2024-07-07,68,-0.89860488411449668
BTCUSDT,2024-07-08,132,-0.67298497710363614
BTCUSDT,2024-07-09,134,0.43542602818451259
BTCUSDT,2024-07-10,168,0.31783567827382031
BTCUSDT,2024-07-11,161,0.11016230540720613
BTCUSDT,2024-07-12,114,0.37950877001725392
BTCUSDT,2024-07-13,73,0.324560855640711
BTCUSDT,2024-07-14,91,-0.041032903763618261
BTCUSDT,2024-07-15,214,-0.43019688298872877
BTCUSDT,2024-07-16,149,0.47384742126881468
BTCUSDT,2024-07-17,151,0.84837807762173933
BTCUSDT,2024-07-18,136,0.42251213185325859
BTCUSDT,2024-07-19,135,0.11254432669755457
BTCUSDT,2024-07-20,89,0.56822785706584944
BTCUSDT,2024-07-21,95,0.21204021533466849
BTCUSDT,2024-07-22,143,0.41152822698243757
BTCUSDT,2024-07-23,161,1.3982312165508486
BTCUSDT,2024-07-24,145,0.87407529520011962
BTCUSDT,2024-07-25,152,0.32696879822244818
BTCUSDT,2024-07-26,166,1.3542255494663453
BTCUSDT,2024-07-27,140,0.93217858724629132
BTCUSDT,2024-07-28,280,0.20304971913630657
BTCUSDT,2024-07-29,282,0.81332062245865966
BTCUSDT,2024-07-30,190,0.35342031972205956
BTCUSDT,2024-07-31,145,0.75829044917707056
BTCUSDT,2024-08-01,109,0.44173315642723482
BTCUSDT,2024-08-02,111,0.37132296096288331
BTCUSDT,2024-08-03,52,2.0663928211456071
BTCUSDT,2024-08-04,70,-0.23476673150081512
BTCUSDT,2024-08-05,301,-2.3915918805121748
BTCUSDT,2024-08-06,157,-0.7602809758065604
BTCUSDT,2024-08-07,151,0.15390740844470413
BTCUSDT,2024-08-08,123,0.28729209370925823
BTCUSDT,2024-08-09,139,-0.39924649099361753
BTCUSDT,2024-08-10,39,-0.29039982807841758
BTCUSDT,2024-08-11,41,0.54439890028941451
BTCUSDT,2024-08-12,86,-0.57325521456594
BTCUSDT,2024-08-13,98,0.70491567570025471
BTCUSDT,2024-08-14,98,0.32380985507248045
BTCUSDT,2024-08-15,104,0.43547116078520343
BTCUSDT,2024-08-16,123,0.751742070837806
BTCUSDT,2024-08-17,64,0.30243928177143853
BTCUSDT,2024-08-18,60,0.33429529232617106
BTCUSDT,2024-08-19,115,0.42980621125914542
BTCUSDT,2024-08-20,98,0.54540264025378882
BTCUSDT,2024-08-21,112,0.36591200327150092
BTCUSDT,2024-08-22,99,0.984680684001014
BTCUSDT,2024-08-23,104,0.6948750587249648
BTCUSDT,2024-08-24,61,0.93560340696228927
BTCUSDT,2024-08-25,39,0.45478205135645122
BTCUSDT,2024-08-26,109,0.53521457393058036
BTCUSDT,2024-08-27,108,1.3005673254987202
BTCUSDT,2024-08-28,180,-0.18025078259672786
BTCUSDT,2024-08-29,174,0.78621313334169973
BTCUSDT,2024-08-30,106,0.44179616378730274
BTCUSDT,2024-08-31,60,1.1095737051688688
BTCUSDT,2024-09-01,53,-0.062672182848614977
BTCUSDT,2024-09-02,115,0.19287685523724318
BTCUSDT,2024-09-03,140,0.647162025554291
BTCUSDT,2024-09-04,161,-0.15729723351520747
BTCUSDT,2024-09-05,164,0.55115679051264943
BTCUSDT,2024-09-06,108,0.0978810829149919
BTCUSDT,2024-09-07,104,0.068184347519966132
BTCUSDT,2024-09-08,63,0.18573046580186381
BTCUSDT,2024-09-09,168,0.6432514821849985
BTCUSDT,2024-09-10,128,0.40993390868233381
BTCUSDT,2024-09-11,139,0.13746719893636455
BTCUSDT,2024-09-12,137,0.91101866447793289
BTCUSDT,2024-09-13,125,0.579089263044386
BTCUSDT,2024-09-14,62,1.2831784150807954
BTCUSDT,2024-09-15,63,1.1797546240634165
BTCUSDT,2024-09-16,90,0.15807089398123622
BTCUSDT,2024-09-17,121,0.82701927381679474
BTCUSDT,2024-09-18,125,0.30670707036415779
BTCUSDT,2024-09-19,125,-0.48928000988012993
BTCUSDT,2024-09-20,84,0.36533489477752479
BTCUSDT,2024-09-21,61,1.0162871642594935
BTCUSDT,2024-09-22,47,0.98120739479252483
BTCUSDT,2024-09-23,118,0.77767318297012333
BTCUSDT,2024-09-24,93,0.87755397375191568
BTCUSDT,2024-09-25,106,0.747703296336932
BTCUSDT,2024-09-26,71,1.2652135445150896
BTCUSDT,2024-09-27,83,0.25876062240670067
BTCUSDT,2024-09-28,40,1.0313511022214319
BTCUSDT,2024-09-29,38,0.70179403952832364
BTCUSDT,2024-09-30,92,0.47483235083075331
BTCUSDT,2024-10-01,96,0.36735085917402
BTCUSDT,2024-10-02,100,-0.51250669918376879
BTCUSDT,2024-10-03,101,0.30972741741183607
BTCUSDT,2024-10-04,118,0.021098370974797317
BTCUSDT,2024-10-05,41,0.99036202459097911
BTCUSDT,2024-10-06,38,-0.046239830550022627
BTCUSDT,2024-10-07,91,1.0973002671958172
BTCUSDT,2024-10-08,113,0.10799530583028372
BTCUSDT,2024-10-09,177,-0.44469749992528035
BTCUSDT,2024-10-10,129,0.29021935238170171
BTCUSDT,2024-10-11,108,0.5152612931307573
BTCUSDT,2024-10-12,44,0.65130825430658013
BTCUSDT,2024-10-13,46,1.0480519194158666
BTCUSDT,2024-10-14,113,0.5133372249404613
BTCUSDT,2024-10-15,129,1.4391062081616852
BTCUSDT,2024-10-16,142,0.95176044663394976
BTCUSDT,2024-10-17,135,-0.023938513778944404
BTCUSDT,2024-10-18,125,0.49329276213243134
BTCUSDT,2024-10-19,78,1.4548276326259686
BTCUSDT,2024-10-20,73,0.84837968257741081
BTCUSDT,2024-10-21,112,0.82674018686552819
BTCUSDT,2024-10-22,115,0.44632902095465438
BTCUSDT,2024-10-23,112,0.71223934964135938
BTCUSDT,2024-10-24,99,0.32126352802620323
BTCUSDT,2024-10-25,111,0.99720423837605743
BTCUSDT,2024-10-26,57,0.49594711161986721
BTCUSDT,2024-10-27,55,0.90260841882132548
BTCUSDT,2024-10-28,110,0.67768642060745887
BTCUSDT,2024-10-29,218,0.91058637260744346
BTCUSDT,2024-10-30,193,1.15605389600698
BTCUSDT,2024-10-31,144,0.96068466858978707
BTCUSDT,2024-11-01,104,0.59099694765929434
BTCUSDT,2024-11-02,53,0.51802731379596223
BTCUSDT,2024-11-03,67,0.58780402548252064
BTCUSDT,2024-11-04,128,0.4247352614011799
BTCUSDT,2024-11-05,121,0.75304797313841232
BTCUSDT,2024-11-06,415,1.0940682327724067
BTCUSDT,2024-11-07,228,0.965004902936017
BTCUSDT,2024-11-08,171,0.93553710003143575
BTCUSDT,2024-11-09,88,0.43531435307302685
BTCUSDT,2024-11-10,176,1.3240569709264047
BTCUSDT,2024-11-11,397,1.1485497753800418
BTCUSDT,2024-11-12,420,0.99473360471353944
BTCUSDT,2024-11-13,287,0.90155863533075919
BTCUSDT,2024-11-14,240,0.98535311542054027
BTCUSDT,2024-11-15,196,0.60645097061273279
BTCUSDT,2024-11-16,73,0.59061754880868533
BTCUSDT,2024-11-17,62,0.62680580309481948
BTCUSDT,2024-11-18,169,1.0607130117934047
BTCUSDT,2024-11-19,202,0.7927144489814798
BTCUSDT,2024-11-20,361,0.689945051403555
BTCUSDT,2024-11-21,484,0.25854490074645481
BTCUSDT,2024-11-22,330,0.23623278653232055
BTCUSDT,2024-11-23,120,0.38340355046705543
BTCUSDT,2024-11-24,77,0.18783729211947184
BTCUSDT,2024-11-25,186,0.54878356487141977
BTCUSDT,2024-11-26,225,0.33111272516025642
BTCUSDT,2024-11-27,154,0.491305966622344
BTCUSDT,2024-11-28,109,0.625966419383518
BTCUSDT,2024-11-29,124,0.13554493187203992
BTCUSDT,2024-11-30,80,0.63975550239593348
BTCUSDT,2024-12-01,57,0.037002095037662983
BTCUSDT,2024-12-02,160,0.78013698938603027
BTCUSDT,2024-12-03,127,0.44359704212867335
BTCUSDT,2024-12-04,141,-0.26738640752349596
BTCUSDT,2024-12-05,767,0.56266618930591084
BTCUSDT,2024-12-06,276,0.79733417261555506
BTCUSDT,2024-12-07,106,0.507357308229387
BTCUSDT,2024-12-08,90,0.51615917148514545
BTCUSDT,2024-12-09,183,0.70365307277267786
BTCUSDT,2024-12-10,185,0.24264644363553117
BTCUSDT,2024-12-11,141,0.50120285536839393
BTCUSDT,2024-12-12,171,0.64645219067011728
BTCUSDT,2024-12-13,155,1.0734136847969056
BTCUSDT,2024-12-14,81,0.711289268431613
BTCUSDT,2024-12-15,51,0.48407228316561085
BTCUSDT,2024-12-16,381,1.0517833900237605
BTCUSDT,2024-12-17,274,1.0666832977266176
BTCUSDT,2024-12-18,224,1.3298471527145557
BTCUSDT,2024-12-19,232,0.467657675481379
BTCUSDT,2024-12-20,223,-0.27356145411078625
BTCUSDT,2024-12-21,89,0.46399821602623187
BTCUSDT,2024-12-22,56,-0.41145811722554454
BTCUSDT,2024-12-23,153,0.041040388606650796
BTCUSDT,2024-12-24,161,0.73117743189951423
BTCUSDT,2024-12-25,147,0.23999697061933967
BTCUSDT,2024-12-26,162,0.24100015342773468
BTCUSDT,2024-12-27,134,0.27481925695369425
BTCUSDT,2024-12-28,103,1.1583788809439644
BTCUSDT,2024-12-29,68,0.3748894078739663
BTCUSDT,2024-12-30,134,0.71692628130016178
BTCUSDT,2024-12-31,146,0.98597021256357475
BTCUSDT,2025-01-01,102,0.966577444538529
BTCUSDT,2025-01-02,128,1.1386790440655692
BTCUSDT,2025-01-03,131,0.63686908217901328
BTCUSDT,2025-01-04,64,0.27850298646780025
BTCUSDT,2025-01-05,68,1.0221956397597234
BTCUSDT,2025-01-06,145,0.94244469916257079
BTCUSDT,2025-01-07,150,1.102046161912801
BTCUSDT,2025-01-08,124,-0.067994911693959714
BTCUSDT,2025-01-09,155,-0.38178438957547012
BTCUSDT,2025-01-10,143,0.70428856247696237
BTCUSDT,2025-01-11,86,0.65606281970692837
BTCUSDT,2025-01-12,56,0.63762330268827216
BTCUSDT,2025-01-13,142,0.4043321123248147
BTCUSDT,2025-01-14,152,0.75182242062744264
BTCUSDT,2025-01-15,166,1.2240622907869425
BTCUSDT,2025-01-16,149,0.85791704206476083
BTCUSDT,2025-01-17,281,0.42629377849549449
BTCUSDT,2025-01-18,135,0.24793395375473049
BTCUSDT,2025-01-19,86,0.79135853431134
BTCUSDT,2025-01-20,345,0.69825216324789507
BTCUSDT,2025-01-21,243,0.78544930056791551
BTCUSDT,2025-01-22,164,0.70931480603836528
BTCUSDT,2025-01-23,162,0.93318483392299212
BTCUSDT,2025-01-24,157,0.86431517983188688
BTCUSDT,2025-01-25,78,0.898424597694918
BTCUSDT,2025-01-26,53,0.40820986608520421
BTCUSDT,2025-01-27,126,-0.36438494605171179
BTCUSDT,2025-01-28,97,1.1844325922544463
BTCUSDT,2025-01-29,149,1.4093225065244714
BTCUSDT,2025-01-30,165,1.1080183104612069
BTCUSDT,2025-01-31,142,0.58660632003025548
BTCUSDT,2025-02-01,76,-0.21591299839868555
BTCUSDT,2025-02-02,96,-1.0068051175186592
BTCUSDT,2025-02-03,183,-1.1200066631112797
BTCUSDT,2025-02-04,147,0.20076671535383578
BTCUSDT,2025-02-05,130,0.72836821977005672
BTCUSDT,2025-02-06,175,0.87747656255340767
BTCUSDT,2025-02-07,138,0.80540776330660346
BTCUSDT,2025-02-08,78,1.1764009495670718
BTCUSDT,2025-02-09,60,0.056553832612508986
BTCUSDT,2025-02-10,117,-0.46395678747129948
BTCUSDT,2025-02-11,123,0.43684600368663584
BTCUSDT,2025-02-12,98,0.11049907906005857
BTCUSDT,2025-02-13,127,0.012501832828986734
BTCUSDT,2025-02-14,156,0.89974631255688275
BTCUSDT,2025-02-15,46,1.6209805095743279
BTCUSDT,2025-02-16,43,0.73595637101864453
BTCUSDT,2025-02-17,134,0.79784574905713057
BTCUSDT,2025-02-18,96,0.2705871159168492
BTCUSDT,2025-02-19,89,0.46922645163850241
BTCUSDT,2025-02-20,97,1.5750012171486716
BTCUSDT,2025-02-21,97,0.76173705469411823
BTCUSDT,2025-02-22,137,1.3805828692306139
BTCUSDT,2025-02-23,75,-0.8272872875401972
BTCUSDT,2025-02-24,103,0.2742268480591008
BTCUSDT,2025-02-25,200,-1.8739472800906483
BTCUSDT,2025-02-26,162,-0.9140666566154948
BTCUSDT,2025-02-27,178,-0.89202890112910138
BTCUSDT,2025-02-28,225,-1.4593474358509422
BTCUSDT,2025-03-01,97,-0.35640899080117433
BTCUSDT,2025-03-02,102,0.38610858806191173
BTCUSDT,2025-03-03,229,0.47107334917049565
BTCUSDT,2025-03-04,237,-0.38020455264722958
BTCUSDT,2025-03-05,159,0.65743651617487409
BTCUSDT,2025-03-06,166,1.0746861837150548
BTCUSDT,2025-03-07,580,-0.11046097606422317
BTCUSDT,2025-03-08,254,0.44688430190282707
BTCUSDT,2025-03-09,116,0.058413572879132014
BTCUSDT,2025-03-10,231,-1.3157305899303637
BTCUSDT,2025-03-11,169,-0.54642145206274606
BTCUSDT,2025-03-12,188,0.34806674288360556
BTCUSDT,2025-03-13,153,-0.2067173629727278
BTCUSDT,2025-03-14,120,0.5374432451477914
BTCUSDT,2025-03-15,74,1.4714339473901796
BTCUSDT,2025-03-16,75,-0.35137837220529855
BTCUSDT,2025-03-17,158,-0.021774651887107352
BTCUSDT,2025-03-18,163,0.48573926721722649
BTCUSDT,2025-03-19,150,0.17607046411878091
BTCUSDT,2025-03-20,167,0.4434278935120709
BTCUSDT,2025-03-21,111,0.2644923766149716
BTCUSDT,2025-03-22,69,0.68343351816389319
BTCUSDT,2025-03-23,42,0.30404316027247025
BTCUSDT,2025-03-24,96,1.066707463322595
BTCUSDT,2025-03-25,146,0.81692247760567038
BTCUSDT,2025-03-26,129,1.1555980722624211
BTCUSDT,2025-03-27,125,0.916684031093576
BTCUSDT,2025-03-28,120,0.40284825503853505
BTCUSDT,2025-03-29,61,0.28127883460692249
BTCUSDT,2025-03-30,64,-0.25590721875051814
BTCUSDT,2025-03-31,143,0.76922383417792151
BTCUSDT,2025-04-01,150,0.47670929641981491
BTCUSDT,2025-04-02,109,0.30339707644603353
BTCUSDT,2025-04-03,144,-0.026427826943404786
BTCUSDT,2025-04-04,114,-0.22289567544553726
BTCUSDT,2025-04-05,58,0.65516399342137566
BTCUSDT,2025-04-06,53,-0.025391083935612485
BTCUSDT,2025-04-07,239,-2.1166343141743997
BTCUSDT,2025-04-08,111,-0.33219030267009186
BTCUSDT,2025-04-09,107,-0.74042030149841942
BTCUSDT,2025-04-10,111,0.0078682841003123172
BTCUSDT,2025-04-11,115,-0.65466504348560628
BTCUSDT,2025-04-12,71,-0.0023533286752924218
BTCUSDT,2025-04-13,46,0.23630983169042369
BTCUSDT,2025-04-14,88,0.086330433962475223
BTCUSDT,2025-04-15,123,0.71453725851270333
BTCUSDT,2025-04-16,112,0.27728518314466322
BTCUSDT,2025-04-17,95,0.21292008378668675
BTCUSDT,2025-04-18,82,0.29806801753888179
BTCUSDT,2025-04-19,36,0.68670783854279172
BTCUSDT,2025-04-20,37,-0.72767775109107924
BTCUSDT,2025-04-21,106,-0.16989457384878431
BTCUSDT,2025-04-22,137,0.6617914508082845
BTCUSDT,2025-04-23,133,0.58345131745333645
BTCUSDT,2025-04-24,126,-0.217322871989464
BTCUSDT,2025-04-25,114,0.27541328750920768
BTCUSDT,2025-04-26,50,0.36837412147609511
BTCUSDT,2025-04-27,46,0.030359806273539028
BTCUSDT,2025-04-28,116,1.1229624645530585
BTCUSDT,2025-04-29,124,1.1699531708292463
BTCUSDT,2025-04-30,97,0.56015527859208691
BTCUSDT,2025-05-01,104,1.361102743223275
BTCUSDT,2025-05-02,130,0.71373486701515687
BTCUSDT,2025-05-03,58,0.73108732285502476
BTCUSDT,2025-05-04,42,0.22825669787330993
BTCUSDT,2025-05-05,78,0.41674339839658581
BTCUSDT,2025-05-06,88,0.32951462347707783
BTCUSDT,2025-05-07,111,0.85922872454495425
BTCUSDT,2025-05-08,168,0.97918044734120691
BTCUSDT,2025-05-09,135,1.0237766475601084
BTCUSDT,2025-05-10,71,0.91470721687899914
BTCUSDT,2025-05-11,50,0.94210915338421564
BTCUSDT,2025-05-12,177,1.0170126130695716
BTCUSDT,2025-05-13,144,0.83708055121708513
BTCUSDT,2025-05-14,134,0.18210106829620437
BTCUSDT,2025-05-15,121,0.38975062658387355
BTCUSDT,2025-05-16,129,0.73257935440396993
BTCUSDT,2025-05-17,60,0.021452211079047739
BTCUSDT,2025-05-18,51,0.49345403505401958
BTCUSDT,2025-05-19,142,0.19815956802752216
BTCUSDT,2025-05-20,151,0.87029026829295508
BTCUSDT,2025-05-21,223,0.70773932202527867
BTCUSDT,2025-05-22,546,0.662231633205956
BTCUSDT,2025-05-23,189,1.0725658707118193
BTCUSDT,2025-05-24,54,0.060534068911500913
BTCUSDT,2025-05-25,62,-1.576332958342801
BTCUSDT,2025-05-26,119,0.17121312758147156
BTCUSDT,2025-05-27,219,-0.665054747103857
BTCUSDT,2025-05-28,223,0.65854786518292929
BTCUSDT,2025-05-29,287,1.0941207682521563
BTCUSDT,2025-05-30,266,-0.045140953557373957
BTCUSDT,2025-05-31,80,-0.29753208779058049
BTCUSDT,2025-06-01,72,-0.84980034509909186
BTCUSDT,2025-06-02,136,0.48431297482953461
BTCUSDT,2025-06-03,185,0.50646289209045
BTCUSDT,2025-06-04,208,0.87219389798195956
BTCUSDT,2025-06-05,209,0.16745737646959186
BTCUSDT,2025-06-06,139,0.018270579778487062
BTCUSDT,2025-06-07,84,0.24249593865632788
BTCUSDT,2025-06-08,63,-0.54810746555442891
BTCUSDT,2025-06-09,144,0.4757719602688244
BTCUSDT,2025-06-10,179,0.71889301563711139
BTCUSDT,2025-06-11,131,0.53443475049416467
BTCUSDT,2025-06-12,108,0.7067943938780048
BTCUSDT,2025-06-13,110,-0.42365945619385964
BTCUSDT,2025-06-14,53,-0.64273066348053842
BTCUSDT,2025-07-02,178,1.2883026103091617
BTCUSDT,2025-07-03,133,0.99877851060987588
BTCUSDT,2025-07-04,118,0.69446476470985474
BTCUSDT,2025-07-05,88,1.1397884285617392
BTCUSDT,2025-07-06,80,0.60325160495966335
BTCUSDT,2025-07-07,162,0.41745396533535517
BTCUSDT,2025-07-08,143,1.4516889942298381
BTCUSDT,2025-07-09,151,1.2771971778046829
BTCUSDT,2025-07-10,290,0.99110987190566513
BTCUSDT,2025-07-11,302,1.0291306027389386
BTCUSDT,2025-07-12,92,1.6620351193734531
BTCUSDT,2025-07-13,74,1.044189558552379
BTCUSDT,2025-07-14,414,0.95626498253983316
BTCUSDT,2025-07-15,214,0.95735934725295724
BTCUSDT,2025-07-16,185,0.349918292767936
BTCUSDT,2025-07-17,174,0.65494034123326206
BTCUSDT,2025-07-18,152,1.1935548544212149
BTCUSDT,2025-07-19,88,0.70274051492582468
BTCUSDT,2025-07-20,66,2.076561862928151
BTCUSDT,2025-07-21,138,1.0971483614102515
BTCUSDT,2025-07-22,117,1.1662120478920628
BTCUSDT,2025-07-23,117,0.67137585464894567
BTCUSDT,2025-07-24,122,0.9797138648215542
BTCUSDT,2025-07-25,171,0.29732258611850193
BTCUSDT,2025-07-26,63,1.1573738218869953
BTCUSDT,2025-07-27,57,0.724896487377581
BTCUSDT,2025-07-28,118,0.20592069979450103
BTCUSDT,2025-07-29,120,0.55114869454528659
BTCUSDT,2025-07-30,130,0.59339967468859034
BTCUSDT,2025-07-31,110,0.65436820476503765
BTCUSDT,2025-08-01,120,0.40773497070844406
BTCUSDT,2025-08-02,58,0.093691516665171712
BTCUSDT,2025-08-03,63,0.27054834323873345
BTCUSDT,2025-08-04,113,0.54440485388370452
BTCUSDT,2025-08-05,108,0.49067579497465125
BTCUSDT,2025-08-06,195,1.0884014583086543
BTCUSDT,2025-08-07,124,1.1145780035380695
BTCUSDT,2025-08-08,117,0.61532922961281256
BTCUSDT,2025-08-09,55,1.2723460224100078
BTCUSDT,2025-08-10,58,0.2377530994529081
BTCUSDT,2025-08-11,138,0.62330162193130356
BTCUSDT,2025-08-12,95,-0.13068709675987344
BTCUSDT,2025-08-13,126,0.51671239033114524
BTCUSDT,2025-08-14,243,0.97610985885455548
BTCUSDT,2025-08-15,191,-0.47507258868115226
BTCUSDT,2025-08-16,66,-0.053484874981640229
BTCUSDT,2025-08-17,71,-1.1576857983654667
BTCUSDT,2025-08-18,122,-0.78381200671700468
BTCUSDT,2025-08-19,102,0.41605224884847525
BTCUSDT,2025-08-20,126,0.11976024886513066
BTCUSDT,2025-08-21,114,0.12064149307254755
BTCUSDT,2025-08-22,127,0.092540424782719233
BTCUSDT,2025-08-23,54,0.28494373251270866
BTCUSDT,2025-08-24,58,0.71520259691705013
BTCUSDT,2025-08-25,144,0.035343873424928562
BTCUSDT,2025-08-26,109,0.38003406423595415
BTCUSDT,2025-08-27,115,1.0720356252382921
BTCUSDT,2025-08-28,135,0.76258428620801166
BTCUSDT,2025-08-29,156,0.88024076304619447
BTCUSDT,2025-08-30,82,0.79546635066290217
BTCUSDT,2025-08-31,64,0.28257748510532515
BTCUSDT,2025-09-01,119,0.40399207252636415
BTCUSDT,2025-09-02,138,0.27376328653387616
BTCUSDT,2025-09-03,203,0.38577279296667971
BTCUSDT,2025-09-04,167,0.67877364505549609
BTCUSDT,2025-09-05,111,0.49940918507731685
BTCUSDT,2025-09-06,55,0.18028939640021469
BTCUSDT,2025-09-07,47,0.50307662608829706
BTCUSDT,2025-09-08,149,0.6507743463245993
BTCUSDT,2025-09-09,193,-0.8778215111564609
BTCUSDT,2025-09-10,97,0.56174544312432229
BTCUSDT,2025-09-11,107,0.51048096349593408
BTCUSDT,2025-09-12,88,0.60239491504552545
BTCUSDT,2025-09-13,47,0.79271764380027543
BTCUSDT,2025-09-14,56,0.37325938903918515
BTCUSDT,2025-09-15,85,0.24553127356530297
BTCUSDT,2025-09-16,114,0.50056684151775288
BTCUSDT,2025-09-17,137,0.72557630989736
BTCUSDT,2025-09-18,118,1.248356331701364
BTCUSDT,2025-09-19,97,0.52104190165924191
BTCUSDT,2025-09-20,55,0.3557862347881946
BTCUSDT,2025-09-21,33,-0.77522671075927319
BTCUSDT,2025-09-22,129,-0.15639076010917316
BTCUSDT,2025-09-23,136,0.93401074422090424
BTCUSDT,2025-09-24,99,0.52248734153731546
BTCUSDT,2025-09-25,97,0.88269627561844377
BTCUSDT,2025-09-26,111,-0.030057635295574148
BTCUSDT,2025-09-27,67,-0.87732815224223148
BTCUSDT,2025-09-28,60,-0.085385807564966429
BTCUSDT,2025-09-29,114,0.92696579769571785
BTCUSDT,2025-09-30,154,-1.0247208421217175
BTCUSDT,2025-10-01,119,0.24772075405057636
BTCUSDT,2025-10-02,96,0.87727801319938647
BTCUSDT,2025-10-03,116,0.19866285424249186
BTCUSDT,2025-10-04,63,0.23556866498717305
BTCUSDT,2025-10-05,190,0.098020565549363586
BTCUSDT,2025-10-06,150,0.72566205278524409
BTCUSDT,2025-10-07,154,0.70934433861218349
BTCUSDT,2025-10-08,122,0.681298633402529
BTCUSDT,2025-10-09,109,0.40718882690441338
BTCUSDT,2025-10-10,140,0.29314237411677541
BTCUSDT,2025-10-11,114,-1.6286490557277811
BTCUSDT,2025-10-12,75,-0.90736117957951457
BTCUSDT,2025-10-13,146,-0.76493172439245327
BTCUSDT,2025-10-14,148,-1.7621507164139003
BTCUSDT,2025-10-15,158,-1.2179570454386077
BTCUSDT,2025-10-16,140,0.39003687806228937
BTCUSDT,2025-10-17,437,1.1826939269040806
BTCUSDT,2025-10-18,70,-1.2273622304966481
BTCUSDT,2025-10-19,64,-0.90042882214767261
BTCUSDT,2025-10-20,127,0.34385991595282417
BTCUSDT,2025-10-21,128,0.66982063839394956
BTCUSDT,2025-10-22,107,0.16648959888363682
BTCUSDT,2025-10-23,93,1.0788414011962342
BTCUSDT,2025-10-24,140,0.13429778275047971
BTCUSDT,2025-10-25,91,0.6582063762693231
BTCUSDT,2025-10-26,76,1.382456741191973
BTCUSDT,2025-10-27,233,1.5022241662222207
BTCUSDT,2025-10-28,119,0.48972246038111517
BTCUSDT,2025-10-29,103,0.52117568997048824
BTCUSDT,2025-10-30,139,0.14113864522994984
BTCUSDT,2025-10-31,123,0.40979979200553623
BTCUSDT,2025-11-01,72,0.18479200500489379
BTCUSDT,2025-11-02,63,-0.13520068552440329
BTCUSDT,2025-11-03,143,-0.14191909390749044
BTCUSDT,2025-11-04,146,-0.90196552712933786
BTCUSDT,2025-11-05,225,-0.54365672627908956
BTCUSDT,2025-11-06,130,0.1153386870639192
BTCUSDT,2025-11-07,130,0.079254162663310479
BTCUSDT,2025-11-08,88,-0.057650120623429016
BTCUSDT,2025-11-09,80,0.16140090937493487
BTCUSDT,2025-11-10,134,0.0065763644748517008
BTCUSDT,2025-11-11,136,-0.14446454605597303
BTCUSDT,2025-11-12,157,-1.3299932802475536
BTCUSDT,2025-11-13,177,-0.9051927841967653
BTCUSDT,2025-11-14,228,-1.3633269213049852
BTCUSDT,2025-11-15,100,-0.97696922897327843
BTCUSDT,2025-11-16,98,-1.4448121054007446
BTCUSDT,2025-11-17,183,-0.50802405435199749
BTCUSDT,2025-11-18,289,-1.5228070673791507
BTCUSDT,2025-11-19,210,-0.73128402887244037
BTCUSDT,2025-11-20,181,-0.25948041201094163
BTCUSDT,2025-11-21,315,-1.1263693135397712
BTCUSDT,2025-11-22,119,-1.3413638799077368
BTCUSDT,2025-11-23,159,-1.2188638734744635
BTCUSDT,2025-11-24,186,-1.0399815930880507
BTCUSDT,2025-11-25,188,-0.5441534654350586
BTCUSDT,2025-11-26,149,0.19646379397184138
BTCUSDT,2025-11-27,143,0.43280009819645948
BTCUSDT,2025-11-28,134,0.56886061422760048
BTCUSDT,2025-11-29,79,-0.30361470464109863
BTCUSDT,2025-11-30,69,-0.41639763460409279
BTCUSDT,2025-12-01,222,-1.8926640940727288
BTCUSDT,2025-12-02,223,-1.119600441251057
BTCUSDT,2025-12-03,238,-0.34036516662673255
BTCUSDT,2025-12-04,165,-0.37348873834296842
BTCUSDT,2025-12-05,187,0.024810234180559908
BTCUSDT,2025-12-06,68,-0.19409399041925782
BTCUSDT,2025-12-07,73,-0.50476452177732212
BTCUSDT,2025-12-08,119,-0.07876359998227267
BTCUSDT,2025-12-09,185,0.45565786145511555
BTCUSDT,2025-12-10,124,-0.28785102369602666
BTCUSDT,2025-12-11,148,-0.23332010378442725
BTCUSDT,2025-12-12,168,0.086290889868080908
BTCUSDT,2025-12-13,59,-0.033149483310969008
BTCUSDT,2025-12-14,82,-0.64085673081088046
BTCUSDT,2025-12-15,528,-1.8983541294384483
BTCUSDT,2025-12-16,314,-1.44525397935368
BTCUSDT,2025-12-17,143,-0.061404491877860429
BTCUSDT,2025-12-18,156,-0.15017876374857397
BTCUSDT,2025-12-19,144,-0.08495927807496978
BTCUSDT,2025-12-20,71,0.47210800758576643
BTCUSDT,2025-12-21,61,-0.38850917099607252
BTCUSDT,2025-12-22,105,0.059246042623732786
BTCUSDT,2025-12-23,127,0.028853808423370472
BTCUSDT,2025-12-24,87,0.31501427164069923
BTCUSDT,2025-12-25,89,0.022991232246492715
BTCUSDT,2025-12-26,83,-0.31604626691184434
BTCUSDT,2025-12-27,72,-0.11267409899589959
BTCUSDT,2025-12-28,99,-0.63061760882601436
BTCUSDT,2025-12-29,141,0.31558588601476106
BTCUSDT,2025-12-30,164,-1.9108303131146858
BTCUSDT,2025-12-31,115,-0.20925671581242972
BTCUSDT,2026-01-01,185,-1.4951959238291654
BTCUSDT,2026-01-02,108,0.16565804181802074
BTCUSDT,2026-01-03,66,-0.15806091730789365
BTCUSDT,2026-01-04,76,0.13697593769995436
BTCUSDT,2026-01-05,113,-0.12709608852885262
BTCUSDT,2026-01-06,167,0.41373877209534304
BTCUSDT,2026-01-07,176,-0.80178341338461212
BTCUSDT,2026-01-08,168,0.22733965535968112
BTCUSDT,2026-01-09,110,-0.17850964666905153
BTCUSDT,2026-01-10,53,-1.1747664182752948
BTCUSDT,2026-01-11,57,-0.46782254498054
BTCUSDT,2026-01-12,104,0.13809316583201303
BTCUSDT,2026-01-13,106,0.088026086179163965
BTCUSDT,2026-01-14,108,0.24406605047983868
BTCUSDT,2026-01-15,119,-0.0026608614747344293
BTCUSDT,2026-01-16,118,-0.14237082634465442
BTCUSDT,2026-01-17,142,-1.1698547981842637
BTCUSDT,2026-01-18,66,0.63736601303851059
BTCUSDT,2026-01-19,124,-1.2018385516807992
BTCUSDT,2026-01-20,141,-0.645367519225299
BTCUSDT,2026-01-21,125,-1.190567320061958
BTCUSDT,2026-01-22,121,-0.382240500758145
BTCUSDT,2026-01-23,87,-0.73381352032227332
BTCUSDT,2026-01-24,67,0.0729379836732265
BTCUSDT,2026-01-25,73,-1.2119579428817053
BTCUSDT,2026-01-26,113,-0.79848369820186527
BTCUSDT,2026-01-27,102,-0.9565830087146352
BTCUSDT,2026-01-28,120,0.079719372398515564
BTCUSDT,2026-01-29,115,-0.57259745759067637
BTCUSDT,2026-01-30,147,-0.39476494570866311
BTCUSDT,2026-01-31,94,-0.49340150461033339
BTCUSDT,2026-02-01,120,-0.97942829287835209
BTCUSDT,2026-02-02,166,-1.321172801520349
BTCUSDT,2026-02-03,132,-0.95494633386487349
BTCUSDT,2026-02-04,161,-1.2701505043705716
BTCUSDT,2026-02-05,291,-1.4454354153150981
BTCUSDT,2026-02-06,367,-2.2595615560211306
BTCUSDT,2026-02-07,293,-2.146153551036813
BTCUSDT,2026-02-08,156,-2.4810589994046932
BTCUSDT,2026-02-09,174,-1.3970771593325411
BTCUSDT,2026-02-10,459,-2.8025103826800062
BTCUSDT,2026-02-11,143,-1.0164153322176332
BTCUSDT,2026-02-12,123,-1.3594012849807149
BTCUSDT,2026-02-13,136,-0.859669004329753
BTCUSDT,2026-02-14,62,-0.39512766371994346
BTCUSDT,2026-02-15,50,-0.21365713351423687
BTCUSDT,2026-02-16,105,-1.0323400769665343
BTCUSDT,2026-02-17,131,-0.1203577681790719
BTCUSDT,2026-02-18,111,-0.30147752729484945
BTCUSDT,2026-02-19,106,-0.95837734118008666
BTCUSDT,2026-02-20,100,-1.2154405334046146
BTCUSDT,2026-02-21,72,-0.6924083475848094
BTCUSDT,2026-02-22,53,-0.5265502505779569
BTCUSDT,2026-02-23,132,-0.92015119836031056
BTCUSDT,2026-02-24,149,-2.0788144541440272
BTCUSDT,2026-02-25,110,-0.79093187693923228
BTCUSDT,2026-02-26,139,-0.43416224913098078
BTCUSDT,2026-02-27,116,-0.79479780431661851
BTCUSDT,2026-02-28,104,-2.051629283623734
BTCUSDT,2026-03-01,75,-1.6325025971702474
BTCUSDT,2026-03-02,131,-1.5287349188052934
BTCUSDT,2026-03-03,118,-0.91097952254344494
BTCUSDT,2026-03-04,127,-0.48579418990658207
BTCUSDT,2026-03-05,140,-0.52968834862514036
BTCUSDT,2026-03-06,115,0.2295890387642662
BTCUSDT,2026-03-07,83,-0.97012205754042968
BTCUSDT,2026-03-08,57,-0.68814763658918643
BTCUSDT,2026-03-09,199,-0.74395237998837649
BTCUSDT,2026-03-10,106,-1.0582213409723693
BTCUSDT,2026-03-11,97,-0.47898175967278367
BTCUSDT,2026-03-12,112,-0.3883468822589996
BTCUSDT,2026-03-13,139,-0.046653789327341044
BTCUSDT,2026-03-14,53,0.014222227241269425
BTCUSDT,2026-03-15,47,-0.58615944496648409
BTCUSDT,2026-03-16,122,-0.070353049669806073
BTCUSDT,2026-03-17,111,-0.27853929128254523
BTCUSDT,2026-03-18,101,-0.28178174655068006
BTCUSDT,2026-03-19,104,-0.8741592098345653
BTCUSDT,2026-03-20,78,-0.087231773203552965
BTCUSDT,2026-03-21,67,-1.2218440131376751
BTCUSDT,2026-03-22,54,0.072088170020167069
BTCUSDT,2026-03-23,100,-0.21942242078855032
BTCUSDT,2026-03-24,131,0.32337068959463994
BTCUSDT,2026-03-25,88,-0.099447017450553149
BTCUSDT,2026-03-26,105,-0.92924225906452851
BTCUSDT,2026-03-27,125,-1.0051624122356162
BTCUSDT,2026-03-28,71,0.18636638568990213
BTCUSDT,2026-03-29,44,0.58450912564146917
BTCUSDT,2026-03-30,99,-0.40388208546240356
BTCUSDT,2026-03-31,106,-0.60654408039520613
BTCUSDT,2026-04-01,98,-1.0947034042432322
BTCUSDT,2026-04-02,104,-1.1430613898709927
BTCUSDT,2026-04-03,51,-1.0448197741594789
BTCUSDT,2026-04-04,50,-1.1635211377020835
BTCUSDT,2026-04-05,35,-1.1162647707029028
BTCUSDT,2026-04-06,86,-0.45568590463263337
BTCUSDT,2026-04-07,80,-1.3053033875935243
BTCUSDT,2026-04-08,161,-0.87857560066955853
BTCUSDT,2026-04-09,143,-0.95963992426454225
BTCUSDT,2026-04-10,79,-0.0028922445759645005
BTCUSDT,2026-04-11,80,0.013050065862016375
BTCUSDT,2026-04-12,31,-0.91052221389470323
BTCUSDT,2026-04-13,163,-0.79954378643030644
BTCUSDT,2026-04-14,150,0.32794617911409796
BTCUSDT,2026-04-15,94,-0.26491422114330732
BTCUSDT,2026-04-16,111,-0.86713154866717057
BTCUSDT,2026-04-17,105,-0.49340683070125957
BTCUSDT,2026-04-18,65,-0.51014634408272552
BTCUSDT,2026-04-19,43,-0.54850412094759493
BTCUSDT,2026-04-20,73,-0.42075944698367362
BTCUSDT,2026-04-21,82,-0.15561948925776503
BTCUSDT,2026-04-22,108,-0.043019938431044763
BTCUSDT,2026-04-23,81,0.22678808481003077
BTCUSDT,2026-04-24,87,-0.30951018212648052
BTCUSDT,2026-04-25,54,0.23336056880360578
BTCUSDT,2026-04-26,69,0.17524294902581028
BTCUSDT,2026-04-27,86,0.40945168869657944
BTCUSDT,2026-04-28,71,-0.48162783707846213
BTCUSDT,2026-04-29,79,-0.68047641912542112
BTCUSDT,2026-04-30,71,-0.8082066132250092
BTCUSDT,2026-05-01,56,0.29080775299945116
BTCUSDT,2026-05-02,45,-0.11559901688293553
BTCUSDT,2026-05-03,35,-0.66416456724442474
BTCUSDT,2026-05-04,106,-1.0529027872357959
BTCUSDT,2026-05-05,92,-0.66161525382971609
BTCUSDT,2026-05-06,108,0.14289093918015311
BTCUSDT,2026-05-07,103,-1.2756618117496175
BTCUSDT,2026-05-08,85,-0.61044838191764139
BTCUSDT,2026-05-09,51,-0.41069116328646227
BTCUSDT,2026-05-10,46,-0.54202806730622
BTCUSDT,2026-05-11,82,-1.37051638323451
BTCUSDT,2026-05-12,117,-0.0998607731175381
BTCUSDT,2026-05-13,103,-0.61237656713980548
BTCUSDT,2026-05-14,105,-1.2204002782871064
BTCUSDT,2026-05-15,103,-0.34075916121870475
BTCUSDT,2026-05-16,46,-0.018286909679918695
BTCUSDT,2026-05-17,39,-0.80568361538995348
BTCUSDT,2026-05-18,127,-1.2220251541557692
BTCUSDT,2026-05-19,702,-5.0182217519735035
BTCUSDT,2026-05-20,106,-0.8445808412757706
BTCUSDT,2026-05-21,82,-0.98919202019878671
BTCUSDT,2026-05-22,93,-0.14091294365172258
BTCUSDT,2026-05-23,56,0.0055172993569671536
BTCUSDT,2026-05-24,33,-0.65672615117981736
BTCUSDT,2026-05-25,59,-0.23592193228526634
BTCUSDT,2026-05-26,81,-0.36956224482258865
BTCUSDT,2026-05-27,77,0.034028732509376089
BTCUSDT,2026-05-28,107,-1.4569845752419757
BTCUSDT,2026-05-29,91,-0.92823246047248553
BTCUSDT,2026-05-30,37,-0.84181449267785446
BTCUSDT,2026-05-31,51,-0.051240086306072088
BTCUSDT,2026-06-01,74,-0.99407030758712489
BTCUSDT,2026-06-02,212,0.11686985110583842
BTCUSDT,2026-06-03,135,-1.4364688696293755
BTCUSDT,2026-06-04,129,-2.1520179795037593
BTCUSDT,2026-06-05,125,-1.2303077099921116
BTCUSDT,2026-06-06,72,-1.0314004374969574
BTCUSDT,2026-06-07,96,-1.6257304765522593
BTCUSDT,2026-06-08,94,-1.0830252255057629
BTCUSDT,2026-06-09,94,-1.0248671835615584
BTCUSDT,2026-06-10,193,-1.614833103775448
BTCUSDT,2026-06-11,112,-1.1417692889071314
BTCUSDT,2026-06-12,84,-0.33553075410398175
BTCUSDT,2026-06-13,71,-0.58298558227453279
BTCUSDT,2026-06-14,31,-0.91048198000427982
BTCUSDT,2026-06-15,87,-0.087836385108427256
BTCUSDT,2026-06-16,67,-0.078387328344283913
BTCUSDT,2026-06-17,67,-0.11046397457493735
BTCUSDT,2026-06-18,78,-0.14655709551596396
BTCUSDT,2026-06-19,66,-0.87221457648234535
BTCUSDT,2026-06-20,42,-0.92938448816999575
BTCUSDT,2026-06-21,44,-0.5789501396555562
BTCUSDT,2026-06-22,82,0.11290308860803588
BTCUSDT,2026-06-23,69,-0.60468840113383615
BTCUSDT,2026-06-24,89,-0.99517868201184057
BTCUSDT,2026-06-25,126,-1.5933060470527882
BTCUSDT,2026-06-26,86,-1.660375935579693
BTCUSDT,2026-06-27,45,0.142994050567138
BTCUSDT,2026-06-28,27,-0.83536380410669819
BTCUSDT,2026-06-29,88,-0.95126298731071479
BTCUSDT,2026-06-30,95,-0.54318366167486609
BTCUSDT,2026-07-01,104,-0.6830080557990551
BTCUSDT,2026-07-02,127,-0.60460582386031436
BTCUSDT,2026-07-03,61,-0.31823324147869725
BTCUSDT,2026-07-04,38,-1.1234861197156514
BTCUSDT,2026-07-05,44,-1.1110804744562475
BTCUSDT,2026-07-06,82,-0.44070706964798789
BTCUSDT,2026-07-07,100,-0.054462005196739979
BTCUSDT,2026-07-08,84,-1.0538646664322524
BTCUSDT,2026-07-09,82,-1.1683781237110757
BTCUSDT,2026-07-10,87,0.38762012745141505
BTCUSDT,2026-07-11,26,0.29982970775744838
BTCUSDT,2026-07-12,28,-1.1774003095333458
BTCUSDT,2026-07-13,49,-0.9198349748892134
BTCUSDT,2026-07-14,54,-0.88678838318137509
BTCUSDT,2026-07-15,88,0.10225365589121016
BTCUSDT,2026-07-16,71,-0.89332701733556519
BTCUSDT,2026-07-17,66,-0.85899657136169183
BTCUSDT,2026-07-18,20,-0.077892601922525673
BTCUSDT,2026-07-19,38,-0.8173825131190573
BTCUSDT,2026-07-20,65,0.06648483117365192
BTCUSDT,2026-07-21,75,0.4831552372012563
BTCUSDT,2026-07-22,78,-0.074290246668322971
BTCUSDT,2026-07-23,55,-0.15902473832355118
ETHUSDT,2017-01-01,3,3.2351885790434602
ETHUSDT,2017-01-02,4,-0.092077297042074679
ETHUSDT,2017-01-03,4,-0.64152835050115731
ETHUSDT,2017-01-04,2,0.39135450726938004
ETHUSDT,2017-01-05,5,-0.27830742552644072
ETHUSDT,2017-01-06,6,2.1222781380993618
ETHUSDT,2017-01-07,1,-1.15681233933162
ETHUSDT,2017-01-08,2,0.84060586471295906
ETHUSDT,2017-01-09,6,1.7356634110921176
ETHUSDT,2017-01-10,3,2.1118701449913262
ETHUSDT,2017-01-11,7,1.3436117240950658
ETHUSDT,2017-01-12,2,-0.729181069408924
ETHUSDT,2017-01-13,4,1.7548739497830876
ETHUSDT,2017-01-14,2,-2.62425617534997
ETHUSDT,2017-01-15,1,-2.43161094224924
ETHUSDT,2017-01-17,6,1.2242712038772032
ETHUSDT,2017-01-18,4,0.31513425548957497
ETHUSDT,2017-01-20,3,1.6574941130720877
ETHUSDT,2017-01-21,4,0.0045491974643702138
ETHUSDT,2017-01-22,1,-0.240963855421687
ETHUSDT,2017-01-23,2,0.75063598957734412
ETHUSDT,2017-01-24,7,0.3138193372949723
ETHUSDT,2017-01-25,3,-0.19229842857717649
ETHUSDT,2017-01-26,1,-0.709219858156029
ETHUSDT,2017-01-27,3,-0.16334666279271315
ETHUSDT,2017-01-29,1,0.0
ETHUSDT,2017-01-31,1,-0.0788022064617815
ETHUSDT,2017-02-01,3,1.6988724090390601
ETHUSDT,2017-02-02,6,-0.48085470191955876
ETHUSDT,2017-02-03,4,-0.6000553516028384
ETHUSDT,2017-02-04,2,0.5909121266765025
ETHUSDT,2017-02-05,4,-1.2486118305471741
ETHUSDT,2017-02-06,5,2.8859413329122843
ETHUSDT,2017-02-07,1,1.57790927021696
ETHUSDT,2017-02-08,7,1.5500579187752741
ETHUSDT,2017-02-09,2,2.11704612247658
ETHUSDT,2017-02-10,7,2.7188247954675515
ETHUSDT,2017-02-11,3,2.2489617210346005
ETHUSDT,2017-02-13,7,1.4243781130368935
ETHUSDT,2017-02-14,4,1.6706285384035024
ETHUSDT,2017-02-15,9,1.3566449351267078
ETHUSDT,2017-02-16,2,1.035331781889246
ETHUSDT,2017-02-17,4,2.3617349945937574
ETHUSDT,2017-02-18,3,1.2221645381914341
ETHUSDT,2017-02-20,8,1.7020911997882744
ETHUSDT,2017-02-21,3,2.52959326216997
ETHUSDT,2017-02-22,6,1.4460463886565631
ETHUSDT,2017-02-23,1,-1.60098522167488
ETHUSDT,2017-02-24,3,1.2782851698352469
ETHUSDT,2017-02-27,23,2.8210796635917132
ETHUSDT,2017-02-28,54,2.8844773315536729
ETHUSDT,2017-03-01,22,3.2773826434799633
ETHUSDT,2017-03-02,13,1.7869848294031647
ETHUSDT,2017-03-03,20,0.63023169543031821
ETHUSDT,2017-03-04,2,0.756156526505364
ETHUSDT,2017-03-05,5,2.8172035903886874
ETHUSDT,2017-03-06,14,1.2565719580201917
ETHUSDT,2017-03-07,12,3.3800294806930689
ETHUSDT,2017-03-08,6,0.46173118407694136
ETHUSDT,2017-03-09,11,1.556478444239636
ETHUSDT,2017-03-10,10,2.0693098104258
ETHUSDT,2017-03-11,4,1.9094330395670174
ETHUSDT,2017-03-12,1,2.06864127879643
ETHUSDT,2017-03-13,6,0.56764895554248407
ETHUSDT,2017-03-14,10,0.6773335621155252
ETHUSDT,2017-03-15,7,1.7008276089018959
ETHUSDT,2017-03-16,11,0.83529650011021561
ETHUSDT,2017-03-17,13,0.466804948498893
ETHUSDT,2017-03-18,4,0.40102788458938254
ETHUSDT,2017-03-19,3,0.604154111257782
ETHUSDT,2017-03-20,5,-1.3942862349881133
ETHUSDT,2017-03-21,20,1.7289974896459035
ETHUSDT,2017-03-22,27,-5.6852105540375328
ETHUSDT,2017-03-23,9,-2.4563032101434987
ETHUSDT,2017-03-24,6,0.41296054998289911
ETHUSDT,2017-03-25,2,-0.027477559992669986
ETHUSDT,2017-03-27,3,-0.45998063239442666
ETHUSDT,2017-03-28,6,1.2053398614349291
ETHUSDT,2017-03-29,5,-0.46575871272373404
ETHUSDT,2017-03-30,3,1.9085121770517133
ETHUSDT,2017-03-31,4,1.1182955155358874
ETHUSDT,2017-04-02,2,-0.376884422110553
ETHUSDT,2017-04-03,2,-1.5667497701651341
ETHUSDT,2017-04-04,1,4.34782608695652
ETHUSDT,2017-04-05,6,0.70766029614700954
ETHUSDT,2017-04-06,6,1.2243732054406942
ETHUSDT,2017-04-07,2,-0.911247909874731
ETHUSDT,2017-04-08,6,-1.3577940843053913
ETHUSDT,2017-04-09,3,0.40604633303766668
ETHUSDT,2017-04-10,20,2.3681310702456617
ETHUSDT,2017-04-11,6,0.3282097432028529
ETHUSDT,2017-04-12,4,0.45074291745131756
ETHUSDT,2017-04-13,3,3.5976942953687132
ETHUSDT,2017-04-14,2,-0.92800665834373652
ETHUSDT,2017-04-15,2,-1.8450665540048219
ETHUSDT,2017-04-16,2,-0.988228620053893
ETHUSDT,2017-04-17,4,0.89120551571969875
ETHUSDT,2017-04-18,4,0.6809873754213569
ETHUSDT,2017-04-19,9,1.9717211985707188
ETHUSDT,2017-04-20,19,1.0660541194189732
ETHUSDT,2017-04-21,9,1.6817446374953704
ETHUSDT,2017-04-22,1,0.838926174496644
ETHUSDT,2017-04-23,5,0.766254772067553
ETHUSDT,2017-04-24,4,2.58613821733859
ETHUSDT,2017-04-25,10,2.1249997388692483
ETHUSDT,2017-04-26,11,0.77611462132494469
ETHUSDT,2017-04-27,18,0.69741242742219911
ETHUSDT,2017-04-28,16,1.436106314432813
ETHUSDT,2017-04-29,8,1.0053486581581101
ETHUSDT,2017-04-30,5,0.9361959244674809
ETHUSDT,2017-05-01,8,0.042999573918385388
ETHUSDT,2017-05-02,10,-1.3216428005100593
ETHUSDT,2017-05-03,6,0.29624240694006065
ETHUSDT,2017-05-04,18,1.9436072883873241
ETHUSDT,2017-05-05,16,0.20802859119499614
ETHUSDT,2017-05-06,3,-0.74427731814308662
ETHUSDT,2017-05-07,4,1.7625148467040956
ETHUSDT,2017-05-08,4,1.0822591444837886
ETHUSDT,2017-05-09,11,2.1733697072737463
ETHUSDT,2017-05-10,4,1.1455062610905191
ETHUSDT,2017-05-11,6,1.7292949448242116
ETHUSDT,2017-05-12,2,0.49674796747967448
ETHUSDT,2017-05-13,3,1.2249082337123323
ETHUSDT,2017-05-14,5,1.3704445513482457
ETHUSDT,2017-05-15,5,2.1504938732958845
ETHUSDT,2017-05-16,2,-0.73424817685632759
ETHUSDT,2017-05-17,2,2.0212401507365527
ETHUSDT,2017-05-18,8,1.8083042912086187
ETHUSDT,2017-05-19,7,-0.30289271210241436
ETHUSDT,2017-05-20,3,1.5457953300510832
ETHUSDT,2017-05-21,2,1.69025713611701
ETHUSDT,2017-05-22,39,1.4957957603566547
ETHUSDT,2017-05-23,43,1.3338385681796929
ETHUSDT,2017-05-24,40,0.62577675396946164
ETHUSDT,2017-05-25,20,0.99999192829902972
ETHUSDT,2017-05-26,18,0.191993272158164
ETHUSDT,2017-05-27,6,0.31772205454494407
ETHUSDT,2017-05-28,9,0.012266923365344115
ETHUSDT,2017-05-29,18,-0.83845781509255313
ETHUSDT,2017-05-30,27,-0.44056567406332464
ETHUSDT,2017-05-31,24,-0.64238191383249332
ETHUSDT,2017-06-01,27,0.073592349256837719
ETHUSDT,2017-06-02,27,0.14631502210650157
ETHUSDT,2017-06-03,3,-2.89538432392192
ETHUSDT,2017-06-04,6,0.16220998138004139
ETHUSDT,2017-06-05,13,1.4554857099907881
ETHUSDT,2017-06-06,38,0.70830819461076566
ETHUSDT,2017-06-07,13,0.72368389290083579
ETHUSDT,2017-06-08,26,1.2037521933813569
ETHUSDT,2017-06-09,14,0.77994106025584975
ETHUSDT,2017-06-10,3,1.2304307154271108
ETHUSDT,2017-06-11,11,0.633753307241835
ETHUSDT,2017-06-12,20,0.36743507338577497
ETHUSDT,2017-06-13,21,1.4047814197077628
ETHUSDT,2017-06-14,25,1.7037858686012302
ETHUSDT,2017-06-15,31,1.8766831524162131
ETHUSDT,2017-06-16,21,-0.28676272941707148
ETHUSDT,2017-06-17,22,0.55531009150659372
ETHUSDT,2017-06-18,8,0.16583407373693504
ETHUSDT,2017-06-19,16,1.651663931031393
ETHUSDT,2017-06-20,16,0.28163717884173944
ETHUSDT,2017-06-21,15,-0.20281736587551424
ETHUSDT,2017-06-22,33,-1.7521720676868231
ETHUSDT,2017-06-23,18,0.48380087219808054
ETHUSDT,2017-06-24,8,-0.42268608141800351
ETHUSDT,2017-06-25,9,0.19838138076589262
ETHUSDT,2017-06-26,29,-0.31206146973685156
ETHUSDT,2017-06-27,22,-0.92992040155520206
ETHUSDT,2017-06-28,72,1.4227924586992848
ETHUSDT,2017-06-29,20,1.6887336059444427
ETHUSDT,2017-06-30,10,0.19218420260424424
ETHUSDT,2017-07-01,10,-0.0072521296217628595
ETHUSDT,2017-07-02,13,1.3576861071526933
ETHUSDT,2017-07-03,11,0.4321846467692611
ETHUSDT,2017-07-04,6,-1.4592075358778649
ETHUSDT,2017-07-05,22,-0.069474407973285912
ETHUSDT,2017-07-06,112,0.55851263222250835
ETHUSDT,2017-07-07,84,0.67621608760464436
ETHUSDT,2017-07-08,6,-1.9507961216840737
ETHUSDT,2017-07-09,5,-0.86959057053772149
ETHUSDT,2017-07-10,20,0.53763374628095451
ETHUSDT,2017-07-11,37,0.097558689152156985
ETHUSDT,2017-07-12,33,1.1971705421218501
ETHUSDT,2017-07-13,19,-0.41360814941162305
ETHUSDT,2017-07-14,11,0.31412696898625914
ETHUSDT,2017-07-15,8,-2.2847197405649946
ETHUSDT,2017-07-16,13,-0.99461423467035714
ETHUSDT,2017-07-17,26,-0.084856751420500837
ETHUSDT,2017-07-18,24,0.49812748952852071
ETHUSDT,2017-07-19,29,0.1624319803307244
ETHUSDT,2017-07-20,24,-1.2684058279617125
ETHUSDT,2017-07-21,14,-1.0486476737424633
ETHUSDT,2017-07-22,7,0.31356898976831943
ETHUSDT,2017-07-23,6,-0.81349004294332994
ETHUSDT,2017-07-24,16,0.166092590997371
ETHUSDT,2017-07-25,23,1.0243366270525518
ETHUSDT,2017-07-26,23,1.1206655392783336
ETHUSDT,2017-07-27,15,0.62667440826046228
ETHUSDT,2017-07-28,17,0.19504769124283369
ETHUSDT,2017-07-29,4,1.096510962137851
ETHUSDT,2017-07-30,5,0.38150440973485023
ETHUSDT,2017-07-31,11,-0.081313378191153557
ETHUSDT,2017-08-01,17,-0.24296980991592493
ETHUSDT,2017-08-02,27,-0.3497431730021508
ETHUSDT,2017-08-03,17,-0.11741670498426243
ETHUSDT,2017-08-04,14,0.74985972236325371
ETHUSDT,2017-08-05,4,0.67717846807231008
ETHUSDT,2017-08-06,5,0.805308023264215
ETHUSDT,2017-08-07,15,-0.24094057555683016
ETHUSDT,2017-08-08,16,1.4110538762657752
ETHUSDT,2017-08-09,18,0.24437246700375737
ETHUSDT,2017-08-10,18,1.5201508895774165
ETHUSDT,2017-08-11,17,-1.4231868352078132
ETHUSDT,2017-08-12,12,1.227209322355634
ETHUSDT,2017-08-13,11,0.57679158219029592
ETHUSDT,2017-08-14,16,0.551692139103626
ETHUSDT,2017-08-15,18,0.89090965968367186
ETHUSDT,2017-08-16,24,2.0075416107858173
ETHUSDT,2017-08-17,18,0.36352493087097931
ETHUSDT,2017-08-18,11,0.50445728331774964
ETHUSDT,2017-08-19,9,1.4689281687789264
ETHUSDT,2017-08-20,10,1.1623537328771152
ETHUSDT,2017-08-21,19,0.60691595961185674
ETHUSDT,2017-08-22,26,0.43095688270866284
ETHUSDT,2017-08-23,18,0.92088669693458614
ETHUSDT,2017-08-24,13,0.48784134103056653
ETHUSDT,2017-08-25,15,0.56643461795219352
ETHUSDT,2017-08-26,8,0.50989511130230514
ETHUSDT,2017-08-27,6,0.20770031048896553
ETHUSDT,2017-08-28,12,0.77939808935950139
ETHUSDT,2017-08-30,19,1.707596905832272
ETHUSDT,2017-08-31,25,1.4938074533457542
ETHUSDT,2017-09-01,16,0.61805298669942943
ETHUSDT,2017-09-02,7,2.8061890043465976
ETHUSDT,2017-09-03,11,0.28595328309986168
ETHUSDT,2017-09-04,17,-0.959550525163557
ETHUSDT,2017-09-05,25,-0.96147567017572244
ETHUSDT,2017-09-06,24,1.404971023182078
ETHUSDT,2017-09-07,39,2.4308779237232394
ETHUSDT,2017-09-08,18,0.92171735882618633
ETHUSDT,2017-09-09,6,-0.97893313772065838
ETHUSDT,2017-09-10,7,-0.35978933916198497
ETHUSDT,2017-09-11,30,0.69840252728021324
ETHUSDT,2017-09-12,14,0.27160349346790486
ETHUSDT,2017-09-13,17,-0.44881792127839593
ETHUSDT,2017-09-14,21,-1.0482744553529029
ETHUSDT,2017-09-15,46,-0.91972834410137583
ETHUSDT,2017-09-16,9,-1.2687768967056217
ETHUSDT,2017-09-17,11,-0.41659603466202177
ETHUSDT,2017-09-18,19,-0.062499475497449164
ETHUSDT,2017-09-19,46,-0.734266803991549
ETHUSDT,2017-09-20,25,0.77608712672543079
ETHUSDT,2017-09-21,24,1.1943955468176064
ETHUSDT,2017-09-22,18,0.95857504062271781
ETHUSDT,2017-09-23,8,-0.75369248179638271
ETHUSDT,2017-09-24,14,1.0946998120803915
ETHUSDT,2017-09-25,13,1.3964704901055831
ETHUSDT,2017-09-26,15,1.3291820345923797
ETHUSDT,2017-09-27,27,1.2745921684598436
ETHUSDT,2017-09-28,18,0.14646527744369897
ETHUSDT,2017-09-29,19,-1.4120487916903117
ETHUSDT,2017-09-30,8,1.8756708870854903
ETHUSDT,2017-10-01,14,0.68416923919088279
ETHUSDT,2017-10-02,13,1.3186978550487107
ETHUSDT,2017-10-03,20,0.44673854652060918
ETHUSDT,2017-10-04,26,1.0613380115938666
ETHUSDT,2017-10-05,20,0.51255159363447755
ETHUSDT,2017-10-06,23,1.6770482793411334
ETHUSDT,2017-10-07,5,1.456405422275842
ETHUSDT,2017-10-08,10,1.5915879130461383
ETHUSDT,2017-10-09,13,0.32142691891695174
ETHUSDT,2017-10-10,32,0.87046179243565991
ETHUSDT,2017-10-11,24,1.29815403006685
ETHUSDT,2017-10-12,13,0.74207250887704623
ETHUSDT,2017-10-13,27,0.56056370331490823
ETHUSDT,2017-10-14,9,0.18897480192903951
ETHUSDT,2017-10-15,26,0.64621188288132614
ETHUSDT,2017-10-16,32,0.14240308870195731
ETHUSDT,2017-10-17,41,0.23574046016061576
ETHUSDT,2017-10-18,33,0.4624882105089087
ETHUSDT,2017-10-19,23,1.041176752499662
ETHUSDT,2017-10-20,20,1.3065017249544451
ETHUSDT,2017-10-21,47,0.043328029204156022
ETHUSDT,2017-10-22,35,-0.083677164124253536
ETHUSDT,2017-10-23,35,0.82359499448014517
ETHUSDT,2017-10-24,47,0.71064727552216977
ETHUSDT,2017-10-25,28,0.16183254466005675
ETHUSDT,2017-10-26,27,0.74950790426819558
ETHUSDT,2017-10-27,20,0.34563942952492022
ETHUSDT,2017-10-28,7,-0.8991824314669612
ETHUSDT,2017-10-29,13,-0.33659751298484486
ETHUSDT,2017-10-30,27,0.23486704764979438
ETHUSDT,2017-10-31,13,1.3377449248687183
ETHUSDT,2017-11-01,20,0.49233869346253928
ETHUSDT,2017-11-02,24,0.69310205101821976
ETHUSDT,2017-11-03,118,0.29872866740352977
ETHUSDT,2017-11-04,10,1.5718997039102611
ETHUSDT,2017-11-05,9,0.77031073602058886
ETHUSDT,2017-11-06,34,0.24725601239435829
ETHUSDT,2017-11-07,19,-0.34718092959407276
ETHUSDT,2017-11-08,107,-0.51435661172539537
ETHUSDT,2017-11-09,23,0.22515140622136653
ETHUSDT,2017-11-10,18,-0.22624044674095822
ETHUSDT,2017-11-11,32,-1.3926288407507317
ETHUSDT,2017-11-12,23,0.36897318381686717
ETHUSDT,2017-11-13,31,0.48862948867060157
ETHUSDT,2017-11-14,20,0.22227244207754276
ETHUSDT,2017-11-15,25,2.0791172981823878
ETHUSDT,2017-11-16,26,0.68082310210272168
ETHUSDT,2017-11-17,26,-0.3172177736511157
ETHUSDT,2017-11-18,28,-1.7868835790702087
ETHUSDT,2017-11-19,10,0.72050046421951652
ETHUSDT,2017-11-20,27,-0.39091651151477819
ETHUSDT,2017-11-21,20,0.28816531826457537
ETHUSDT,2017-11-22,24,1.9096237651976249
ETHUSDT,2017-11-23,32,-0.2915853871771491
ETHUSDT,2017-11-24,43,-0.15601476228735284
ETHUSDT,2017-11-25,12,0.92829631445518346
ETHUSDT,2017-11-26,4,-0.23810010938751222
ETHUSDT,2017-11-27,44,-0.034253294598988376
ETHUSDT,2017-11-28,85,0.15025350664550333
ETHUSDT,2017-11-29,59,0.523537117641696
ETHUSDT,2017-11-30,32,0.92414094274894554
ETHUSDT,2017-12-01,25,1.5273688974115476
ETHUSDT,2017-12-02,23,0.76935526464339887
ETHUSDT,2017-12-03,8,1.3465276272509894
ETHUSDT,2017-12-04,64,0.12919327755212956
ETHUSDT,2017-12-05,56,0.51613092605944844
ETHUSDT,2017-12-06,27,-0.089076502688857279
ETHUSDT,2017-12-07,27,1.238280065175368
ETHUSDT,2017-12-08,25,1.6703332332087542
ETHUSDT,2017-12-09,16,1.4823598735763583
ETHUSDT,2017-12-10,32,-0.93586785274317053
ETHUSDT,2017-12-11,25,-0.045291955626728581
ETHUSDT,2017-12-12,45,-0.28378444274615311
ETHUSDT,2017-12-13,36,0.48865944052977467
ETHUSDT,2017-12-14,50,0.3474809921303787
ETHUSDT,2017-12-15,54,0.60271913366001606
ETHUSDT,2017-12-16,20,1.223776541684032
ETHUSDT,2017-12-17,21,1.1312700352100276
ETHUSDT,2017-12-18,34,-0.031254883795311536
ETHUSDT,2017-12-19,41,0.53973970348235989
ETHUSDT,2017-12-20,58,0.57349996901075773
ETHUSDT,2017-12-21,90,0.80973971403309453
ETHUSDT,2017-12-22,51,-0.34537392459923716
ETHUSDT,2017-12-23,25,0.27770037960940075
ETHUSDT,2017-12-24,14,0.8959853104349762
ETHUSDT,2017-12-25,8,0.56029708529883715
ETHUSDT,2017-12-26,19,0.177701355603487
ETHUSDT,2017-12-27,23,0.64522702552492484
ETHUSDT,2017-12-28,33,0.12050311806621469
ETHUSDT,2017-12-29,39,0.67405960166252632
ETHUSDT,2017-12-30,31,-1.1858281314474213
ETHUSDT,2017-12-31,38,1.43229226362557
ETHUSDT,2018-01-01,21,0.024536886717759
ETHUSDT,2018-01-02,56,0.234330840679049
ETHUSDT,2018-01-03,47,0.70083800201635
ETHUSDT,2018-01-04,48,1.2262351774552134
ETHUSDT,2018-01-05,50,0.541637492964755
ETHUSDT,2018-01-06,32,0.2958247983377057
ETHUSDT,2018-01-07,36,-0.01650611688006642
ETHUSDT,2018-01-08,65,0.93183188658322069
ETHUSDT,2018-01-09,47,0.19953806621898984
ETHUSDT,2018-01-10,50,0.60791262373494515
ETHUSDT,2018-01-11,55,-0.17459675199967251
ETHUSDT,2018-01-12,58,0.11743051796436399
ETHUSDT,2018-01-13,18,0.29160783675533208
ETHUSDT,2018-01-14,27,0.80869591250345629
ETHUSDT,2018-01-15,49,0.1407434031520701
ETHUSDT,2018-01-16,80,0.84883872314156461
ETHUSDT,2018-01-17,67,0.33811273329418334
ETHUSDT,2018-01-18,36,0.258161663618885
ETHUSDT,2018-01-19,60,-0.50575840711229192
ETHUSDT,2018-01-20,23,0.55681798207059807
ETHUSDT,2018-01-21,18,-0.60202590228571917
ETHUSDT,2018-01-22,34,0.47068969425523632
ETHUSDT,2018-01-23,117,0.9064559380121523
ETHUSDT,2018-01-24,170,1.3468460099503714
ETHUSDT,2018-01-25,133,1.5941113557903432
ETHUSDT,2018-01-26,34,1.2144385695906679
ETHUSDT,2018-01-27,20,0.52314036273350806
ETHUSDT,2018-01-28,23,0.95548495123758748
ETHUSDT,2018-01-29,163,0.89173379121710061
ETHUSDT,2018-01-30,67,1.1655348445143994
ETHUSDT,2018-01-31,41,-0.0702973275546851
ETHUSDT,2018-02-01,48,0.34997639091065214
ETHUSDT,2018-02-02,59,-1.0775309818432821
ETHUSDT,2018-02-03,10,-0.015595844056490893
ETHUSDT,2018-02-04,14,-0.32198675254284687
ETHUSDT,2018-02-05,32,-0.935908511268689
ETHUSDT,2018-02-06,41,0.17626293448948605
ETHUSDT,2018-02-07,51,0.49016009243933334
ETHUSDT,2018-02-08,44,0.95806560562678089
ETHUSDT,2018-02-09,51,0.2771718908732837
ETHUSDT,2018-02-10,13,-0.31353516353548117
ETHUSDT,2018-02-11,15,-0.54348701793550214
ETHUSDT,2018-02-12,33,0.071309710468849874
ETHUSDT,2018-02-13,36,0.9901116321956992
ETHUSDT,2018-02-14,35,1.1643389534818025
ETHUSDT,2018-02-15,52,0.24331248234940045
ETHUSDT,2018-02-16,32,0.23263366627796542
ETHUSDT,2018-02-17,20,0.24195549765996785
ETHUSDT,2018-02-18,55,0.80804117039610013
ETHUSDT,2018-02-19,51,0.59747388068937834
ETHUSDT,2018-02-20,114,1.0252433897738149
ETHUSDT,2018-02-21,84,1.294253921142102
ETHUSDT,2018-02-22,72,0.83604221857061634
ETHUSDT,2018-02-23,48,0.019028205964668959
ETHUSDT,2018-02-24,43,0.9025954034067728
ETHUSDT,2018-02-25,27,0.56580034325120687
ETHUSDT,2018-02-26,57,0.82962099304028969
ETHUSDT,2018-02-27,71,1.3812297290611533
ETHUSDT,2018-02-28,77,1.5309337300486336
ETHUSDT,2018-03-01,77,1.442450600182696
ETHUSDT,2018-03-02,142,1.1446268355364864
ETHUSDT,2018-03-03,38,1.5747592589834423
ETHUSDT,2018-03-04,42,1.6554279594572292
ETHUSDT,2018-03-05,76,1.4570137234352387
ETHUSDT,2018-03-06,56,1.7029572615172159
ETHUSDT,2018-03-07,87,1.6596727831153695
ETHUSDT,2018-03-08,102,2.2716469546379034
ETHUSDT,2018-03-09,75,1.3720466104434412
ETHUSDT,2018-03-10,25,0.10904276605679736
ETHUSDT,2018-03-11,38,2.0823233366592153
ETHUSDT,2018-03-12,52,0.10229926543026734
ETHUSDT,2018-03-13,39,1.4152561540287423
ETHUSDT,2018-03-14,49,0.62528805791085718
ETHUSDT,2018-03-15,46,1.1013803662746262
ETHUSDT,2018-03-16,51,1.6877220284865397
ETHUSDT,2018-03-17,17,1.2952399544743536
ETHUSDT,2018-03-18,18,0.80683967367018017
ETHUSDT,2018-03-19,50,0.2861050283107307
ETHUSDT,2018-03-20,37,0.28043202885245511
ETHUSDT,2018-03-21,44,0.38609361778672235
ETHUSDT,2018-03-22,28,1.0536394060733709
ETHUSDT,2018-03-23,27,1.3071642787915361
ETHUSDT,2018-03-24,14,1.9518588039685982
ETHUSDT,2018-03-25,18,-0.42536089666234062
ETHUSDT,2018-03-26,20,0.37831716889529932
ETHUSDT,2018-03-27,79,0.70646586352329066
ETHUSDT,2018-03-28,25,0.3797628751673861
ETHUSDT,2018-03-29,39,0.539587336301694
ETHUSDT,2018-03-30,32,0.17456808593708417
ETHUSDT,2018-03-31,17,0.232646799556074
ETHUSDT,2018-04-01,22,0.37891605241380921
ETHUSDT,2018-04-02,39,0.82161599936803953
ETHUSDT,2018-04-03,32,0.13892999945458956
ETHUSDT,2018-04-04,38,0.34494438032184949
ETHUSDT,2018-04-05,41,0.91512684696002611
ETHUSDT,2018-04-06,26,-0.10016930593682799
ETHUSDT,2018-04-07,31,-0.83228553799146621
ETHUSDT,2018-04-08,26,0.016493233365773796
ETHUSDT,2018-04-09,44,1.3233104422615951
ETHUSDT,2018-04-10,40,0.49855063613894
ETHUSDT,2018-04-11,25,0.518674638349652
ETHUSDT,2018-04-12,56,-0.12837157030607296
ETHUSDT,2018-04-13,33,0.11659801494992611
ETHUSDT,2018-04-14,18,-0.79201032673071636
ETHUSDT,2018-04-15,12,1.252898956607708
ETHUSDT,2018-04-16,50,1.6135655688392456
ETHUSDT,2018-04-17,38,0.74467720057246178
ETHUSDT,2018-04-18,33,1.4041783902953051
ETHUSDT,2018-04-19,36,2.30106561465178
ETHUSDT,2018-04-20,23,0.2106324453830028
ETHUSDT,2018-04-21,16,1.3161679313385011
ETHUSDT,2018-04-22,14,0.61750714908142457
ETHUSDT,2018-04-23,25,0.38983998585028851
ETHUSDT,2018-04-24,45,0.28054480073413746
ETHUSDT,2018-04-25,92,0.62723430969831262
ETHUSDT,2018-04-26,41,0.815235528222263
ETHUSDT,2018-04-27,29,-0.41420452315549044
ETHUSDT,2018-04-28,32,1.404722059719832
ETHUSDT,2018-04-29,17,-0.25695571045428273
ETHUSDT,2018-04-30,21,1.4292391104925559
ETHUSDT,2018-05-01,54,0.844329047810682
ETHUSDT,2018-05-02,27,0.93052628085008149
ETHUSDT,2018-05-03,26,0.35990037590276408
ETHUSDT,2018-05-04,40,1.2211971770132481
ETHUSDT,2018-05-05,15,0.32289565442856932
ETHUSDT,2018-05-06,36,0.22804850447118716
ETHUSDT,2018-05-07,36,1.0774250008797943
ETHUSDT,2018-05-08,24,1.339950141225273
ETHUSDT,2018-05-09,30,1.5169970383584765
ETHUSDT,2018-05-10,11,0.72728907673857246
ETHUSDT,2018-05-11,26,-0.051791400515277641
ETHUSDT,2018-05-12,14,-0.15754583833320537
ETHUSDT,2018-05-13,15,0.046664585443724149
ETHUSDT,2018-05-14,52,0.83268304332742771
ETHUSDT,2018-05-15,46,1.5296925705281621
ETHUSDT,2018-05-16,50,0.88859846686166888
ETHUSDT,2018-05-17,143,1.1481360439297292
ETHUSDT,2018-05-18,141,1.676242188030594
ETHUSDT,2018-05-19,119,1.7286390195517556
ETHUSDT,2018-05-20,17,0.25612898099589837
ETHUSDT,2018-05-21,146,1.6077013184100528
ETHUSDT,2018-05-22,39,1.3089249334812789
ETHUSDT,2018-05-23,147,2.136671593782181
ETHUSDT,2018-05-24,31,1.1649591382540474
ETHUSDT,2018-05-25,94,1.5460862957723451
ETHUSDT,2018-05-26,19,2.1298379408431303
ETHUSDT,2018-05-27,97,1.848021309439128
ETHUSDT,2018-05-28,24,0.58077940846664977
ETHUSDT,2018-05-29,50,0.71619158867844723
ETHUSDT,2018-05-30,19,1.5237374749464552
ETHUSDT,2018-05-31,24,1.427436321262769
ETHUSDT,2018-06-01,14,-0.48435566098814076
ETHUSDT,2018-06-02,13,0.43147390096748744
ETHUSDT,2018-06-03,14,0.58247999604571743
ETHUSDT,2018-06-04,41,1.2451333031704903
ETHUSDT,2018-06-05,27,0.81382465055629372
ETHUSDT,2018-06-06,29,0.99157790716323813
ETHUSDT,2018-06-07,21,1.9596611953372371
ETHUSDT,2018-06-08,25,1.5894891826197259
ETHUSDT,2018-06-09,12,-1.6438561111014662
ETHUSDT,2018-06-10,22,-0.42690195430590322
ETHUSDT,2018-06-11,41,-0.046912299041422204
ETHUSDT,2018-06-12,89,0.787558980638443
ETHUSDT,2018-06-13,71,-0.049441265038089682
ETHUSDT,2018-06-14,90,1.1249961277015832
ETHUSDT,2018-06-15,190,1.5206305017106756
ETHUSDT,2018-06-16,145,1.8684814122699123
ETHUSDT,2018-06-17,26,1.4538015188770366
ETHUSDT,2018-06-18,161,1.2232743776871575
ETHUSDT,2018-06-19,30,1.3531845720524469
ETHUSDT,2018-06-20,136,2.1843103610625669
ETHUSDT,2018-06-21,96,1.843955896106803
ETHUSDT,2018-06-22,108,2.1594905530754636
ETHUSDT,2018-06-23,156,2.2352630334263339
ETHUSDT,2018-06-24,60,0.86829947700382026
ETHUSDT,2018-06-25,109,1.8767284440688619
ETHUSDT,2018-06-26,81,1.6524261768516739
ETHUSDT,2018-06-27,96,1.5199577899676484
ETHUSDT,2018-06-28,188,1.7071298525194971
ETHUSDT,2018-06-29,220,1.7374607046107973
ETHUSDT,2018-06-30,152,1.8248367894719477
ETHUSDT,2018-07-01,12,0.94681606649684247
ETHUSDT,2018-07-02,32,0.275361676816818
ETHUSDT,2018-07-03,16,1.2824067407832256
ETHUSDT,2018-07-04,32,0.56916420313252813
ETHUSDT,2018-07-05,26,0.21759613219960569
ETHUSDT,2018-07-06,30,-0.082258348156310918
ETHUSDT,2018-07-07,18,0.06155446200878481
ETHUSDT,2018-07-08,11,1.3451338086751086
ETHUSDT,2018-07-09,39,0.7507536317980319
ETHUSDT,2018-07-10,34,-0.59577490242559838
ETHUSDT,2018-07-11,52,0.75987370956482692
ETHUSDT,2018-07-12,32,0.28643075672015456
ETHUSDT,2018-07-13,24,0.63431033758307032
ETHUSDT,2018-07-14,15,0.18138711610110689
ETHUSDT,2018-07-15,14,-0.13677428181562529
ETHUSDT,2018-07-16,18,0.41436893123234053
ETHUSDT,2018-07-17,22,0.24524644492741918
ETHUSDT,2018-07-18,35,1.4358891936661098
ETHUSDT,2018-07-19,26,0.71831481914444473
ETHUSDT,2018-07-20,11,0.86359378984016577
ETHUSDT,2018-07-21,7,-0.39771648428548778
ETHUSDT,2018-07-22,5,0.017959226297035613
ETHUSDT,2018-07-23,13,0.02595199968373163
ETHUSDT,2018-07-24,31,1.4337183632891395
ETHUSDT,2018-07-25,33,1.898536003550489
ETHUSDT,2018-07-26,22,0.61564247081612278
ETHUSDT,2018-07-27,18,1.0489574016214132
ETHUSDT,2018-07-28,5,0.8331398319116714
ETHUSDT,2018-07-29,13,-0.75846017676619526
ETHUSDT,2018-07-30,22,0.15812639264095441
ETHUSDT,2018-07-31,26,0.14337578458878236
ETHUSDT,2018-08-01,20,0.491068590953062
ETHUSDT,2018-08-02,18,0.90767223852414991
ETHUSDT,2018-08-03,31,1.0409807520311147
ETHUSDT,2018-08-04,27,0.83384016623294555
ETHUSDT,2018-08-05,29,1.1262804266007644
ETHUSDT,2018-08-06,93,1.6886563754638297
ETHUSDT,2018-08-07,74,1.8032671070770812
ETHUSDT,2018-08-08,28,0.16965872221217895
ETHUSDT,2018-08-09,79,1.0184538811200676
ETHUSDT,2018-08-10,13,-0.30556449015030018
ETHUSDT,2018-08-11,51,0.46977256807337753
ETHUSDT,2018-08-12,11,-0.092762285238695369
ETHUSDT,2018-08-13,63,0.80168744589976448
ETHUSDT,2018-08-14,27,0.23505577525220983
ETHUSDT,2018-08-15,114,-0.13421920526275211
ETHUSDT,2018-08-16,25,-0.53547516822684516
ETHUSDT,2018-08-17,69,2.0142839814295872
ETHUSDT,2018-08-18,10,-0.0814675786813924
ETHUSDT,2018-08-19,41,2.3523466143876348
ETHUSDT,2018-08-20,16,0.947572970347464
ETHUSDT,2018-08-21,29,0.77673955383792148
ETHUSDT,2018-08-22,17,-0.22086643074997944
ETHUSDT,2018-08-23,20,-0.20388609899350524
ETHUSDT,2018-08-24,9,-1.4298220195024254
ETHUSDT,2018-08-25,6,0.426593258188936
ETHUSDT,2018-08-26,7,0.673470889810202
ETHUSDT,2018-08-27,12,0.44616273353342539
ETHUSDT,2018-08-28,21,1.1398779222859097
ETHUSDT,2018-08-29,23,0.55140408663120655
ETHUSDT,2018-08-30,16,-1.1071693465564452
ETHUSDT,2018-08-31,18,0.34169830654589006
ETHUSDT,2018-09-01,14,-1.0604592984568191
ETHUSDT,2018-09-02,12,-0.38105634007316791
ETHUSDT,2018-09-03,27,1.289766054058255
ETHUSDT,2018-09-04,18,0.91891737418714858
ETHUSDT,2018-09-05,17,-0.16729630383670258
ETHUSDT,2018-09-06,23,-0.46756841106974084
ETHUSDT,2018-09-07,12,1.8477191584629511
ETHUSDT,2018-09-08,20,-0.94551031232818694
ETHUSDT,2018-09-09,20,-0.00581230641213637
ETHUSDT,2018-09-10,35,-0.017627644444465289
ETHUSDT,2018-09-11,24,0.34490376235801695
ETHUSDT,2018-09-12,19,0.042278009049328158
ETHUSDT,2018-09-13,17,-0.32560085144321577
ETHUSDT,2018-09-14,6,-0.037967243396202055
ETHUSDT,2018-09-15,16,0.30294297536951764
ETHUSDT,2018-09-16,11,-0.0096745640991572138
ETHUSDT,2018-09-17,16,0.68160249261283656
ETHUSDT,2018-09-18,9,-0.63032866831205836
ETHUSDT,2018-09-19,12,1.2479041006971441
ETHUSDT,2018-09-20,18,0.49544704530384726
ETHUSDT,2018-09-21,33,3.6197922703478884
ETHUSDT,2018-09-22,10,1.7866513723738651
ETHUSDT,2018-09-23,6,0.17440393125525244
ETHUSDT,2018-09-24,23,0.26387750982313157
ETHUSDT,2018-09-25,19,1.0920315073269418
ETHUSDT,2018-09-26,30,1.19869314282853
ETHUSDT,2018-09-27,12,0.74818169557431624
ETHUSDT,2018-09-28,28,0.71205808752744115
ETHUSDT,2018-09-29,13,0.31753485005065313
ETHUSDT,2018-09-30,8,0.83439231577139128
ETHUSDT,2018-10-01,27,0.54133164691708613
ETHUSDT,2018-10-02,28,1.089979961623843
ETHUSDT,2018-10-03,18,1.25380252802334
ETHUSDT,2018-10-04,23,0.82753038332271867
ETHUSDT,2018-10-05,22,1.7636671847327337
ETHUSDT,2018-10-06,8,-0.19307027778468755
ETHUSDT,2018-10-07,12,0.83843093188357809
ETHUSDT,2018-10-08,15,-0.11768328853947152
ETHUSDT,2018-10-09,21,1.0563389314631813
ETHUSDT,2018-10-10,21,0.871275334981046
ETHUSDT,2018-10-11,17,0.27558722869306357
ETHUSDT,2018-10-12,20,-0.10477287552596509
ETHUSDT,2018-10-13,10,-0.087394809494209538
ETHUSDT,2018-10-14,6,0.38676814386579772
ETHUSDT,2018-10-15,7,0.1504444251490612
ETHUSDT,2018-10-16,20,-0.1804110954305897
ETHUSDT,2018-10-17,110,1.2931617503200084
ETHUSDT,2018-10-18,133,1.2197356763281
ETHUSDT,2018-10-19,57,1.5399151928035619
ETHUSDT,2018-10-20,7,1.31865825312294
ETHUSDT,2018-10-21,83,1.4037531790244604
ETHUSDT,2018-10-22,18,1.3064170609397798
ETHUSDT,2018-10-23,44,1.2803792829389422
ETHUSDT,2018-10-24,27,1.3196424571025551
ETHUSDT,2018-10-25,73,2.2074161469548823
ETHUSDT,2018-10-26,9,0.86031556729649528
ETHUSDT,2018-10-27,11,0.85555192767368
ETHUSDT,2018-10-28,16,0.722650986439944
ETHUSDT,2018-10-29,21,1.055189432973304
ETHUSDT,2018-10-30,24,0.87875521810858659
ETHUSDT,2018-10-31,20,1.5047310906836497
ETHUSDT,2018-11-01,32,0.67935285518272892
ETHUSDT,2018-11-02,25,1.9881309694446541
ETHUSDT,2018-11-03,18,0.57734862436768242
ETHUSDT,2018-11-04,23,-0.070593786629340141
ETHUSDT,2018-11-05,11,0.64885980086406059
ETHUSDT,2018-11-06,18,0.53757005990815176
ETHUSDT,2018-11-07,17,0.3241392854434369
ETHUSDT,2018-11-08,21,0.15631050342087335
ETHUSDT,2018-11-09,19,0.10943355259285589
ETHUSDT,2018-11-10,16,-0.019522045992569265
ETHUSDT,2018-11-11,6,-0.19995540106126236
ETHUSDT,2018-11-12,25,0.96227959113203321
ETHUSDT,2018-11-13,11,0.75071300779816463
ETHUSDT,2018-11-14,20,0.48911846832123546
ETHUSDT,2018-11-15,27,0.1415962488334474
ETHUSDT,2018-11-16,22,0.31312557893852527
ETHUSDT,2018-11-17,6,-1.12045960214661
ETHUSDT,2018-11-18,5,-0.17253819815114393
ETHUSDT,2018-11-19,26,-0.52036543045184536
ETHUSDT,2018-11-20,17,-0.88319342652036636
ETHUSDT,2018-11-21,14,0.57793633556601742
ETHUSDT,2018-11-22,11,-0.3911558651321172
ETHUSDT,2018-11-23,8,1.3241532782728871
ETHUSDT,2018-11-24,9,0.17198961427806561
ETHUSDT,2018-11-25,15,-0.57718839022500912
ETHUSDT,2018-11-26,19,0.86886889946695167
ETHUSDT,2018-11-27,29,0.9201234445713844
ETHUSDT,2018-11-28,12,1.5321616825993034
ETHUSDT,2018-11-29,29,1.7897360370449509
ETHUSDT,2018-11-30,136,2.2714098979771919
ETHUSDT,2018-12-01,9,-0.038579004664840988
ETHUSDT,2018-12-02,13,0.062096021964907544
ETHUSDT,2018-12-03,25,-0.19398589667170874
ETHUSDT,2018-12-04,6,0.0095055642170490673
ETHUSDT,2018-12-05,19,0.5281418831537944
ETHUSDT,2018-12-06,31,0.43026569177701712
ETHUSDT,2018-12-07,25,-0.21659538360227937
ETHUSDT,2018-12-08,13,1.5350932791501655
ETHUSDT,2018-12-09,15,0.48465836924520961
ETHUSDT,2018-12-10,9,0.932405188712492
ETHUSDT,2018-12-11,15,-0.24932033631360542
ETHUSDT,2018-12-12,21,1.0914615057078629
ETHUSDT,2018-12-13,23,0.28732156250251284
ETHUSDT,2018-12-14,18,0.011048234116367819
ETHUSDT,2018-12-15,4,-0.45736549196222648
ETHUSDT,2018-12-16,6,0.056485242088438324
ETHUSDT,2018-12-17,31,-0.426830424160488
ETHUSDT,2018-12-18,21,0.955657931501456
ETHUSDT,2018-12-19,15,-0.39253798088837927
ETHUSDT,2018-12-20,20,-0.36087146815289578
ETHUSDT,2018-12-21,13,0.39085130933050527
ETHUSDT,2018-12-22,10,0.43484713494816618
ETHUSDT,2018-12-23,12,0.566895963651522
ETHUSDT,2018-12-24,17,-0.12956402960095251
ETHUSDT,2018-12-25,6,-1.1395388137176887
ETHUSDT,2018-12-26,9,0.621358362749179
ETHUSDT,2018-12-27,7,-1.3182608854033226
ETHUSDT,2018-12-28,16,0.35408730964337443
ETHUSDT,2018-12-29,7,-0.05854965324123157
ETHUSDT,2018-12-30,13,-0.90215369144148672
ETHUSDT,2018-12-31,7,-0.69276762551205651
ETHUSDT,2019-01-01,4,-0.34230012042863456
ETHUSDT,2019-01-02,9,-0.41262060842890796
ETHUSDT,2019-01-03,19,0.31194391981868058
ETHUSDT,2019-01-04,25,-0.11564413850339998
ETHUSDT,2019-01-05,7,1.074750115403442
ETHUSDT,2019-01-06,8,0.39184391139563785
ETHUSDT,2019-01-07,14,-0.62808793154434983
ETHUSDT,2019-01-08,63,-0.34557822543265665
ETHUSDT,2019-01-09,43,-1.3788019535306462
ETHUSDT,2019-01-10,41,-1.6766267705992977
ETHUSDT,2019-01-11,35,-0.893511784195268
ETHUSDT,2019-01-12,25,-1.1112387787689912
ETHUSDT,2019-01-13,11,-1.3442856768736571
ETHUSDT,2019-01-14,24,-1.9805269812459434
ETHUSDT,2019-01-15,32,0.087079076419742468
ETHUSDT,2019-01-16,25,-0.820797925445176
ETHUSDT,2019-01-17,16,-0.66513602362354662
ETHUSDT,2019-01-18,21,-0.64141572108098166
ETHUSDT,2019-01-19,11,-1.1951605462335566
ETHUSDT,2019-01-20,4,0.84216987750256211
ETHUSDT,2019-01-21,10,-0.82476642510662357
ETHUSDT,2019-01-22,18,-0.18024802979087937
ETHUSDT,2019-01-23,9,0.013793443799692273
ETHUSDT,2019-01-24,20,-0.7284190490654544
ETHUSDT,2019-01-25,15,0.90196915387435628
ETHUSDT,2019-01-26,6,0.47230740304653585
ETHUSDT,2019-01-27,9,-0.19093927542534578
ETHUSDT,2019-01-28,16,1.2681097389505331
ETHUSDT,2019-01-29,12,2.3682789330346887
ETHUSDT,2019-01-30,11,1.3074763715102615
ETHUSDT,2019-01-31,10,1.3840488913015552
ETHUSDT,2019-02-01,9,-0.028227594290772789
ETHUSDT,2019-02-02,2,-0.74389580357750007
ETHUSDT,2019-02-03,5,-0.42391762925799154
ETHUSDT,2019-02-04,7,0.93638322394146778
ETHUSDT,2019-02-05,10,-0.26957854938910492
ETHUSDT,2019-02-06,10,1.1695894656065993
ETHUSDT,2019-02-07,14,0.73602919212807949
ETHUSDT,2019-02-08,17,-0.738276192705569
ETHUSDT,2019-02-09,5,-1.4084889146926378
ETHUSDT,2019-02-10,4,-1.2654022120005213
ETHUSDT,2019-02-11,18,-0.97065767292785654
ETHUSDT,2019-02-12,9,1.3162641494712537
ETHUSDT,2019-02-13,27,1.9012090621262983
ETHUSDT,2019-02-14,43,1.5080222187120547
ETHUSDT,2019-02-15,12,-0.0816624723311604
ETHUSDT,2019-02-16,7,-0.29166073789080083
ETHUSDT,2019-02-17,8,-0.16028247799590048
ETHUSDT,2019-02-18,28,0.32468626288771563
ETHUSDT,2019-02-19,22,0.051436626006712262
ETHUSDT,2019-02-20,12,0.0308963003248431
ETHUSDT,2019-02-21,12,0.01898255959611686
ETHUSDT,2019-02-22,16,-0.29801006557109783
ETHUSDT,2019-02-23,7,0.057620093467730643
ETHUSDT,2019-02-24,14,-0.33841659715413275
ETHUSDT,2019-02-25,14,-1.5884927983230839
ETHUSDT,2019-02-26,19,-0.47132923699114559
ETHUSDT,2019-02-27,20,0.33484666723375778
ETHUSDT,2019-02-28,14,0.82830366138104128
ETHUSDT,2019-03-01,36,2.0566424538468047
ETHUSDT,2019-03-02,14,-0.41776179111356071
ETHUSDT,2019-03-03,17,0.39038689261157461
ETHUSDT,2019-03-04,10,0.834980185983548
ETHUSDT,2019-03-05,12,1.206910369392638
ETHUSDT,2019-03-06,12,1.0456783763084117
ETHUSDT,2019-03-07,20,0.99886369824605092
ETHUSDT,2019-03-08,9,0.054260524389108444
ETHUSDT,2019-03-09,7,-1.0775143486657524
ETHUSDT,2019-03-10,11,-0.12629384300359364
ETHUSDT,2019-03-11,20,1.2638419425422953
ETHUSDT,2019-03-12,16,1.0526930680459283
ETHUSDT,2019-03-13,14,2.376682267433667
ETHUSDT,2019-03-14,14,1.5258602831644037
ETHUSDT,2019-03-15,12,0.61580323885551447
ETHUSDT,2019-03-16,7,2.4160006667919891
ETHUSDT,2019-03-17,7,0.16645378851131326
ETHUSDT,2019-03-18,19,0.68260301426518455
ETHUSDT,2019-03-19,10,0.58203548039777775
ETHUSDT,2019-03-20,15,1.1103057681727275
ETHUSDT,2019-03-21,16,0.57253714381187815
ETHUSDT,2019-03-22,17,0.17285487041770262
ETHUSDT,2019-03-23,6,0.8812848283915875
ETHUSDT,2019-03-24,8,-0.025508252113440544
ETHUSDT,2019-03-25,15,-0.066596737481143836
ETHUSDT,2019-03-26,25,3.1709780923391642
ETHUSDT,2019-03-27,23,2.5881924677162553
ETHUSDT,2019-03-28,21,2.8774264369336144
ETHUSDT,2019-03-29,13,2.917463961238246
ETHUSDT,2019-03-30,4,-0.13482051705443598
ETHUSDT,2019-03-31,10,0.12355244945689695
ETHUSDT,2019-04-01,32,2.9359059453120304
ETHUSDT,2019-04-02,28,2.4728214866008673
ETHUSDT,2019-04-03,25,0.28461244527861462
ETHUSDT,2019-04-04,42,0.38462825078701807
ETHUSDT,2019-04-05,16,1.337235440121096
ETHUSDT,2019-04-06,9,-0.354168304929408
ETHUSDT,2019-04-07,13,0.079654863674504514
ETHUSDT,2019-04-08,17,0.2490835180236938
ETHUSDT,2019-04-09,22,-0.033889631588606785
ETHUSDT,2019-04-10,15,0.30069654397989848
ETHUSDT,2019-04-11,14,0.75653090743920037
ETHUSDT,2019-04-12,17,0.011111072053640605
ETHUSDT,2019-04-13,4,-0.45281626651231932
ETHUSDT,2019-04-14,4,1.7349265836009926
ETHUSDT,2019-04-15,9,0.84359002960508
ETHUSDT,2019-04-16,26,1.6404515912782636
ETHUSDT,2019-04-17,13,1.6772929939643832
ETHUSDT,2019-04-18,14,1.5193205108467198
ETHUSDT,2019-04-19,5,0.1523062810826159
ETHUSDT,2019-04-20,8,1.0954629704272763
ETHUSDT,2019-04-21,3,0.20378198088764266
ETHUSDT,2019-04-22,8,0.024810227171568944
ETHUSDT,2019-04-23,20,2.1386345075690429
ETHUSDT,2019-04-24,67,2.2248183680625231
ETHUSDT,2019-04-25,11,0.77662513395287791
ETHUSDT,2019-04-26,13,0.086172966665159972
ETHUSDT,2019-04-27,8,1.1335779095702407
ETHUSDT,2019-04-28,9,0.48153041435754174
ETHUSDT,2019-04-29,10,0.043346586271827692
ETHUSDT,2019-04-30,16,1.5310807630734766
ETHUSDT,2019-05-01,7,0.033571697558804181
ETHUSDT,2019-05-02,17,1.9610862333728176
ETHUSDT,2019-05-03,17,1.0953179070620209
ETHUSDT,2019-05-04,5,1.2469477034855139
ETHUSDT,2019-05-05,8,-0.39179001498172272
ETHUSDT,2019-05-06,46,0.977558901470755
ETHUSDT,2019-05-07,20,0.72516600598123049
ETHUSDT,2019-05-08,12,0.75519090540384193
ETHUSDT,2019-05-09,18,0.41182172165651038
ETHUSDT,2019-05-10,7,0.79519915793855467
ETHUSDT,2019-05-11,10,-0.70025759959684586
ETHUSDT,2019-05-12,11,1.0241626696307864
ETHUSDT,2019-05-13,19,1.3554689985969197
ETHUSDT,2019-05-14,11,0.31228475208330697
ETHUSDT,2019-05-15,14,0.34466328113120404
ETHUSDT,2019-05-16,14,1.1682865411350769
ETHUSDT,2019-05-17,12,0.0015979076037026252
ETHUSDT,2019-05-18,21,-0.23907349698551617
ETHUSDT,2019-05-19,1,0.0
ETHUSDT,2019-05-20,14,1.2701451583586032
ETHUSDT,2019-05-21,13,1.4469382803667268
ETHUSDT,2019-05-22,14,1.0871356095987961
ETHUSDT,2019-05-23,28,1.5415009391886945
ETHUSDT,2019-05-24,15,0.87072832171867132
ETHUSDT,2019-05-25,7,0.22159940173486894
ETHUSDT,2019-05-26,5,0.92116672577012615
ETHUSDT,2019-05-27,11,0.43737111829157282
ETHUSDT,2019-05-28,32,1.834002175403797
ETHUSDT,2019-05-29,21,1.2771782727784011
ETHUSDT,2019-05-30,16,1.5525733581233065
ETHUSDT,2019-05-31,5,0.28348347742756075
ETHUSDT,2019-06-01,9,0.57253310663037471
ETHUSDT,2019-06-03,21,0.65001536719423081
ETHUSDT,2019-06-04,10,1.206846430955834
ETHUSDT,2019-06-05,7,0.80181948855990093
ETHUSDT,2019-06-06,23,1.1184611467191299
ETHUSDT,2019-06-07,12,0.78186172732939585
ETHUSDT,2019-06-08,4,1.2534349546540176
ETHUSDT,2019-06-09,4,2.0700115430890293
ETHUSDT,2019-06-10,16,2.2223343666397026
ETHUSDT,2019-06-11,9,2.2602437623447456
ETHUSDT,2019-06-12,15,1.6731833113113104
ETHUSDT,2019-06-13,35,0.607797115418735
ETHUSDT,2019-06-14,7,1.2242157004359051
ETHUSDT,2019-06-15,7,1.0856598085507767
ETHUSDT,2019-06-16,8,0.68338226181402972
ETHUSDT,2019-06-17,16,1.0134369225168349
ETHUSDT,2019-06-18,37,1.9503233327363245
ETHUSDT,2019-06-19,10,1.3568983609475336
ETHUSDT,2019-06-20,7,0.70145598671514087
ETHUSDT,2019-06-21,20,1.4412485939380684
ETHUSDT,2019-06-22,6,1.0282060267728725
ETHUSDT,2019-06-23,7,0.17170470471693405
ETHUSDT,2019-06-24,4,0.86279852541752089
ETHUSDT,2019-06-25,14,-1.8651156937673949
ETHUSDT,2019-06-26,42,1.668534183294786
ETHUSDT,2019-06-27,23,0.28896065936108228
ETHUSDT,2019-06-28,12,0.72930607132183212
ETHUSDT,2019-06-29,7,0.72079931699809041
ETHUSDT,2019-06-30,7,0.52707605763842336
ETHUSDT,2019-07-01,9,0.55332713331394623
ETHUSDT,2019-07-02,6,1.0733155469997568
ETHUSDT,2019-07-03,6,-0.7965291650925922
ETHUSDT,2019-07-04,4,1.6350226078195391
ETHUSDT,2019-07-05,7,-1.2238705423258587
ETHUSDT,2019-07-06,5,2.0873618809959433
ETHUSDT,2019-07-07,7,0.84437805555821976
ETHUSDT,2019-07-08,7,1.2639836474559056
ETHUSDT,2019-07-09,7,0.1749423725714021
ETHUSDT,2019-07-10,3,-0.99781541012884345
ETHUSDT,2019-07-11,13,3.0267474807274453
ETHUSDT,2019-07-12,5,1.539419574567886
ETHUSDT,2019-07-13,3,1.0545209507473661
ETHUSDT,2019-07-14,4,-0.22551773516610429
ETHUSDT,2019-07-15,5,0.30665675112118718
ETHUSDT,2019-07-16,5,-1.3217282443479379
ETHUSDT,2019-07-17,6,0.029717730080384253
ETHUSDT,2019-07-18,16,0.97555351145528868
ETHUSDT,2019-07-19,7,2.1937655536944667
ETHUSDT,2019-07-20,3,0.61247309658326765
ETHUSDT,2019-07-21,4,0.58928305264554126
ETHUSDT,2019-07-22,8,0.641458771412435
ETHUSDT,2019-07-23,12,1.8467393865447612
ETHUSDT,2019-07-24,11,-0.54255399633533052
ETHUSDT,2019-07-25,12,-0.36891622181755757
ETHUSDT,2019-07-26,11,-0.38750009578194317
ETHUSDT,2019-07-27,22,1.0714734349240149
ETHUSDT,2019-07-28,7,1.1203323005905608
ETHUSDT,2019-07-29,19,0.94457909217998448
ETHUSDT,2019-07-30,10,1.23411070828056
ETHUSDT,2019-07-31,9,0.8979540582132336
ETHUSDT,2019-08-01,7,0.27875525852663108
ETHUSDT,2019-08-02,24,1.8373847417510358
ETHUSDT,2019-08-03,4,1.0284578480038862
ETHUSDT,2019-08-04,1,1.16959064327485
ETHUSDT,2019-08-05,15,1.2870779887917745
ETHUSDT,2019-08-06,8,1.9185573042467146
ETHUSDT,2019-08-07,9,2.9902217957673853
ETHUSDT,2019-08-08,9,1.4463911991358847
ETHUSDT,2019-08-09,6,-0.053713076085622369
ETHUSDT,2019-08-10,3,0.47493005609674632
ETHUSDT,2019-08-11,6,2.2663795973784246
ETHUSDT,2019-08-12,7,0.0085476656861077638
ETHUSDT,2019-08-13,5,-0.41688304878489019
ETHUSDT,2019-08-14,10,1.3406289439303907
ETHUSDT,2019-08-15,20,-0.05468100158674459
ETHUSDT,2019-08-16,8,-1.3866638599046259
ETHUSDT,2019-08-17,1,-1.50602409638554
ETHUSDT,2019-08-18,8,0.91533860715762994
ETHUSDT,2019-08-19,11,2.1346694183070061
ETHUSDT,2019-08-20,5,0.18930746927783806
ETHUSDT,2019-08-21,18,-0.70867815191686256
ETHUSDT,2019-08-22,15,0.4460280559391126
ETHUSDT,2019-08-23,15,0.99499232899584422
ETHUSDT,2019-08-24,3,0.51174958324803266
ETHUSDT,2019-08-25,7,1.9299255718695614
ETHUSDT,2019-08-26,11,0.58565882535047886
ETHUSDT,2019-08-27,34,2.14545445571297
ETHUSDT,2019-08-28,28,0.29010934662518306
ETHUSDT,2019-08-29,17,0.13561538266373521
ETHUSDT,2019-08-30,16,0.806399601669961
ETHUSDT,2019-08-31,5,1.8147350662503898
ETHUSDT,2019-09-01,1,1.88323917137476
ETHUSDT,2019-09-02,4,-0.96094095104307287
ETHUSDT,2019-09-03,12,0.92359463452209223
ETHUSDT,2019-09-04,17,0.78786929335457612
ETHUSDT,2019-09-05,6,1.4828585167492085
ETHUSDT,2019-09-06,10,0.21352088865523824
ETHUSDT,2019-09-07,5,-0.66898641241918011
ETHUSDT,2019-09-08,2,-0.167363666311188
ETHUSDT,2019-09-09,10,0.835652577885455
ETHUSDT,2019-09-10,13,1.0579444604075494
ETHUSDT,2019-09-11,10,1.0919589532342311
ETHUSDT,2019-09-12,4,2.1802852894695044
ETHUSDT,2019-09-13,13,0.581735842751465
ETHUSDT,2019-09-14,3,0.34812880765883369
ETHUSDT,2019-09-15,7,1.1157530021426227
ETHUSDT,2019-09-16,7,1.0327544714650778
ETHUSDT,2019-09-17,6,1.1788080906168377
ETHUSDT,2019-09-18,12,0.41705286434732824
ETHUSDT,2019-09-19,10,-3.1816073835723406
ETHUSDT,2019-09-20,7,-1.2023682205946415
ETHUSDT,2019-09-21,6,-0.66203094760644188
ETHUSDT,2019-09-22,2,0.55233125243854853
ETHUSDT,2019-09-23,20,1.3260249115058698
ETHUSDT,2019-09-24,10,2.11018055567068
ETHUSDT,2019-09-25,9,2.5297492874639413
ETHUSDT,2019-09-26,5,-0.40724146851761245
ETHUSDT,2019-09-27,9,0.57496469166398523
ETHUSDT,2019-09-28,4,-0.65645048638050962
ETHUSDT,2019-09-29,2,0.151057401812689
ETHUSDT,2019-09-30,8,2.1127860791752364
ETHUSDT,2019-10-01,9,0.17753492732166107
ETHUSDT,2019-10-02,14,1.3985865357012479
ETHUSDT,2019-10-03,15,1.3718065937888491
ETHUSDT,2019-10-04,10,0.48739792552481004
ETHUSDT,2019-10-05,6,-0.069325605255487865
ETHUSDT,2019-10-06,6,-1.6614756084605533
ETHUSDT,2019-10-07,10,-1.3125107410150729
ETHUSDT,2019-10-08,14,0.61135828709662743
ETHUSDT,2019-10-09,39,2.2045606669564668
ETHUSDT,2019-10-10,27,1.744341070918439
ETHUSDT,2019-10-11,17,1.8004253467432194
ETHUSDT,2019-10-12,7,-0.15300216623614193
ETHUSDT,2019-10-13,5,-1.1516510520829153
ETHUSDT,2019-10-14,10,1.0266083634470378
ETHUSDT,2019-10-15,19,1.216397389460834
ETHUSDT,2019-10-16,8,0.94799013939594357
ETHUSDT,2019-10-17,9,1.3417487185755546
ETHUSDT,2019-10-18,9,1.3792487952182435
ETHUSDT,2019-10-19,10,0.16617227568793114
ETHUSDT,2019-10-20,9,-0.011003710710846951
ETHUSDT,2019-10-21,9,1.7728335502559454
ETHUSDT,2019-10-22,7,1.0934876547666237
ETHUSDT,2019-10-23,9,0.31992836001328628
ETHUSDT,2019-10-24,13,1.2419804140584865
ETHUSDT,2019-10-25,2,0.72737291637966472
ETHUSDT,2019-10-26,5,2.3873814940944316
ETHUSDT,2019-10-27,3,0.907357755667608
ETHUSDT,2019-10-28,12,1.1074624636506587
ETHUSDT,2019-10-29,7,0.7420404701537161
ETHUSDT,2019-10-30,5,1.61054043021632
ETHUSDT,2019-10-31,11,1.6113292004980062
ETHUSDT,2019-11-01,5,1.7704098211865003
ETHUSDT,2019-11-02,1,0.8
ETHUSDT,2019-11-03,2,0.2147850777524265
ETHUSDT,2019-11-04,10,0.31850709264792543
ETHUSDT,2019-11-05,9,0.79226616190089216
ETHUSDT,2019-11-06,7,0.50792903311288351
ETHUSDT,2019-11-07,1,0.263157894736842
ETHUSDT,2019-11-08,10,2.0092700721103736
ETHUSDT,2019-11-09,5,1.380735853156156
ETHUSDT,2019-11-10,5,2.2945693120831283
ETHUSDT,2019-11-11,29,1.5549229616378331
ETHUSDT,2019-11-12,7,1.0100655644122527
ETHUSDT,2019-11-13,6,1.1319689950880085
ETHUSDT,2019-11-14,7,0.0894213289485026
ETHUSDT,2019-11-15,5,1.2881900320013577
ETHUSDT,2019-11-16,4,1.4391693566572923
ETHUSDT,2019-11-17,5,-0.01079897974844711
ETHUSDT,2019-11-18,9,0.8437898878421709
ETHUSDT,2019-11-19,6,0.53797865005817258
ETHUSDT,2019-11-20,1,-0.146412884333821
ETHUSDT,2019-11-21,5,0.651371914347963
ETHUSDT,2019-11-22,7,-0.64949854865041279
ETHUSDT,2019-11-23,7,-1.6160903508474245
ETHUSDT,2019-11-24,7,0.52360075093480174
ETHUSDT,2019-11-25,3,3.2384903831932261
ETHUSDT,2019-11-26,8,-1.2482535398218189
ETHUSDT,2019-11-27,15,-1.872512904796434
ETHUSDT,2019-11-28,25,0.062940881782252517
ETHUSDT,2019-11-29,13,-2.1857101846454161
ETHUSDT,2019-11-30,16,-3.3860618352070317
ETHUSDT,2019-12-01,9,-0.42237717579737954
ETHUSDT,2019-12-02,39,-2.5459105576049654
ETHUSDT,2019-12-03,35,-3.5860840218318644
ETHUSDT,2019-12-04,17,-1.6543925670737898
ETHUSDT,2019-12-05,18,-0.3508228671257832
ETHUSDT,2019-12-06,12,-0.11057212792090446
ETHUSDT,2019-12-07,8,1.0239677112895036
ETHUSDT,2019-12-08,7,0.75633398262710072
ETHUSDT,2019-12-09,6,-1.0655743910378859
ETHUSDT,2019-12-10,8,0.855527274658337
ETHUSDT,2019-12-11,13,-0.534479747436926
ETHUSDT,2019-12-12,11,2.5593760092144775
ETHUSDT,2019-12-13,3,0.59194389195693664
ETHUSDT,2019-12-14,5,0.65954293958031451
ETHUSDT,2019-12-15,4,-0.244803029306296
ETHUSDT,2019-12-16,10,0.33911020427711469
ETHUSDT,2019-12-17,13,-0.040841487613326344
ETHUSDT,2019-12-18,11,0.19879820612872826
ETHUSDT,2019-12-19,9,-0.1283892232157603
ETHUSDT,2019-12-20,9,0.98925663388755736
ETHUSDT,2019-12-21,4,0.60810920419706938
ETHUSDT,2019-12-22,1,0.0
ETHUSDT,2019-12-23,11,0.9824465736509147
ETHUSDT,2019-12-24,9,-1.4968177549544432
ETHUSDT,2019-12-25,10,0.76128476697356606
ETHUSDT,2019-12-26,5,-0.86145087543257481
ETHUSDT,2019-12-27,4,-1.05588217882971
ETHUSDT,2019-12-28,5,1.0514031269707986
ETHUSDT,2019-12-29,8,0.060747408246358409
ETHUSDT,2019-12-30,14,-0.573341283623221
ETHUSDT,2019-12-31,9,-1.2497684132327775
ETHUSDT,2020-01-01,3,-3.2541281845525867
ETHUSDT,2020-01-02,14,-2.5839821622038444
ETHUSDT,2020-01-03,17,-1.085541664808354
ETHUSDT,2020-01-04,5,-1.3909904610688244
ETHUSDT,2020-01-05,3,-0.396073099103597
ETHUSDT,2020-01-06,5,-0.35482554668647814
ETHUSDT,2020-01-07,8,-2.9465825447146177
ETHUSDT,2020-01-08,13,-0.63362380559885434
ETHUSDT,2020-01-09,20,-1.7961657239947451
ETHUSDT,2020-01-10,11,0.25829294884624382
ETHUSDT,2020-01-11,10,-1.4191018541224047
ETHUSDT,2020-01-12,5,-0.32195499174941017
ETHUSDT,2020-01-13,11,0.22506583731481458
ETHUSDT,2020-01-14,8,0.18037843107153639
ETHUSDT,2020-01-15,16,-0.0727736773748888
ETHUSDT,2020-01-16,15,-0.17851098442367569
ETHUSDT,2020-01-17,16,-0.11606438190492716
ETHUSDT,2020-01-18,4,0.7015897211187625
ETHUSDT,2020-01-19,4,0.98339719029374106
ETHUSDT,2020-01-20,9,-0.944190886561407
ETHUSDT,2020-01-21,16,1.5352270427570387
ETHUSDT,2020-01-22,18,1.1702538716617719
ETHUSDT,2020-01-23,23,0.67687613590642037
ETHUSDT,2020-01-24,17,-0.20626486180358572
ETHUSDT,2020-01-25,10,-0.22349624819105457
ETHUSDT,2020-01-26,2,0.0680978762696215
ETHUSDT,2020-01-27,9,0.80347847866363464
ETHUSDT,2020-01-28,14,0.62987377154778112
ETHUSDT,2020-01-29,19,0.894066449310281
ETHUSDT,2020-01-30,8,1.4495113330720732
ETHUSDT,2020-01-31,16,-0.60010217717490977
ETHUSDT,2020-02-01,4,-0.18353501778313341
ETHUSDT,2020-02-02,3,0.8844957359181711
ETHUSDT,2020-02-03,16,0.64126465691474177
ETHUSDT,2020-02-04,16,0.87373596921121943
ETHUSDT,2020-02-05,7,0.56184126296416825
ETHUSDT,2020-02-06,9,1.060905360341047
ETHUSDT,2020-02-07,8,-0.14539505696082361
ETHUSDT,2020-02-08,3,-0.547242778638934
ETHUSDT,2020-02-09,6,0.10441041523183203
ETHUSDT,2020-02-10,24,2.8182625638318664
ETHUSDT,2020-02-11,20,1.5006888138923076
ETHUSDT,2020-02-12,15,0.16334152913881334
ETHUSDT,2020-02-13,13,1.0376249260237564
ETHUSDT,2020-02-14,9,0.271526744263368
ETHUSDT,2020-02-15,6,0.40558864177674614
ETHUSDT,2020-02-16,5,-1.0179095327510428
ETHUSDT,2020-02-17,12,0.87493413148584964
ETHUSDT,2020-02-18,8,0.53757263005166367
ETHUSDT,2020-02-19,8,0.62020656953761377
ETHUSDT,2020-02-20,7,-0.41350889911279354
ETHUSDT,2020-02-21,12,-0.83801984627189585
ETHUSDT,2020-02-22,1,-0.505050505050505
ETHUSDT,2020-02-23,4,0.29650857484232895
ETHUSDT,2020-02-24,8,0.1949920612509371
ETHUSDT,2020-02-25,6,2.0623658868243977
ETHUSDT,2020-02-26,14,1.4022161851754111
ETHUSDT,2020-02-27,17,0.53883983894623555
ETHUSDT,2020-02-28,6,-1.0517590977825926
ETHUSDT,2020-03-01,1,-0.301204819277108
ETHUSDT,2020-03-02,7,-0.14500545389075742
ETHUSDT,2020-03-03,9,0.90631826448822006
ETHUSDT,2020-03-04,10,0.45349524893188659
ETHUSDT,2020-03-05,7,0.38225375053754673
ETHUSDT,2020-03-06,13,0.84611709679802827
ETHUSDT,2020-03-07,3,-0.35385704175513005
ETHUSDT,2020-03-08,2,0.17047094020988007
ETHUSDT,2020-03-09,6,0.38925892656914274
ETHUSDT,2020-03-10,4,0.12462214020827267
ETHUSDT,2020-03-11,5,-2.9980709361721734
ETHUSDT,2020-03-12,12,-0.77691235143742077
ETHUSDT,2020-03-13,5,-0.69245411216030828
ETHUSDT,2020-03-14,5,-2.4015207236135434
ETHUSDT,2020-03-15,7,-1.1578122988041841
ETHUSDT,2020-03-16,5,-1.7120212588221162
ETHUSDT,2020-03-17,4,1.3679706280725572
ETHUSDT,2020-03-18,2,-0.58139534883721
ETHUSDT,2020-03-19,2,-1.8372181279533835
ETHUSDT,2020-03-20,2,0.012924415957860091
ETHUSDT,2020-03-21,39,3.4645811369940818
ETHUSDT,2020-03-22,4,-2.0923251476111315
ETHUSDT,2020-03-23,7,-0.24659535852503614
ETHUSDT,2020-03-24,8,0.37892104576900087
ETHUSDT,2020-03-25,5,-0.88054278130738206
ETHUSDT,2020-03-26,9,1.5359681120952835
ETHUSDT,2020-03-27,10,0.98269668763774332
ETHUSDT,2020-03-28,1,-0.881612090680101
ETHUSDT,2020-03-29,1,0.0979431929480898
ETHUSDT,2020-03-30,5,2.8534160400377497
ETHUSDT,2020-03-31,4,-0.18086295140932904
ETHUSDT,2020-04-01,7,0.82430949649934571
ETHUSDT,2020-04-02,3,1.5800470565266869
ETHUSDT,2020-04-03,4,0.9600947169729257
ETHUSDT,2020-04-05,3,-0.63996785445720694
ETHUSDT,2020-04-06,4,0.15972286410619824
ETHUSDT,2020-04-07,5,1.1319241189967513
ETHUSDT,2020-04-08,4,0.40924627397793262
ETHUSDT,2020-04-09,6,0.33735979038966513
ETHUSDT,2020-04-10,8,0.38168840052683772
ETHUSDT,2020-04-11,9,-1.7600141744268567
ETHUSDT,2020-04-12,5,-0.785848692549451
ETHUSDT,2020-04-13,6,0.35329540930336478
ETHUSDT,2020-04-14,9,-0.016686998664162293
ETHUSDT,2020-04-15,7,1.1993239875547057
ETHUSDT,2020-04-16,8,-0.30329610339838836
ETHUSDT,2020-04-17,7,1.0198217967410395
ETHUSDT,2020-04-18,3,3.0284345471480831
ETHUSDT,2020-04-19,2,1.314027656052196
ETHUSDT,2020-04-20,3,1.1885714972384795
ETHUSDT,2020-04-21,5,-1.3762237812370701
ETHUSDT,2020-04-22,5,-0.23343044177857797
ETHUSDT,2020-04-23,6,2.3079339964409225
ETHUSDT,2020-04-24,3,-2.04417309746704
ETHUSDT,2020-04-25,1,1.77267987486966
ETHUSDT,2020-04-26,3,-4.6014669711166665
ETHUSDT,2020-04-27,4,-0.500740684354053
ETHUSDT,2020-04-28,7,0.16700548905946216
ETHUSDT,2020-04-29,3,3.0630205748521568
ETHUSDT,2020-04-30,1,4.32989690721649
ETHUSDT,2020-05-01,3,0.22660857152587663
ETHUSDT,2020-05-02,1,-1.0752688172043
ETHUSDT,2020-05-03,11,3.1197799972232132
ETHUSDT,2020-05-04,1,-0.499168053244592
ETHUSDT,2020-05-05,6,1.158946439378564
ETHUSDT,2020-05-06,6,1.7390386488975766
ETHUSDT,2020-05-07,9,2.0596423064862397
ETHUSDT,2020-05-08,7,1.1843075117404722
ETHUSDT,2020-05-09,5,0.34917110675918384
ETHUSDT,2020-05-10,5,-0.58419890395257235
ETHUSDT,2020-05-11,4,-0.96382060377696277
ETHUSDT,2020-05-12,7,0.90756999652774162
ETHUSDT,2020-05-13,3,3.4339028825944435
ETHUSDT,2020-05-14,8,0.19700063962103975
ETHUSDT,2020-05-15,7,0.050786588003442754
ETHUSDT,2020-05-16,2,1.3449852558855395
ETHUSDT,2020-05-17,3,1.7960463982485659
ETHUSDT,2020-05-18,9,1.4798088076672529
ETHUSDT,2020-05-19,11,1.2336354913912215
ETHUSDT,2020-05-20,10,1.4416253163842918
ETHUSDT,2020-05-21,8,-0.16914361807673151
ETHUSDT,2020-05-22,7,-0.1614920215318216
ETHUSDT,2020-05-23,4,-0.41857794664872405
ETHUSDT,2020-05-24,3,-0.80874557840610861
ETHUSDT,2020-05-25,13,0.52647708056296516
ETHUSDT,2020-05-26,8,1.6470695940024838
ETHUSDT,2020-05-27,24,4.035261405748475
ETHUSDT,2020-05-28,6,0.99562696043516219
ETHUSDT,2020-05-29,8,0.1349578288388851
ETHUSDT,2020-05-30,3,-0.23393165210267397
ETHUSDT,2020-05-31,5,1.0067575512742408
ETHUSDT,2020-06-01,8,0.7999984821407462
ETHUSDT,2020-06-02,3,1.7465797423945251
ETHUSDT,2020-06-03,8,0.5498351294078585
ETHUSDT,2020-06-04,12,-0.10374974015999505
ETHUSDT,2020-06-05,6,1.4837038742437259
ETHUSDT,2020-06-06,7,0.28375127604586997
ETHUSDT,2020-06-07,9,-0.52478873810018833
ETHUSDT,2020-06-08,8,0.56170032047791651
ETHUSDT,2020-06-09,7,1.9686030726479435
ETHUSDT,2020-06-10,15,0.10682613982117592
ETHUSDT,2020-06-11,28,4.07449626903708
ETHUSDT,2020-06-12,8,1.0141996364179686
ETHUSDT,2020-06-13,8,-2.0404865544825985
ETHUSDT,2020-06-14,30,1.3597658389902303
ETHUSDT,2020-06-15,7,1.4768255954016214
ETHUSDT,2020-06-16,11,-0.24892311685757593
ETHUSDT,2020-06-17,12,-1.0008876282763288
ETHUSDT,2020-06-18,11,-0.23895028022389458
ETHUSDT,2020-06-19,19,1.1933762240257935
ETHUSDT,2020-06-20,5,0.058925324361598419
ETHUSDT,2020-06-21,6,-0.029905243477155966
ETHUSDT,2020-06-22,8,0.087858956519419829
ETHUSDT,2020-06-23,6,1.0672514214531015
ETHUSDT,2020-06-24,9,1.9039861525781459
ETHUSDT,2020-06-25,43,2.0857549559677024
ETHUSDT,2020-06-26,7,0.96697401191237886
ETHUSDT,2020-06-27,9,-0.023588751898607652
ETHUSDT,2020-06-28,6,-0.61892925876572225
ETHUSDT,2020-06-29,13,-1.1591855462823304
ETHUSDT,2020-06-30,7,0.3482544981202757
ETHUSDT,2020-07-01,8,0.27431308144566624
ETHUSDT,2020-07-02,11,1.0742678015058491
ETHUSDT,2020-07-03,4,0.37495522292213573
ETHUSDT,2020-07-04,3,0.80001375469254665
ETHUSDT,2020-07-05,3,2.7477148466920447
ETHUSDT,2020-07-06,3,1.2439552740226139
ETHUSDT,2020-07-07,11,2.5614123342675179
ETHUSDT,2020-07-08,26,3.7020278962849682
ETHUSDT,2020-07-09,6,1.8073598518466056
ETHUSDT,2020-07-10,52,2.1989348281684391
ETHUSDT,2020-07-11,4,1.049984847807401
ETHUSDT,2020-07-12,5,-0.578598373176836
ETHUSDT,2020-07-13,4,-1.1202296650169952
ETHUSDT,2020-07-14,8,1.2029845609877101
ETHUSDT,2020-07-15,7,-0.26333112299492706
ETHUSDT,2020-07-16,5,1.5027197285991696
ETHUSDT,2020-07-17,16,1.4276315332855745
ETHUSDT,2020-07-18,1,-0.242718446601942
ETHUSDT,2020-07-20,10,1.4169434863441088
ETHUSDT,2020-07-21,5,1.3032166063453752
ETHUSDT,2020-07-22,13,-0.56259917574357554
ETHUSDT,2020-07-23,34,2.6875282051685505
ETHUSDT,2020-07-24,6,0.22561312833525005
ETHUSDT,2020-07-25,1,-3.65591397849462
ETHUSDT,2020-07-26,6,1.2628151107813028
ETHUSDT,2020-07-27,7,1.539672664199768
ETHUSDT,2020-07-28,13,0.53486188415719549
ETHUSDT,2020-07-29,8,1.1509913349688825
ETHUSDT,2020-07-30,4,-1.2347785193065151
ETHUSDT,2020-07-31,8,0.775058488566414
ETHUSDT,2020-08-01,3,-0.530818730818732
ETHUSDT,2020-08-02,2,-3.72657082694257
ETHUSDT,2020-08-03,7,-0.34881385354974304
ETHUSDT,2020-08-04,4,-1.5180581185911559
ETHUSDT,2020-08-05,15,-0.76039725372496692
ETHUSDT,2020-08-06,16,-0.95809930807869637
ETHUSDT,2020-08-07,12,0.75502328206555869
ETHUSDT,2020-08-08,5,-4.3047371115583584
ETHUSDT,2020-08-09,5,1.0771945056377445
ETHUSDT,2020-08-10,15,0.47481273054718021
ETHUSDT,2020-08-11,10,1.7110316039546265
ETHUSDT,2020-08-12,5,-0.46109853767669629
ETHUSDT,2020-08-13,7,3.124441797454907
ETHUSDT,2020-08-14,11,0.2849885459967767
ETHUSDT,2020-08-15,3,-0.056199818079565034
ETHUSDT,2020-08-16,5,1.1351993164768359
ETHUSDT,2020-08-17,8,0.5785616345432707
ETHUSDT,2020-08-19,35,1.2075827987049084
ETHUSDT,2020-08-20,10,1.3124827528485179
ETHUSDT,2020-08-21,4,-0.68464846462417017
ETHUSDT,2020-08-22,9,-0.72652995509997575
ETHUSDT,2020-08-23,38,1.9740284873703771
ETHUSDT,2020-08-24,4,1.2992210192265496
ETHUSDT,2020-08-25,6,1.717044813843835
ETHUSDT,2020-08-26,14,1.6989922639878392
ETHUSDT,2020-08-27,6,1.2770948567186875
ETHUSDT,2020-08-28,6,-0.489209120720056
ETHUSDT,2020-08-29,2,6.55737704918033
ETHUSDT,2020-08-30,1,-7.65661252900232
ETHUSDT,2020-08-31,6,0.57168766011284511
ETHUSDT,2020-09-01,15,1.2999580347430395
ETHUSDT,2020-09-02,13,1.8527348690012415
ETHUSDT,2020-09-03,9,-1.0468150501058162
ETHUSDT,2020-09-04,4,3.3423484421988654
ETHUSDT,2020-09-05,1,3.86904761904762
ETHUSDT,2020-09-07,2,1.2327837538956459
ETHUSDT,2020-09-08,5,0.51355598993018
ETHUSDT,2020-09-09,5,-0.31118539021938518
ETHUSDT,2020-09-10,9,0.756058238088533
ETHUSDT,2020-09-12,1,0.269541778975741
ETHUSDT,2020-09-13,2,3.93700787401575
ETHUSDT,2020-09-14,3,2.3329751414857802
ETHUSDT,2020-09-15,5,-0.050534957084971979
ETHUSDT,2020-09-16,8,-0.099099279459784209
ETHUSDT,2020-09-17,1,1.43626570915619
ETHUSDT,2020-09-18,5,1.6159039827724069
ETHUSDT,2020-09-20,4,0.11777964530904578
ETHUSDT,2020-09-21,7,-0.2974156797315709
ETHUSDT,2020-09-22,2,-3.13973533438118
ETHUSDT,2020-09-23,6,-0.91813463342015378
ETHUSDT,2020-09-24,18,2.8300394079771056
ETHUSDT,2020-09-25,4,1.5090597158684009
ETHUSDT,2020-09-26,2,0.34652384782400947
ETHUSDT,2020-09-28,5,-0.8830063742666473
ETHUSDT,2020-09-29,7,1.6353791671521236
ETHUSDT,2020-09-30,4,-1.2071143842704146
ETHUSDT,2020-10-01,40,0.720829943197619
ETHUSDT,2020-10-02,1,-1.90620272314675
ETHUSDT,2020-10-04,1,-0.695652173913043
ETHUSDT,2020-10-05,4,0.33428601999164764
ETHUSDT,2020-10-06,2,1.2549054061969205
ETHUSDT,2020-10-07,3,-0.82857154400000055
ETHUSDT,2020-10-08,4,2.1011806880743498
ETHUSDT,2020-10-09,1,1.95652173913044
ETHUSDT,2020-10-11,3,0.80180980701745419
ETHUSDT,2020-10-12,7,4.6800583069827333
ETHUSDT,2020-10-13,4,-2.4597999718721235
ETHUSDT,2020-10-14,7,1.0424445863022971
ETHUSDT,2020-10-15,3,0.1619191147336867
ETHUSDT,2020-10-16,3,0.111669458403127
ETHUSDT,2020-10-19,4,1.17582324175252
ETHUSDT,2020-10-20,1,0.662251655629139
ETHUSDT,2020-10-21,3,0.84535377935382
ETHUSDT,2020-10-22,2,2.96767939661125
ETHUSDT,2020-10-23,2,1.78760633306088
ETHUSDT,2020-10-24,2,-0.40718357550041029
ETHUSDT,2020-10-25,2,0.44104492446329052
ETHUSDT,2020-10-26,1,-6.82352941176471
ETHUSDT,2020-10-27,4,1.3157659540188245
ETHUSDT,2020-10-28,3,-0.086733579883874423
ETHUSDT,2020-10-29,3,0.27916710243984333
ETHUSDT,2020-11-02,2,0.510158276998214
ETHUSDT,2020-11-04,2,0.579239431168572
ETHUSDT,2020-11-05,1,-0.498753117206982
ETHUSDT,2020-11-06,2,1.7501436506416401
ETHUSDT,2020-11-07,1,2.06611570247934
ETHUSDT,2020-11-09,24,1.2819230718719943
ETHUSDT,2020-11-10,1,-1.02489019033675
ETHUSDT,2020-11-11,4,-1.6362412335637726
ETHUSDT,2020-11-13,4,4.3091171127524728
ETHUSDT,2020-11-14,2,3.566309973786415
ETHUSDT,2020-11-16,2,-6.47295019054354
ETHUSDT,2020-11-17,4,1.8002112357378726
ETHUSDT,2020-11-18,16,1.5066078247077004
ETHUSDT,2020-11-19,16,0.62063719076689361
ETHUSDT,2020-11-20,43,3.3925195192926245
ETHUSDT,2020-11-21,6,-0.44724329190079359
ETHUSDT,2020-11-22,3,-1.0652920962199297
ETHUSDT,2020-11-23,36,2.4242268414095345
ETHUSDT,2020-11-24,11,0.74510875376476526
ETHUSDT,2020-11-25,4,1.2217262182396802
ETHUSDT,2020-11-26,6,-0.093559373473289742
ETHUSDT,2020-11-27,1,1.32275132275132
ETHUSDT,2020-11-28,2,-3.7957650677234245
ETHUSDT,2020-11-29,6,2.2957328735514033
ETHUSDT,2020-11-30,29,2.5337121973283137
ETHUSDT,2020-12-01,14,1.4920538940630228
ETHUSDT,2020-12-02,9,1.2241249811334238
ETHUSDT,2020-12-03,9,2.3538592569395282
ETHUSDT,2020-12-04,18,1.8900865256025225
ETHUSDT,2020-12-05,3,1.7174074737288261
ETHUSDT,2020-12-06,1,-0.526315789473684
ETHUSDT,2020-12-07,8,1.89689836925072
ETHUSDT,2020-12-08,27,2.5044990499123418
ETHUSDT,2020-12-09,6,1.848646228204625
ETHUSDT,2020-12-10,6,2.1130494998724396
ETHUSDT,2020-12-11,6,1.4171613456280832
ETHUSDT,2020-12-12,2,3.8482363861386153
ETHUSDT,2020-12-13,5,3.2730071676606878
ETHUSDT,2020-12-14,10,2.3746168884716061
ETHUSDT,2020-12-15,8,0.32594452700965432
ETHUSDT,2020-12-16,6,0.33408315607434874
ETHUSDT,2020-12-17,12,1.3030879850301551
ETHUSDT,2020-12-18,6,0.52710923619186945
ETHUSDT,2020-12-19,8,2.4215274909491251
ETHUSDT,2020-12-20,5,-0.22980827114251534
ETHUSDT,2020-12-21,10,1.0014642292061255
ETHUSDT,2020-12-22,18,3.1728500332893166
ETHUSDT,2020-12-23,12,0.24847695277274173
ETHUSDT,2020-12-24,5,1.4600666073495516
ETHUSDT,2020-12-25,3,-1.697739148926684
ETHUSDT,2020-12-26,3,-0.92479835938722166
ETHUSDT,2020-12-27,3,-0.60128597208692636
ETHUSDT,2020-12-28,28,-0.53333902033519054
ETHUSDT,2020-12-29,29,1.4457886862183515
ETHUSDT,2020-12-30,11,0.15434559839482398
ETHUSDT,2020-12-31,12,-0.80433254065056747
ETHUSDT,2021-01-01,1,0.56497175141243
ETHUSDT,2021-01-02,12,1.4473367297179218
ETHUSDT,2021-01-03,7,-0.0805580846651347
ETHUSDT,2021-01-04,40,0.0083090811014141855
ETHUSDT,2021-01-05,18,0.30170501895477508
ETHUSDT,2021-01-06,45,0.13320144391463676
ETHUSDT,2021-01-07,14,0.57924278281198083
ETHUSDT,2021-01-08,12,0.95192422944715549
ETHUSDT,2021-01-10,4,-0.29682394667963691
ETHUSDT,2021-01-11,8,0.9862958907688022
ETHUSDT,2021-01-12,29,2.8854207678218668
ETHUSDT,2021-01-13,12,1.3154762215501419
ETHUSDT,2021-01-14,10,0.917683404487613
ETHUSDT,2021-01-15,5,2.6916555116993677
ETHUSDT,2021-01-16,2,-0.04174717908346981
ETHUSDT,2021-01-17,3,1.1563755521425563
ETHUSDT,2021-01-18,4,1.1855222747286467
ETHUSDT,2021-01-19,16,-0.0997104794296222
ETHUSDT,2021-01-20,13,-0.21304105160564515
ETHUSDT,2021-01-21,9,0.734922508115577
ETHUSDT,2021-01-22,10,1.1491375849850072
ETHUSDT,2021-01-23,5,0.50184655702989622
ETHUSDT,2021-01-24,2,-1.4132734240905007
ETHUSDT,2021-01-25,7,0.94806752313740117
ETHUSDT,2021-01-26,12,0.804756751558443
ETHUSDT,2021-01-27,6,1.1279661837579469
ETHUSDT,2021-01-28,8,0.98691386671256054
ETHUSDT,2021-01-29,5,1.9018631337553837
ETHUSDT,2021-01-30,3,-1.8387294765512017
ETHUSDT,2021-01-31,4,-0.12873524723992946
ETHUSDT,2021-02-01,7,0.1373180162790969
ETHUSDT,2021-02-02,7,0.89299444316429233
ETHUSDT,2021-02-03,37,1.0631772351202624
ETHUSDT,2021-02-04,10,-0.0474851320517162
ETHUSDT,2021-02-05,11,0.80300991526263876
ETHUSDT,2021-02-06,4,1.1467379658157488
ETHUSDT,2021-02-07,10,-0.24513453003303229
ETHUSDT,2021-02-08,27,2.0548834542008634
ETHUSDT,2021-02-09,20,1.1001207718240922
ETHUSDT,2021-02-10,14,1.472492999139916
ETHUSDT,2021-02-11,8,0.70570745468420037
ETHUSDT,2021-02-12,9,1.2508024471484611
ETHUSDT,2021-02-13,3,1.7244797167280166
ETHUSDT,2021-02-14,5,0.9143923532189463
ETHUSDT,2021-02-15,10,-0.091497551661605836
ETHUSDT,2021-02-16,17,0.650601158676669
ETHUSDT,2021-02-17,5,2.2574088149901761
ETHUSDT,2021-02-18,34,1.0094049917727987
ETHUSDT,2021-02-19,13,0.61288500244642674
ETHUSDT,2021-02-20,5,1.7961327574606529
ETHUSDT,2021-02-21,25,4.631311061648665
ETHUSDT,2021-02-22,7,1.8915841743149813
ETHUSDT,2021-02-23,41,1.6361786967219729
ETHUSDT,2021-02-24,14,0.72187841063429037
ETHUSDT,2021-02-25,15,1.247610097385154
ETHUSDT,2021-02-26,13,0.76142430177788212
ETHUSDT,2021-02-27,4,3.3320548825825971
ETHUSDT,2021-02-28,3,2.2929598617672013
ETHUSDT,2021-03-01,13,0.45458767490594754
ETHUSDT,2021-03-02,10,1.575629796840359
ETHUSDT,2021-03-03,9,0.92211342958064768
ETHUSDT,2021-03-04,15,1.2321864379975578
ETHUSDT,2021-03-05,42,1.9706266459666071
ETHUSDT,2021-03-06,10,0.53838600148203786
ETHUSDT,2021-03-07,2,1.7404452451421952
ETHUSDT,2021-03-08,8,1.4810208088012475
ETHUSDT,2021-03-09,17,1.0373809325847798
ETHUSDT,2021-03-10,11,0.93073153859144353
ETHUSDT,2021-03-11,20,-0.36649542710166727
ETHUSDT,2021-03-12,51,0.30784787879905878
ETHUSDT,2021-03-13,12,0.64595253719510348
ETHUSDT,2021-03-14,14,2.9799450314769964
ETHUSDT,2021-03-15,16,-0.52681858261338022
ETHUSDT,2021-03-16,14,-0.0024178697480499722
ETHUSDT,2021-03-17,12,0.59143709521487486
ETHUSDT,2021-03-18,9,0.23365199892524358
ETHUSDT,2021-03-19,7,1.0344618159899113
ETHUSDT,2021-03-20,2,-1.2953990960265884
ETHUSDT,2021-03-21,6,0.36132753872162021
ETHUSDT,2021-03-22,16,-0.13379875072189254
ETHUSDT,2021-03-23,13,0.74593009335181959
ETHUSDT,2021-03-24,25,1.1420325170369057
ETHUSDT,2021-03-25,10,1.27353317222689
ETHUSDT,2021-03-26,13,1.1211369492915959
ETHUSDT,2021-03-27,5,1.5257832715752482
ETHUSDT,2021-03-28,3,1.9841603588449666
ETHUSDT,2021-03-29,8,0.85718198210014707
ETHUSDT,2021-03-30,33,2.50218314700646
ETHUSDT,2021-03-31,17,1.5271487707933058
ETHUSDT,2021-04-01,9,0.87750102919650252
ETHUSDT,2021-04-02,5,0.96192265296890556
ETHUSDT,2021-04-03,6,0.084117141376256713
ETHUSDT,2021-04-04,4,0.98007118797454529
ETHUSDT,2021-04-05,13,0.90965743323392079
ETHUSDT,2021-04-06,20,0.70966828617093869
ETHUSDT,2021-04-07,14,1.0148157236103268
ETHUSDT,2021-04-08,13,1.3863346874206843
ETHUSDT,2021-04-09,18,1.531833620404299
ETHUSDT,2021-04-10,5,-0.091391678756753691
ETHUSDT,2021-04-11,3,0.51868837797374412
ETHUSDT,2021-04-12,17,0.94790111100497521
ETHUSDT,2021-04-13,20,1.3582319274177195
ETHUSDT,2021-04-14,15,1.4510254328437733
ETHUSDT,2021-04-15,13,0.42376888684146297
ETHUSDT,2021-04-16,18,1.3516568653960617
ETHUSDT,2021-04-17,29,1.0807718400496376
ETHUSDT,2021-04-18,7,0.79677617683433155
ETHUSDT,2021-04-19,29,0.73984809107161886
ETHUSDT,2021-04-20,29,1.4220992535193018
ETHUSDT,2021-04-21,21,1.5854225706341063
ETHUSDT,2021-04-22,16,1.6408108905471637
ETHUSDT,2021-04-23,34,-0.44341274361549904
ETHUSDT,2021-04-24,2,1.9764327055198549
ETHUSDT,2021-04-25,7,-0.45799104419306025
ETHUSDT,2021-04-26,13,0.10651028230444093
ETHUSDT,2021-04-27,19,0.80990496176286375
ETHUSDT,2021-04-28,22,1.6842561908118436
ETHUSDT,2021-04-29,26,1.1487768116869246
ETHUSDT,2021-04-30,15,0.16350806190258041
ETHUSDT,2021-05-01,8,0.084706182885667419
ETHUSDT,2021-05-02,8,0.088425669185512146
ETHUSDT,2021-05-03,31,0.58411956573931023
ETHUSDT,2021-05-04,42,0.29352916528627632
ETHUSDT,2021-05-05,67,1.0281192272012774
ETHUSDT,2021-05-06,22,0.54899674348699212
ETHUSDT,2021-05-07,16,0.34638447897014657
ETHUSDT,2021-05-08,16,0.21737750405449591
ETHUSDT,2021-05-09,11,-0.11241400618807462
ETHUSDT,2021-05-10,50,0.36753651544318405
ETHUSDT,2021-05-11,36,0.85518177312963783
ETHUSDT,2021-05-12,40,0.92917236909757872
ETHUSDT,2021-05-13,46,0.69622462680957964
ETHUSDT,2021-05-14,29,1.036005013522004
ETHUSDT,2021-05-15,7,0.41866498477664604
ETHUSDT,2021-05-16,14,0.43331239143842093
ETHUSDT,2021-05-17,34,-0.33803058499719318
ETHUSDT,2021-05-18,27,0.2006249735846399
ETHUSDT,2021-05-19,55,-1.1624510750694654
ETHUSDT,2021-05-20,48,-0.75255530671121418
ETHUSDT,2021-05-21,44,0.01474238233750003
ETHUSDT,2021-05-22,15,-1.1830426484127985
ETHUSDT,2021-05-23,15,-0.86313555413143739
ETHUSDT,2021-05-24,33,0.846346131106007
ETHUSDT,2021-05-25,42,-0.11787640172351838
ETHUSDT,2021-05-26,45,0.43054763232070165
ETHUSDT,2021-05-27,37,0.20167917943705518
ETHUSDT,2021-05-28,47,0.49344632100508912
ETHUSDT,2021-05-29,12,0.83907608881116236
ETHUSDT,2021-05-30,8,0.23059587639981027
ETHUSDT,2021-05-31,27,-0.61639535895732678
ETHUSDT,2021-06-01,32,-0.097451661896198444
ETHUSDT,2021-06-02,17,1.0931036395095974
ETHUSDT,2021-06-03,30,1.1563223478143179
ETHUSDT,2021-06-04,18,0.31485388458724051
ETHUSDT,2021-06-05,13,0.54558351062792632
ETHUSDT,2021-06-06,11,0.41085475825983492
ETHUSDT,2021-06-07,12,-0.515981755565935
ETHUSDT,2021-06-08,17,0.71956261484818063
ETHUSDT,2021-06-09,18,1.0602227859843865
ETHUSDT,2021-06-10,21,2.1511252951440847
ETHUSDT,2021-06-11,16,-0.1165612567527764
ETHUSDT,2021-06-12,6,1.7188304996864958
ETHUSDT,2021-06-13,7,0.788065146338543
ETHUSDT,2021-06-14,20,2.0811523574748567
ETHUSDT,2021-06-15,23,1.6833498555038333
ETHUSDT,2021-06-16,33,0.556109073554758
ETHUSDT,2021-06-17,18,1.1976355620923751
ETHUSDT,2021-06-18,22,0.84566081166221108
ETHUSDT,2021-06-19,5,0.32777681813853843
ETHUSDT,2021-06-20,10,-0.35946602312448606
ETHUSDT,2021-06-21,10,-0.44465519353684224
ETHUSDT,2021-06-22,14,-0.93646554275490934
ETHUSDT,2021-06-23,21,0.66107275928666287
ETHUSDT,2021-06-24,26,0.91413692490333109
ETHUSDT,2021-06-25,15,-0.85638666207752989
ETHUSDT,2021-06-26,6,4.1442932542137
ETHUSDT,2021-06-27,9,-0.1675516546700041
ETHUSDT,2021-06-28,34,1.381908054401211
ETHUSDT,2021-06-29,26,0.16096865879661029
ETHUSDT,2021-06-30,22,0.65172061490129329
ETHUSDT,2021-07-01,24,0.53115121507956742
ETHUSDT,2021-07-02,37,4.3278763878191917
ETHUSDT,2021-07-03,6,0.0047318222164383084
ETHUSDT,2021-07-04,4,1.1191375273304485
ETHUSDT,2021-07-05,7,-0.0772067375803601
ETHUSDT,2021-07-06,33,1.1102371128671773
ETHUSDT,2021-07-07,40,0.6114933012419318
ETHUSDT,2021-07-08,27,-0.059057636864071568
ETHUSDT,2021-07-09,20,-0.10583939165544322
ETHUSDT,2021-07-10,8,0.38215515754876028
ETHUSDT,2021-07-11,4,0.63016729380007752
ETHUSDT,2021-07-12,10,1.142748669510427
ETHUSDT,2021-07-13,14,-0.52458527176898473
ETHUSDT,2021-07-14,15,0.83808362133812653
ETHUSDT,2021-07-15,14,1.425030777873457
ETHUSDT,2021-07-16,11,2.5999134355052411
ETHUSDT,2021-07-17,5,-1.9157560086175223
ETHUSDT,2021-07-18,8,-0.72292813614910778
ETHUSDT,2021-07-19,11,1.4290567842724837
ETHUSDT,2021-07-20,16,0.40319261972915837
ETHUSDT,2021-07-21,30,0.92795279067653691
ETHUSDT,2021-07-22,27,0.83906256981122
ETHUSDT,2021-07-23,25,1.8205271927919082
ETHUSDT,2021-07-24,7,1.0435387545537971
ETHUSDT,2021-07-25,8,1.3111883133740763
ETHUSDT,2021-07-26,42,2.2186407213739616
ETHUSDT,2021-07-27,9,0.97652822862978528
ETHUSDT,2021-07-28,18,-0.10301961483014968
ETHUSDT,2021-07-29,20,1.2401570524539762
ETHUSDT,2021-07-30,30,0.28024194257078472
ETHUSDT,2021-07-31,6,0.8485302678636597
ETHUSDT,2021-08-01,4,-1.7229593972412325
ETHUSDT,2021-08-02,6,0.79850409683068768
ETHUSDT,2021-08-03,19,0.080332575603895062
ETHUSDT,2021-08-04,20,1.435520590030432
ETHUSDT,2021-08-05,49,0.18532089626010756
ETHUSDT,2021-08-06,27,-0.45445962973556997
ETHUSDT,2021-08-07,7,0.39972402227358034
ETHUSDT,2021-08-08,8,-0.94461217785100371
ETHUSDT,2021-08-09,13,-0.31549331082677851
ETHUSDT,2021-08-10,13,-0.40019500325967505
ETHUSDT,2021-08-11,44,-3.4756405240421682
ETHUSDT,2021-08-12,23,0.34493033111967819
ETHUSDT,2021-08-13,25,4.2965285299961238
ETHUSDT,2021-08-14,8,0.48441284384494721
ETHUSDT,2021-08-15,3,1.282900285780348
ETHUSDT,2021-08-16,17,0.28244411082936
ETHUSDT,2021-08-17,11,0.29878750633676393
ETHUSDT,2021-08-18,14,1.1037297364227352
ETHUSDT,2021-08-19,17,0.0065763690015307186
ETHUSDT,2021-08-20,26,-0.34101272977125419
ETHUSDT,2021-08-21,3,0.22099144549243332
ETHUSDT,2021-08-22,4,0.55800138607571237
ETHUSDT,2021-08-23,22,1.2805084061676988
ETHUSDT,2021-08-24,40,2.7953821408754833
ETHUSDT,2021-08-25,22,1.9449577459254859
ETHUSDT,2021-08-26,29,0.863307783779347
ETHUSDT,2021-08-27,25,-0.099565117686158333
ETHUSDT,2021-08-28,14,-0.37328434690088441
ETHUSDT,2021-08-29,10,0.69775810342266387
ETHUSDT,2021-08-30,35,1.0908835229680123
ETHUSDT,2021-08-31,27,1.51326476138172
ETHUSDT,2021-09-01,38,0.46300082699762279
ETHUSDT,2021-09-02,22,1.2694120867279917
ETHUSDT,2021-09-03,28,0.49556553742246234
ETHUSDT,2021-09-04,12,1.545036973264823
ETHUSDT,2021-09-05,9,0.10323811980196401
ETHUSDT,2021-09-06,38,-0.31937888404983816
ETHUSDT,2021-09-07,71,-1.8804884995188589
ETHUSDT,2021-09-08,100,-2.0564309471294244
ETHUSDT,2021-09-09,25,0.177909290295027
ETHUSDT,2021-09-10,17,0.94089470955251242
ETHUSDT,2021-09-11,5,0.47245867368457634
ETHUSDT,2021-09-12,3,-0.78075659972211664
ETHUSDT,2021-09-13,20,0.73588046906744353
ETHUSDT,2021-09-14,21,1.2549001300871507
ETHUSDT,2021-09-15,29,2.1740821461651021
ETHUSDT,2021-09-16,21,1.18639259996474
ETHUSDT,2021-09-17,22,1.2074621079053953
ETHUSDT,2021-09-18,7,0.25863825365349297
ETHUSDT,2021-09-19,2,1.0357738251057449
ETHUSDT,2021-09-20,26,0.68456689547205973
ETHUSDT,2021-09-21,25,-0.26016528129282385
ETHUSDT,2021-09-22,12,1.5447693861180187
ETHUSDT,2021-09-23,24,2.0443122640036817
ETHUSDT,2021-09-24,26,-2.1451091812445711
ETHUSDT,2021-09-25,11,-1.823208084016688
ETHUSDT,2021-09-26,4,0.070112662211289187
ETHUSDT,2021-09-27,19,-0.61474639248827856
ETHUSDT,2021-09-28,28,-3.5621088032988459
ETHUSDT,2021-09-29,19,-0.72484820688876006
ETHUSDT,2021-09-30,27,0.93034902390813445
ETHUSDT,2021-10-01,24,0.72330174081842891
ETHUSDT,2021-10-02,7,1.2878755042950372
ETHUSDT,2021-10-03,10,-0.21359802036639991
ETHUSDT,2021-10-04,10,1.6927115641604042
ETHUSDT,2021-10-05,22,1.9963980352155588
ETHUSDT,2021-10-06,12,2.1263421399533446
ETHUSDT,2021-10-07,24,0.76919759901378193
ETHUSDT,2021-10-08,20,-0.12083415262646294
ETHUSDT,2021-10-09,5,0.90247461430193787
ETHUSDT,2021-10-10,5,0.5157256577455146
ETHUSDT,2021-10-11,12,0.85180959924686284
ETHUSDT,2021-10-12,22,0.80434345658090289
ETHUSDT,2021-10-13,12,1.0354972537698355
ETHUSDT,2021-10-14,28,1.0948520291740373
ETHUSDT,2021-10-15,13,1.3989042453120726
ETHUSDT,2021-10-16,4,0.88842835522993946
ETHUSDT,2021-10-17,9,0.21987155618475346
ETHUSDT,2021-10-18,12,1.6079513057301338
ETHUSDT,2021-10-19,21,1.3767473230109766
ETHUSDT,2021-10-20,24,1.0319637553933003
ETHUSDT,2021-10-21,17,0.95937172783985225
ETHUSDT,2021-10-22,18,0.55201926992240691
ETHUSDT,2021-10-23,6,-0.55805965040166461
ETHUSDT,2021-10-24,7,1.7843148782766143
ETHUSDT,2021-10-25,17,0.8880569067299473
ETHUSDT,2021-10-26,12,1.4905139497233248
ETHUSDT,2021-10-27,24,1.4593080815638961
ETHUSDT,2021-10-28,21,1.1629961113613083
ETHUSDT,2021-10-29,33,0.78509259478209792
ETHUSDT,2021-10-30,9,-0.37616319056035663
ETHUSDT,2021-10-31,9,0.38267383295058749
ETHUSDT,2021-11-01,20,1.4150586838877353
ETHUSDT,2021-11-02,21,1.767611230231811
ETHUSDT,2021-11-03,18,0.66460986693758584
ETHUSDT,2021-11-04,24,0.033817529140433469
ETHUSDT,2021-11-05,13,2.0325848037469778
ETHUSDT,2021-11-06,7,-0.026877069507229262
ETHUSDT,2021-11-07,10,1.081989661677307
ETHUSDT,2021-11-08,38,0.54198380649417888
ETHUSDT,2021-11-09,44,0.53463792640265206
ETHUSDT,2021-11-10,18,1.0805462380380795
ETHUSDT,2021-11-11,45,2.888887030167655
ETHUSDT,2021-11-12,31,1.3457339515065838
ETHUSDT,2021-11-13,17,0.8370602432231532
ETHUSDT,2021-11-14,8,2.014262297451006
ETHUSDT,2021-11-15,11,0.716339886747207
ETHUSDT,2021-11-16,42,0.33086910630796967
ETHUSDT,2021-11-17,30,1.1060027107742321
ETHUSDT,2021-11-18,21,2.0193987624040717
ETHUSDT,2021-11-19,11,1.2330625219935836
ETHUSDT,2021-11-20,13,1.1712153866878108
ETHUSDT,2021-11-21,5,1.3971909589462657
ETHUSDT,2021-11-22,17,1.7479443269168473
ETHUSDT,2021-11-23,18,1.6351383086955917
ETHUSDT,2021-11-24,15,1.8720825659134148
ETHUSDT,2021-11-25,9,0.39009943210754106
ETHUSDT,2021-11-26,25,2.1906404706932574
ETHUSDT,2021-11-27,10,1.9835773958579441
ETHUSDT,2021-11-28,7,1.8729783560491189
ETHUSDT,2021-11-29,23,0.38748604979397921
ETHUSDT,2021-11-30,28,1.1395118453828292
ETHUSDT,2021-12-01,25,1.1827342840964428
ETHUSDT,2021-12-02,19,1.04706944781991
ETHUSDT,2021-12-03,13,0.78139568656732883
ETHUSDT,2021-12-04,16,0.037850770225985042
ETHUSDT,2021-12-05,5,0.33903088614380172
ETHUSDT,2021-12-06,20,0.48148603764007225
ETHUSDT,2021-12-07,17,1.115150987345102
ETHUSDT,2021-12-08,28,0.22116877041315741
ETHUSDT,2021-12-09,29,1.2145502079099988
ETHUSDT,2021-12-10,20,0.48745818170607236
ETHUSDT,2021-12-11,13,0.73312524489079667
ETHUSDT,2021-12-12,8,1.1390325898525044
ETHUSDT,2021-12-13,25,1.4428067318082176
ETHUSDT,2021-12-14,27,1.5060513016217776
ETHUSDT,2021-12-15,34,1.9053531262855017
ETHUSDT,2021-12-16,16,2.5154392137529169
ETHUSDT,2021-12-17,17,1.9246422131403589
ETHUSDT,2021-12-18,12,0.1179451467769787
ETHUSDT,2021-12-19,15,0.46117016515606457
ETHUSDT,2021-12-20,25,1.5265512130306504
ETHUSDT,2021-12-21,57,1.0906438744157214
ETHUSDT,2021-12-22,22,1.6159927597286381
ETHUSDT,2021-12-23,24,0.32448128784655805
ETHUSDT,2021-12-24,15,1.5263337691440688
ETHUSDT,2021-12-25,6,0.54030956498190619
ETHUSDT,2021-12-26,5,1.8529050345198692
ETHUSDT,2021-12-27,28,0.51069844397192288
ETHUSDT,2021-12-28,15,1.6440328076292678
ETHUSDT,2021-12-29,12,1.2947883877514177
ETHUSDT,2021-12-30,10,1.3315788261075581
ETHUSDT,2021-12-31,9,0.28396558944866457
ETHUSDT,2022-01-01,8,0.33262669857376542
ETHUSDT,2022-01-02,6,1.1996967337420712
ETHUSDT,2022-01-03,9,0.40536569854705679
ETHUSDT,2022-01-04,32,0.015986784267661369
ETHUSDT,2022-01-05,20,0.531386191028837
ETHUSDT,2022-01-06,24,0.72967907106953422
ETHUSDT,2022-01-07,24,-0.30396791611012636
ETHUSDT,2022-01-08,14,0.11675687529656276
ETHUSDT,2022-01-09,11,-0.029295003824061971
ETHUSDT,2022-01-10,22,0.79613673562888454
ETHUSDT,2022-01-11,20,-0.26489616687169609
ETHUSDT,2022-01-12,69,-1.7096890995589822
ETHUSDT,2022-01-13,34,0.35851638998049079
ETHUSDT,2022-01-14,16,1.636129343593018
ETHUSDT,2022-01-15,11,-0.21512183560841036
ETHUSDT,2022-01-16,12,0.023140120736259887
ETHUSDT,2022-01-17,19,1.097069184312079
ETHUSDT,2022-01-18,22,1.0446122666182729
ETHUSDT,2022-01-19,65,1.4728284079682883
ETHUSDT,2022-01-20,15,0.093246633801492937
ETHUSDT,2022-01-21,23,1.1155161084910499
ETHUSDT,2022-01-22,12,-2.1442709161495555
ETHUSDT,2022-01-23,12,1.0052454452232693
ETHUSDT,2022-01-24,31,0.67188343809703044
ETHUSDT,2022-01-25,26,0.2619383971403515
ETHUSDT,2022-01-26,29,1.8063773709902153
ETHUSDT,2022-01-27,34,1.9931763114985959
ETHUSDT,2022-01-28,10,1.1440653678718968
ETHUSDT,2022-01-29,9,-3.8720394147967259
ETHUSDT,2022-01-30,5,-0.52726962689592294
ETHUSDT,2022-01-31,19,0.68515134907911968
ETHUSDT,2022-02-01,13,0.94981532766434973
ETHUSDT,2022-02-02,22,0.34815175968863105
ETHUSDT,2022-02-03,31,-0.71067515267173
ETHUSDT,2022-02-04,14,0.631851341927513
ETHUSDT,2022-02-05,15,1.5274752083024103
ETHUSDT,2022-02-06,10,2.0068996304691282
ETHUSDT,2022-02-07,20,-0.41542026860785991
ETHUSDT,2022-02-08,25,0.755646692449193
ETHUSDT,2022-02-09,26,0.84364360578916053
ETHUSDT,2022-02-10,21,1.4347592553117967
ETHUSDT,2022-02-11,17,0.32846218025911489
ETHUSDT,2022-02-12,10,0.20634669513972032
ETHUSDT,2022-02-13,2,1.49487435534432
ETHUSDT,2022-02-14,28,1.3926275804039898
ETHUSDT,2022-02-15,19,-0.37883078998950126
ETHUSDT,2022-02-16,21,0.728892813013834
ETHUSDT,2022-02-17,24,0.87723102677262255
ETHUSDT,2022-02-18,17,-0.50182765793591644
ETHUSDT,2022-02-19,12,1.592727443787427
ETHUSDT,2022-02-20,8,-0.28901920023582123
ETHUSDT,2022-02-21,16,0.34649354216120576
ETHUSDT,2022-02-22,42,1.6593095803575071
ETHUSDT,2022-02-23,28,1.114899133836927
ETHUSDT,2022-02-24,18,-1.5438268229747525
ETHUSDT,2022-02-25,33,0.47118840694145375
ETHUSDT,2022-02-26,22,-0.708019612932619
ETHUSDT,2022-02-27,8,-0.41451612902068447
ETHUSDT,2022-02-28,22,0.31876898604213633
ETHUSDT,2022-03-01,30,-0.22733610256075945
ETHUSDT,2022-03-02,21,0.44388772358762074
ETHUSDT,2022-03-03,12,0.18470839854229082
ETHUSDT,2022-03-04,13,-0.74480666180631
ETHUSDT,2022-03-05,4,-0.37100084957129043
ETHUSDT,2022-03-06,3,1.26386820561975
ETHUSDT,2022-03-07,13,1.0923690883979262
ETHUSDT,2022-03-08,19,1.1492803515488623
ETHUSDT,2022-03-09,26,0.69859264202707594
ETHUSDT,2022-03-10,30,1.8581604917232466
ETHUSDT,2022-03-11,17,1.3451554022312957
ETHUSDT,2022-03-12,3,1.1335099329263199
ETHUSDT,2022-03-13,7,0.50522312419361737
ETHUSDT,2022-03-14,27,1.4885702530584359
ETHUSDT,2022-03-15,25,-0.63297761564178312
ETHUSDT,2022-03-16,29,1.0636291609838588
ETHUSDT,2022-03-17,22,0.94797537024944756
ETHUSDT,2022-03-18,18,1.2327470843684016
ETHUSDT,2022-03-19,2,3.351897689768975
ETHUSDT,2022-03-20,11,2.2833612192316015
ETHUSDT,2022-03-21,31,0.71198372471658955
ETHUSDT,2022-03-22,26,0.84261191548049641
ETHUSDT,2022-03-23,27,0.84510067138810618
ETHUSDT,2022-03-24,47,0.74091458438177926
ETHUSDT,2022-03-25,25,1.1323317937140587
ETHUSDT,2022-03-26,25,2.5022685243216065
ETHUSDT,2022-03-27,24,0.744801482144475
ETHUSDT,2022-03-28,21,0.79732971673570885
ETHUSDT,2022-03-29,29,0.36617584265258168
ETHUSDT,2022-03-30,25,1.028932669188493
ETHUSDT,2022-03-31,44,2.83785264742493
ETHUSDT,2022-04-01,41,1.8199858541670357
ETHUSDT,2022-04-02,14,0.45530145746848305
ETHUSDT,2022-04-03,33,2.1654454909255372
ETHUSDT,2022-04-04,25,1.1903078119127692
ETHUSDT,2022-04-05,32,1.3242216945905603
ETHUSDT,2022-04-06,30,1.2410740766944512
ETHUSDT,2022-04-07,22,1.0290778679055534
ETHUSDT,2022-04-08,15,-0.052303984906321224
ETHUSDT,2022-04-09,13,0.971949350006983
ETHUSDT,2022-04-10,17,0.98718283369807369
ETHUSDT,2022-04-11,16,1.2046997031267817
ETHUSDT,2022-04-12,36,-0.722460118210539
ETHUSDT,2022-04-13,27,-3.2154555571309817
ETHUSDT,2022-04-14,54,0.9926192853244582
ETHUSDT,2022-04-15,37,-2.5405430260680975
ETHUSDT,2022-04-16,24,1.6803660645984841
ETHUSDT,2022-04-17,4,-0.41190561638525491
ETHUSDT,2022-04-18,17,0.26024826054368977
ETHUSDT,2022-04-19,23,0.49987486273490728
ETHUSDT,2022-04-20,29,0.57231932967813715
ETHUSDT,2022-04-21,20,0.91112712562566167
ETHUSDT,2022-04-22,23,0.67387098858235228
ETHUSDT,2022-04-23,6,0.58374706891804506
ETHUSDT,2022-04-24,3,0.30352072905697192
ETHUSDT,2022-04-25,34,1.5475326116461328
ETHUSDT,2022-04-26,41,2.901164148956267
ETHUSDT,2022-04-27,20,1.5166910214791502
ETHUSDT,2022-04-28,12,0.19525544094089659
ETHUSDT,2022-04-29,18,0.94006840721363849
ETHUSDT,2022-04-30,9,1.4544149882099104
ETHUSDT,2022-05-01,4,-0.79547742692829493
ETHUSDT,2022-05-02,11,1.8144960725039168
ETHUSDT,2022-05-03,12,1.4138903055000172
ETHUSDT,2022-05-04,13,1.1463516465393777
ETHUSDT,2022-05-05,7,1.4011421498131558
ETHUSDT,2022-05-06,19,1.6674335057750085
ETHUSDT,2022-05-07,3,-0.17460439371193304
ETHUSDT,2022-05-08,6,2.74065237691941
ETHUSDT,2022-05-09,17,-0.030840677669717258
ETHUSDT,2022-05-10,35,0.60530997669484687
ETHUSDT,2022-05-11,9,-0.37272270807208585
ETHUSDT,2022-05-12,24,1.2026419025827533
ETHUSDT,2022-05-13,11,-0.39427782160610914
ETHUSDT,2022-05-14,2,1.755655978354729
ETHUSDT,2022-05-15,2,-0.54661873146666
ETHUSDT,2022-05-16,8,0.11054000689021731
ETHUSDT,2022-05-17,33,0.75693603965575063
ETHUSDT,2022-05-18,17,1.4830645890216188
ETHUSDT,2022-05-19,13,1.7238295356802833
ETHUSDT,2022-05-20,12,0.71398880146463028
ETHUSDT,2022-05-21,17,-1.4868736462275423
ETHUSDT,2022-05-22,2,-1.9997690353375948
ETHUSDT,2022-05-23,26,0.59188610059902846
ETHUSDT,2022-05-24,19,-0.12242469153704702
ETHUSDT,2022-05-25,14,0.78628801172044682
ETHUSDT,2022-05-26,20,0.79175239040069645
ETHUSDT,2022-05-27,21,0.860347732528976
ETHUSDT,2022-05-28,10,1.6161068769805955
ETHUSDT,2022-05-29,11,-0.065779540639414727
ETHUSDT,2022-05-30,15,0.59509378981758465
ETHUSDT,2022-05-31,16,0.54079365880667873
ETHUSDT,2022-06-01,11,0.93524247675681793
ETHUSDT,2022-06-02,16,1.3393164118167691
ETHUSDT,2022-06-03,12,-0.45177288666381088
ETHUSDT,2022-06-04,3,1.3166192538664587
ETHUSDT,2022-06-05,2,2.38839374925063
ETHUSDT,2022-06-06,13,-1.4864680089910622
ETHUSDT,2022-06-07,16,2.5514566394452896
ETHUSDT,2022-06-08,21,1.9136647645176081
ETHUSDT,2022-06-09,25,0.26387034814440213
ETHUSDT,2022-06-10,25,0.50278490792370745
ETHUSDT,2022-06-11,3,-1.9882823137623633
ETHUSDT,2022-06-12,6,-0.0477891139540078
ETHUSDT,2022-06-13,32,-0.86107667381585684
ETHUSDT,2022-06-14,23,1.0464656679685589
ETHUSDT,2022-06-15,28,0.80509699018113368
ETHUSDT,2022-06-16,9,0.5515255512880004
ETHUSDT,2022-06-17,19,-0.38361153396906483
ETHUSDT,2022-06-18,11,-1.4873359607180947
ETHUSDT,2022-06-19,3,-1.6301134003200466
ETHUSDT,2022-06-20,13,-0.89719652315418719
ETHUSDT,2022-06-21,7,0.29862223508225488
ETHUSDT,2022-06-22,6,-0.24472402243554753
ETHUSDT,2022-06-23,4,0.45386991760231488
ETHUSDT,2022-06-24,6,-1.3163388115296148
ETHUSDT,2022-06-25,10,-0.40088281841820173
ETHUSDT,2022-06-26,3,-2.3330736437717317
ETHUSDT,2022-06-27,7,-1.3605001234619678
ETHUSDT,2022-06-28,22,-0.254413490894554
ETHUSDT,2022-06-29,17,-1.2833367819653314
ETHUSDT,2022-06-30,10,-0.53382774290939028
ETHUSDT,2022-07-01,15,-0.3018928563525366
ETHUSDT,2022-07-02,5,-2.4121741889154493
ETHUSDT,2022-07-04,8,1.6297305303361085
ETHUSDT,2022-07-05,13,1.116308653821835
ETHUSDT,2022-07-06,14,0.005914640115811387
ETHUSDT,2022-07-07,12,-0.28409405219997053
ETHUSDT,2022-07-08,20,-0.39387576692065429
ETHUSDT,2022-07-09,8,0.96922194744249124
ETHUSDT,2022-07-10,5,-2.0919488272997944
ETHUSDT,2022-07-11,8,-0.74232259762266617
ETHUSDT,2022-07-12,20,1.0247099521981509
ETHUSDT,2022-07-13,16,-0.3892551901868595
ETHUSDT,2022-07-14,21,-0.04133645554922348
ETHUSDT,2022-07-15,8,-0.58217721807508593
ETHUSDT,2022-07-16,4,-1.7163490069259519
ETHUSDT,2022-07-17,2,0.686662272028126
ETHUSDT,2022-07-18,22,0.024735561869878658
ETHUSDT,2022-07-19,18,-0.23038139700573765
ETHUSDT,2022-07-20,16,0.88169265433900024
ETHUSDT,2022-07-21,13,0.41348429600443881
ETHUSDT,2022-07-22,12,-0.80426014648401389
ETHUSDT,2022-07-23,6,-0.017782791559598166
ETHUSDT,2022-07-24,10,2.0113011226048769
ETHUSDT,2022-07-25,14,0.22887664031834742
ETHUSDT,2022-07-26,17,0.794678063754394
ETHUSDT,2022-07-27,9,1.6890205987823468
ETHUSDT,2022-07-28,28,1.2600122754215319
ETHUSDT,2022-07-29,22,0.90877317494231569
ETHUSDT,2022-07-30,6,0.097542994921126391
ETHUSDT,2022-07-31,5,0.4430971997908143
ETHUSDT,2022-08-01,11,0.19922358558737929
ETHUSDT,2022-08-02,17,0.34533886093487254
ETHUSDT,2022-08-03,25,0.84913079720109741
ETHUSDT,2022-08-04,25,0.66958592018382268
ETHUSDT,2022-08-05,32,0.87526438918085936
ETHUSDT,2022-08-06,16,0.5800846402469213
ETHUSDT,2022-08-07,9,-0.34358960342303146
ETHUSDT,2022-08-08,27,-0.12028179701277986
ETHUSDT,2022-08-09,23,-0.10878533946834057
ETHUSDT,2022-08-10,23,0.39354836694472961
ETHUSDT,2022-08-11,55,1.0222934021359313
ETHUSDT,2022-08-12,37,0.78820809776775735
ETHUSDT,2022-08-13,6,0.53283973553813746
ETHUSDT,2022-08-14,11,-0.90923511135874069
ETHUSDT,2022-08-15,17,-0.012876199936417754
ETHUSDT,2022-08-16,20,-0.17209382387621294
ETHUSDT,2022-08-17,23,0.864870025493764
ETHUSDT,2022-08-18,31,1.4699001429415011
ETHUSDT,2022-08-19,43,0.46926003435988867
ETHUSDT,2022-08-20,9,-0.99555726407925094
ETHUSDT,2022-08-21,9,-1.3976991016204248
ETHUSDT,2022-08-22,27,0.65764280516866214
ETHUSDT,2022-08-23,31,0.19478521057077258
ETHUSDT,2022-08-24,24,0.48500318823261557
ETHUSDT,2022-08-25,36,0.58619971189383591
ETHUSDT,2022-08-26,27,0.5637373356242078
ETHUSDT,2022-08-27,22,-0.55656686574075986
ETHUSDT,2022-08-28,9,-0.61424143568042222
ETHUSDT,2022-08-29,18,-0.85468892324062939
ETHUSDT,2022-08-30,31,-0.25968705829526678
ETHUSDT,2022-08-31,21,1.406233087627563
ETHUSDT,2022-09-01,18,-0.713748614371457
ETHUSDT,2022-09-02,20,-0.36403576421880912
ETHUSDT,2022-09-03,7,-2.11805600346712
ETHUSDT,2022-09-04,9,1.8136132869001884
ETHUSDT,2022-09-05,33,-0.987449609213445
ETHUSDT,2022-09-06,45,-0.4606480294324159
ETHUSDT,2022-09-07,45,-0.17192698831449379
ETHUSDT,2022-09-08,32,0.054692958259356619
ETHUSDT,2022-09-09,57,0.2429522850344279
ETHUSDT,2022-09-10,12,-0.84027399937427993
ETHUSDT,2022-09-11,13,0.53386392529987947
ETHUSDT,2022-09-12,41,-0.043749210245167217
ETHUSDT,2022-09-13,57,0.704852343481367
ETHUSDT,2022-09-14,66,-0.24507921096636834
ETHUSDT,2022-09-15,233,0.38180919638180416
ETHUSDT,2022-09-16,83,0.36991732608038158
ETHUSDT,2022-09-17,20,-0.23028839893752046
ETHUSDT,2022-09-18,17,-1.1958326924419489
ETHUSDT,2022-09-19,47,-0.74111970891113244
ETHUSDT,2022-09-20,33,-0.036935085608836848
ETHUSDT,2022-09-21,28,-0.33448136319816979
ETHUSDT,2022-09-22,28,-0.12758189410985116
ETHUSDT,2022-09-23,35,0.33950035736341677
ETHUSDT,2022-09-24,19,0.42112623277535277
ETHUSDT,2022-09-25,7,-0.47152829929761175
ETHUSDT,2022-09-26,20,-0.57548102334703488
ETHUSDT,2022-09-27,31,1.0974106394993495
ETHUSDT,2022-09-28,21,1.5249467886443719
ETHUSDT,2022-09-29,27,2.4201254635727096
ETHUSDT,2022-09-30,22,-0.1669655187759265
ETHUSDT,2022-10-01,5,-1.8884155538387959
ETHUSDT,2022-10-02,20,-0.33048728947484896
ETHUSDT,2022-10-03,90,-0.48769462337050473
ETHUSDT,2022-10-04,88,-0.556820018956363
ETHUSDT,2022-10-05,24,0.82168569704317884
ETHUSDT,2022-10-06,13,0.3510137277791322
ETHUSDT,2022-10-07,28,0.41516358567047024
ETHUSDT,2022-10-08,6,-1.4602300748440833
ETHUSDT,2022-10-09,7,-1.8592778658661668
ETHUSDT,2022-10-10,13,-0.12273108833369013
ETHUSDT,2022-10-11,24,1.2692070460090787
ETHUSDT,2022-10-12,34,0.58480940126040093
ETHUSDT,2022-10-13,25,0.69853141871331592
ETHUSDT,2022-10-14,14,-0.40507839081654506
ETHUSDT,2022-10-15,11,-0.054092403528974042
ETHUSDT,2022-10-16,9,-0.14396804740763311
ETHUSDT,2022-10-17,13,0.18068093984511066
ETHUSDT,2022-10-18,28,1.1050817263673594
ETHUSDT,2022-10-19,24,2.2932547216940646
ETHUSDT,2022-10-20,26,-0.20068469829457791
ETHUSDT,2022-10-21,27,0.99174787595646841
ETHUSDT,2022-10-22,6,-1.0541758788272733
ETHUSDT,2022-10-23,4,0.43244067025027988
ETHUSDT,2022-10-24,11,0.19069047253592278
ETHUSDT,2022-10-25,16,2.23042145795113
ETHUSDT,2022-10-26,16,0.1401532841417007
ETHUSDT,2022-10-27,13,1.5480681902195887
ETHUSDT,2022-10-28,13,2.0662622165166566
ETHUSDT,2022-10-29,12,1.4671741057149856
ETHUSDT,2022-10-30,3,-0.53420684459988532
ETHUSDT,2022-10-31,6,-0.89428460535272847
ETHUSDT,2022-11-01,11,0.54896789037467575
ETHUSDT,2022-11-02,19,0.039884928831541683
ETHUSDT,2022-11-03,26,0.68924439666320625
ETHUSDT,2022-11-04,7,-0.30626053852374596
ETHUSDT,2022-11-05,6,1.5113490762182233
ETHUSDT,2022-11-06,5,1.1009917926405812
ETHUSDT,2022-11-07,12,-0.68092031565631317
ETHUSDT,2022-11-08,12,-1.6757772976602179
ETHUSDT,2022-11-09,21,-0.65294625216447266
ETHUSDT,2022-11-10,98,1.6467652193652385
ETHUSDT,2022-11-12,8,-0.056881490707579863
ETHUSDT,2022-11-13,7,-1.0134000712253621
ETHUSDT,2022-11-14,9,-2.2553630652078636
ETHUSDT,2022-11-15,18,0.22365505029578026
ETHUSDT,2022-11-16,29,0.45208664868321036
ETHUSDT,2022-11-17,37,0.0767059712214928
ETHUSDT,2022-11-18,5,0.86470185130600918
ETHUSDT,2022-11-19,13,1.3281066148268066
ETHUSDT,2022-11-20,4,-3.9249797596001854
ETHUSDT,2022-11-21,8,-2.0193284117697026
ETHUSDT,2022-11-22,18,-1.1024274909342928
ETHUSDT,2022-11-23,7,-0.8935236295346235
ETHUSDT,2022-11-24,22,-0.081425672768696722
ETHUSDT,2022-11-25,13,0.70708448259021006
ETHUSDT,2022-11-26,24,2.660237351435736
ETHUSDT,2022-11-27,8,0.87857348903293753
ETHUSDT,2022-11-28,21,1.6624374742939816
ETHUSDT,2022-11-29,14,0.99694279004928665
ETHUSDT,2022-11-30,22,0.570334217217167
ETHUSDT,2022-12-01,34,0.88161093610498165
ETHUSDT,2022-12-02,20,0.65725530546868427
ETHUSDT,2022-12-03,4,1.1761084301351754
ETHUSDT,2022-12-04,4,1.4370763028597049
ETHUSDT,2022-12-05,6,1.4704375520523092
ETHUSDT,2022-12-06,11,-1.2413510582862539
ETHUSDT,2022-12-07,23,0.94887349291815382
ETHUSDT,2022-12-08,43,0.16674512168867905
ETHUSDT,2022-12-09,27,1.7706669342492294
ETHUSDT,2022-12-10,5,1.2671614796282549
ETHUSDT,2022-12-11,2,2.4512731418643781
ETHUSDT,2022-12-12,8,-0.40804599137953329
ETHUSDT,2022-12-13,25,2.757479030782287
ETHUSDT,2022-12-14,20,-0.49091895360374405
ETHUSDT,2022-12-15,18,1.3250955304926058
ETHUSDT,2022-12-16,22,1.105647380814361
ETHUSDT,2022-12-17,8,1.5062648942503336
ETHUSDT,2022-12-18,1,1.28676470588235
ETHUSDT,2022-12-19,9,0.78723973281929349
ETHUSDT,2022-12-20,17,0.061978975661299118
ETHUSDT,2022-12-21,12,1.0911800748166753
ETHUSDT,2022-12-22,17,0.932186680129611
ETHUSDT,2022-12-23,12,1.1402882667862149
ETHUSDT,2022-12-24,7,-0.022873788024785124
ETHUSDT,2022-12-25,3,-1.5341387808620601
ETHUSDT,2022-12-26,8,-1.0233362560414387
ETHUSDT,2022-12-27,5,-0.14474280938715095
ETHUSDT,2022-12-28,11,0.93983588195172763
ETHUSDT,2022-12-29,6,-0.16677966644365655
ETHUSDT,2022-12-30,16,0.012249233208010746
ETHUSDT,2022-12-31,11,2.4886941684410564
ETHUSDT,2023-01-01,6,0.65389548304412626
ETHUSDT,2023-01-02,10,1.3951209450724593
ETHUSDT,2023-01-03,14,0.583864610951784
ETHUSDT,2023-01-04,21,-0.77070215699298861
ETHUSDT,2023-01-05,12,-0.008867222403308811
ETHUSDT,2023-01-06,17,0.25023293900332733
ETHUSDT,2023-01-07,4,-1.2175796394594718
ETHUSDT,2023-01-08,4,-0.99405966106834365
ETHUSDT,2023-01-09,8,1.5697459521952721
ETHUSDT,2023-01-10,14,0.28206796326377653
ETHUSDT,2023-01-11,9,-0.90718290501381493
ETHUSDT,2023-01-12,18,1.2217309750531384
ETHUSDT,2023-01-13,13,0.50657005103543984
ETHUSDT,2023-01-14,6,-0.86423270771593341
ETHUSDT,2023-01-15,5,0.46647608398944485
ETHUSDT,2023-01-16,22,1.0607864216289697
ETHUSDT,2023-01-17,23,0.10971775989864511
ETHUSDT,2023-01-18,17,0.56413400070186592
ETHUSDT,2023-01-19,17,0.22968103923862332
ETHUSDT,2023-01-20,8,1.0596859025078451
ETHUSDT,2023-01-21,7,-0.30322012361405426
ETHUSDT,2023-01-22,1,0.0
ETHUSDT,2023-01-23,15,1.9769378605302173
ETHUSDT,2023-01-24,6,1.4880309031800558
ETHUSDT,2023-01-25,11,0.068660625538503467
ETHUSDT,2023-01-26,23,0.78116514469400977
ETHUSDT,2023-01-27,12,0.33264968192066457
ETHUSDT,2023-01-28,2,0.343956258459479
ETHUSDT,2023-01-29,5,1.6268421373882145
ETHUSDT,2023-01-30,2,-3.6666666666666652
ETHUSDT,2023-01-31,8,-0.30716758380153053
ETHUSDT,2023-02-01,16,0.047250733879927315
ETHUSDT,2023-02-02,8,0.94352006794204213
ETHUSDT,2023-02-03,3,-0.032082727683153012
ETHUSDT,2023-02-04,7,1.1699483818188128
ETHUSDT,2023-02-05,3,0.23302681983195428
ETHUSDT,2023-02-06,10,-0.3972736911969349
ETHUSDT,2023-02-07,17,-0.15983321980812806
ETHUSDT,2023-02-08,12,1.2860684296275191
ETHUSDT,2023-02-09,21,1.8117865489559302
ETHUSDT,2023-02-10,7,0.81485998206896415
ETHUSDT,2023-02-11,6,-0.26428432694132559
ETHUSDT,2023-02-12,4,-0.71705055319605759
ETHUSDT,2023-02-13,18,1.9948488777539697
ETHUSDT,2023-02-14,17,0.28493002465410394
ETHUSDT,2023-02-15,7,0.32957967482559225
ETHUSDT,2023-02-16,21,0.795180283326703
ETHUSDT,2023-02-17,38,0.96334418497315388
ETHUSDT,2023-02-19,7,0.66892678876906508
ETHUSDT,2023-02-20,16,0.65295114303812474
ETHUSDT,2023-02-21,17,-0.424590884300027
ETHUSDT,2023-02-22,14,0.52115156915800165
ETHUSDT,2023-02-23,11,1.0166787466298104
ETHUSDT,2023-02-24,24,0.14968330067597857
ETHUSDT,2023-02-25,4,1.152758569693022
ETHUSDT,2023-02-26,5,1.6059054321811439
ETHUSDT,2023-02-27,12,0.89320997570262217
ETHUSDT,2023-02-28,23,0.12588937912809151
ETHUSDT,2023-03-01,21,1.7451092242323181
ETHUSDT,2023-03-02,18,1.482099806840026
ETHUSDT,2023-03-03,15,-0.24041882205579981
ETHUSDT,2023-03-04,15,1.7858397985741927
ETHUSDT,2023-03-05,6,0.73266137251685581
ETHUSDT,2023-03-06,33,1.5411687372499352
ETHUSDT,2023-03-07,31,0.35548784841129766
ETHUSDT,2023-03-08,20,1.8359258775205858
ETHUSDT,2023-03-09,16,-0.449626820334598
ETHUSDT,2023-03-10,17,0.021905166568977785
ETHUSDT,2023-03-11,10,-0.02667390744127128
ETHUSDT,2023-03-12,5,2.0370358391874035
ETHUSDT,2023-03-13,12,1.3531209187141964
ETHUSDT,2023-03-14,26,2.2198362284709869
ETHUSDT,2023-03-15,18,2.1807272667791868
ETHUSDT,2023-03-16,19,-0.56748736507755315
ETHUSDT,2023-03-17,16,0.83964262265772382
ETHUSDT,2023-03-18,6,0.84565673155410648
ETHUSDT,2023-03-19,4,2.3490851498948908
ETHUSDT,2023-03-20,13,1.0117480936960259
ETHUSDT,2023-03-21,29,2.0699994210109267
ETHUSDT,2023-03-22,22,0.63481924399311662
ETHUSDT,2023-03-23,67,-0.8742381705777772
ETHUSDT,2023-03-24,56,0.70156390184593165
ETHUSDT,2023-03-25,38,1.0688699585992592
ETHUSDT,2023-03-26,36,0.92176237460497734
ETHUSDT,2023-03-27,71,0.73312914737878443
ETHUSDT,2023-03-28,52,0.71086140374320417
ETHUSDT,2023-03-29,52,0.814327530887963
ETHUSDT,2023-03-30,78,1.7966573598276736
ETHUSDT,2023-03-31,55,1.68629551755976
ETHUSDT,2023-04-01,26,0.65137320187327241
ETHUSDT,2023-04-02,39,0.87445733382565316
ETHUSDT,2023-04-03,59,0.61661773437364364
ETHUSDT,2023-04-04,62,1.3131067541745816
ETHUSDT,2023-04-05,72,1.1630737793290522
ETHUSDT,2023-04-06,61,1.1865410036427919
ETHUSDT,2023-04-07,41,0.88760339647413877
ETHUSDT,2023-04-08,33,1.1935419753746084
ETHUSDT,2023-04-09,34,1.3208355298302492
ETHUSDT,2023-04-10,57,0.836938074015803
ETHUSDT,2023-04-11,79,1.3388986879446794
ETHUSDT,2023-04-12,116,1.5059769716758589
ETHUSDT,2023-04-13,87,0.66167725694028234
ETHUSDT,2023-04-14,82,0.81979522852321318
ETHUSDT,2023-04-15,26,0.631351702838868
ETHUSDT,2023-04-16,34,1.3188774666500334
ETHUSDT,2023-04-17,45,1.3513672703268071
ETHUSDT,2023-04-18,65,1.6183373550841185
ETHUSDT,2023-04-19,58,0.89185409964598
ETHUSDT,2023-04-20,59,1.0994630506558567
ETHUSDT,2023-04-21,43,0.58831105075276113
ETHUSDT,2023-04-22,28,0.549500289332998
ETHUSDT,2023-04-23,33,1.0790266714338881
ETHUSDT,2023-04-24,44,0.697308037816421
ETHUSDT,2023-04-25,44,1.0606779897313685
ETHUSDT,2023-04-26,65,1.0433450980884449
ETHUSDT,2023-04-27,63,1.2105628769668251
ETHUSDT,2023-04-28,47,1.4168385658776974
ETHUSDT,2023-04-29,60,1.1801939517760718
ETHUSDT,2023-04-30,35,1.1069095783387819
ETHUSDT,2023-05-01,33,0.38949735158466059
ETHUSDT,2023-05-02,42,0.5614556319221502
ETHUSDT,2023-05-03,53,0.53255847440421222
ETHUSDT,2023-05-04,63,1.3043763678410198
ETHUSDT,2023-05-05,42,0.88706801885524977
ETHUSDT,2023-05-06,45,1.7350107891816211
ETHUSDT,2023-05-07,48,1.2791122181960253
ETHUSDT,2023-05-08,35,-0.93630541263843314
ETHUSDT,2023-05-09,39,1.2099744167042816
ETHUSDT,2023-05-10,52,2.3888495486904122
ETHUSDT,2023-05-11,55,0.39853691048522161
ETHUSDT,2023-05-12,38,0.24237519696384785
ETHUSDT,2023-05-13,39,1.090384562773272
ETHUSDT,2023-05-14,53,0.83456427280441914
ETHUSDT,2023-05-15,52,1.3026719491633278
ETHUSDT,2023-05-16,53,0.47651405033355509
ETHUSDT,2023-05-17,57,1.1208867869827432
ETHUSDT,2023-05-18,32,1.193478358407404
ETHUSDT,2023-05-19,41,0.895265661634918
ETHUSDT,2023-05-20,40,1.0729914063615666
ETHUSDT,2023-05-21,34,0.9893098983984927
ETHUSDT,2023-05-22,35,1.0179163621459297
ETHUSDT,2023-05-23,37,0.54152879953699018
ETHUSDT,2023-05-24,56,1.2633450036865823
ETHUSDT,2023-05-25,34,1.1998531958494607
ETHUSDT,2023-05-26,38,0.21281907632370425
ETHUSDT,2023-05-27,20,0.86649673989408593
ETHUSDT,2023-05-28,25,0.75428161100072633
ETHUSDT,2023-05-29,25,1.321217841383973
ETHUSDT,2023-05-30,42,1.0520313269695816
ETHUSDT,2023-05-31,62,1.0389500533554463
ETHUSDT,2023-06-01,72,3.1866664299534531
ETHUSDT,2023-06-02,47,1.3881814061322091
ETHUSDT,2023-06-03,25,1.2418430276222545
ETHUSDT,2023-06-04,25,1.442987539583154
ETHUSDT,2023-06-05,34,0.70412041344253373
ETHUSDT,2023-06-06,46,0.606295830820101
ETHUSDT,2023-06-07,42,0.42363999316068524
ETHUSDT,2023-06-08,49,0.63969791760989037
ETHUSDT,2023-06-09,52,2.0475295797073447
ETHUSDT,2023-06-10,25,1.0788439804392178
ETHUSDT,2023-06-11,26,1.6550928396480922
ETHUSDT,2023-06-12,34,0.65938903049927189
ETHUSDT,2023-06-13,43,0.6773474344428787
ETHUSDT,2023-06-14,48,1.2254814390613398
ETHUSDT,2023-06-15,42,0.46815422813261176
ETHUSDT,2023-06-16,45,1.1672743659187814
ETHUSDT,2023-06-17,28,1.5594998532530568
ETHUSDT,2023-06-18,45,1.0611874898817411
ETHUSDT,2023-06-19,59,1.1333284007573983
ETHUSDT,2023-06-20,45,1.2259947874446546
ETHUSDT,2023-06-21,46,1.1955351543511656
ETHUSDT,2023-06-22,47,1.7999955398220502
ETHUSDT,2023-06-23,38,0.86107683490739118
ETHUSDT,2023-06-24,41,1.3528045944488867
ETHUSDT,2023-06-25,40,1.4119387586318903
ETHUSDT,2023-06-26,35,0.92761014938050923
ETHUSDT,2023-06-27,50,1.0425497634771168
ETHUSDT,2023-06-28,35,1.99879918567672
ETHUSDT,2023-06-29,35,1.2917708755321244
ETHUSDT,2023-06-30,54,1.0712899903223889
ETHUSDT,2023-07-01,30,0.57402934855084387
ETHUSDT,2023-07-02,39,1.2466380022191563
ETHUSDT,2023-07-03,43,1.4712449578332498
ETHUSDT,2023-07-04,42,0.53571598942953214
ETHUSDT,2023-07-05,36,0.54057855525825249
ETHUSDT,2023-07-06,58,1.5826283861085986
ETHUSDT,2023-07-07,39,0.94725684132333066
ETHUSDT,2023-07-08,36,1.321643911779621
ETHUSDT,2023-07-09,31,1.1228461517673978
ETHUSDT,2023-07-10,54,1.6247309956294189
ETHUSDT,2023-07-11,47,1.4312198753507022
ETHUSDT,2023-07-12,45,1.0683824790933636
ETHUSDT,2023-07-13,31,0.48946448961465067
ETHUSDT,2023-07-14,55,1.1227148291320002
ETHUSDT,2023-07-15,34,1.1693485976830318
ETHUSDT,2023-07-16,13,2.4414266405877232
ETHUSDT,2023-07-17,53,1.015161263683779
ETHUSDT,2023-07-18,46,1.7960716637750875
ETHUSDT,2023-07-19,64,1.8649493352566044
ETHUSDT,2023-07-20,59,1.7330727319519466
ETHUSDT,2023-07-21,41,1.8214234273692076
ETHUSDT,2023-07-22,30,1.9018947252499323
ETHUSDT,2023-07-23,34,1.1852722871430812
ETHUSDT,2023-07-24,31,1.7103656686376105
ETHUSDT,2023-07-25,31,1.1498097190471257
ETHUSDT,2023-07-26,16,0.4095026406628125
ETHUSDT,2023-07-27,27,2.0464006981357521
ETHUSDT,2023-07-28,19,0.79467458264959745
ETHUSDT,2023-07-29,20,2.1718223137791717
ETHUSDT,2023-07-30,34,0.88692201265740045
ETHUSDT,2023-07-31,50,0.85331348807862617
ETHUSDT,2023-08-01,21,0.15209667142703637
ETHUSDT,2023-08-02,39,0.31184236090273854
ETHUSDT,2023-08-03,35,0.34305354274435668
ETHUSDT,2023-08-04,35,0.815277963974328
ETHUSDT,2023-08-05,24,0.99435885896040654
ETHUSDT,2023-08-06,26,0.52162178930129088
ETHUSDT,2023-08-07,30,2.6659492547489636
ETHUSDT,2023-08-08,26,2.1605333302871239
ETHUSDT,2023-08-09,20,2.596635502359951
ETHUSDT,2023-08-10,33,1.3988798376236906
ETHUSDT,2023-08-11,42,1.7172320076268577
ETHUSDT,2023-08-12,19,3.7607503339666533
ETHUSDT,2023-08-13,28,1.56113367865475
ETHUSDT,2023-08-14,39,1.0254230922901888
ETHUSDT,2023-08-15,37,2.0655608492032376
ETHUSDT,2023-08-16,48,0.13087189873424326
ETHUSDT,2023-08-17,45,1.086387508925422
ETHUSDT,2023-08-18,41,0.61213860623620264
ETHUSDT,2023-08-19,28,0.58269642405075661
ETHUSDT,2023-08-20,38,1.2670809156339238
ETHUSDT,2023-08-21,39,1.7150434801354113
ETHUSDT,2023-08-22,38,1.1079612021985
ETHUSDT,2023-08-23,36,2.1734082947216202
ETHUSDT,2023-08-24,44,0.511011031547382
ETHUSDT,2023-08-25,45,1.6763220892498869
ETHUSDT,2023-08-26,20,1.0801253344878998
ETHUSDT,2023-08-27,18,0.077736510024426941
ETHUSDT,2023-08-28,23,1.0287148771573607
ETHUSDT,2023-08-29,36,0.94494624286572027
ETHUSDT,2023-08-30,41,1.4201143758026793
ETHUSDT,2023-08-31,37,1.8741637160895028
ETHUSDT,2023-09-01,32,1.8079559224235175
ETHUSDT,2023-09-02,20,1.241065818805821
ETHUSDT,2023-09-03,10,1.6204619483555551
ETHUSDT,2023-09-04,30,1.2332349203903599
ETHUSDT,2023-09-05,19,1.1347522452017096
ETHUSDT,2023-09-06,32,1.3960717458119989
ETHUSDT,2023-09-07,29,1.6733975640931953
ETHUSDT,2023-09-08,27,1.41263539413927
ETHUSDT,2023-09-09,21,1.9778898442324384
ETHUSDT,2023-09-10,13,0.45201859720778953
ETHUSDT,2023-09-11,34,0.38718000816729958
ETHUSDT,2023-09-12,47,2.4431467911149456
ETHUSDT,2023-09-13,42,1.5148957096280362
ETHUSDT,2023-09-14,22,1.0984291406870215
ETHUSDT,2023-09-15,28,0.85168775726860724
ETHUSDT,2023-09-16,19,0.52482628854956725
ETHUSDT,2023-09-17,28,-0.058547729753013478
ETHUSDT,2023-09-18,29,-0.98303685843054522
ETHUSDT,2023-09-19,31,0.5389213377669877
ETHUSDT,2023-09-20,36,1.6228664901560899
ETHUSDT,2023-09-21,41,1.6122924161352417
ETHUSDT,2023-09-22,42,1.0799319134562588
ETHUSDT,2023-09-23,22,0.13981138937901647
ETHUSDT,2023-09-24,20,1.0094790394875917
ETHUSDT,2023-09-25,24,0.849316068360127
ETHUSDT,2023-09-26,24,1.8800410040051641
ETHUSDT,2023-09-27,37,1.0429917640655144
ETHUSDT,2023-09-28,50,0.90451866710795026
ETHUSDT,2023-09-29,74,1.476957759074371
ETHUSDT,2023-09-30,26,1.5787156697147808
ETHUSDT,2023-10-01,20,0.5485444555407496
ETHUSDT,2023-10-02,77,1.9481985746685968
ETHUSDT,2023-10-03,54,2.1279774720816067
ETHUSDT,2023-10-04,22,0.92104395090656688
ETHUSDT,2023-10-05,34,0.9008003700020849
ETHUSDT,2023-10-06,32,0.19421065375526558
ETHUSDT,2023-10-07,11,0.22752436780628604
ETHUSDT,2023-10-08,17,1.0742301345894061
ETHUSDT,2023-10-09,33,0.38325916188012554
ETHUSDT,2023-10-10,36,-0.36283102174910664
ETHUSDT,2023-10-11,35,0.76327783630660551
ETHUSDT,2023-10-12,29,0.69289763230414847
ETHUSDT,2023-10-13,25,1.250550402088737
ETHUSDT,2023-10-14,16,1.5209260803189364
ETHUSDT,2023-10-15,23,1.5252042010349089
ETHUSDT,2023-10-16,20,1.3507160058949197
ETHUSDT,2023-10-17,114,1.0107340088057304
ETHUSDT,2023-10-18,34,0.99841962914510851
ETHUSDT,2023-10-19,23,0.63779504087825212
ETHUSDT,2023-10-20,18,0.53154808095588857
ETHUSDT,2023-10-21,16,1.2828084570451852
ETHUSDT,2023-10-22,13,1.5030318402608418
ETHUSDT,2023-10-23,17,1.1121504861945719
ETHUSDT,2023-10-24,21,2.7427525527412069
ETHUSDT,2023-10-25,34,2.5322622620958168
ETHUSDT,2023-10-26,39,2.2658562179744246
ETHUSDT,2023-10-27,23,1.8865660082634825
ETHUSDT,2023-10-28,14,0.97117253681926274
ETHUSDT,2023-10-29,13,0.88795137490346954
ETHUSDT,2023-10-30,16,2.5243760678136611
ETHUSDT,2023-10-31,24,0.48952343798190878
ETHUSDT,2023-11-01,25,1.2258309667684646
ETHUSDT,2023-11-02,25,1.9337583152917273
ETHUSDT,2023-11-03,29,0.58760956159648259
ETHUSDT,2023-11-04,24,1.8193527274659229
ETHUSDT,2023-11-05,13,0.56821718675408828
ETHUSDT,2023-11-06,29,1.1741897836084552
ETHUSDT,2023-11-07,22,1.0425723323998952
ETHUSDT,2023-11-08,31,2.5099270295163385
ETHUSDT,2023-11-09,67,1.6681071274712247
ETHUSDT,2023-11-10,103,1.570671428559608
ETHUSDT,2023-11-11,27,1.5331702266069012
ETHUSDT,2023-11-12,14,1.0376412045180607
ETHUSDT,2023-11-13,35,1.318938433834681
ETHUSDT,2023-11-14,61,1.735834433254752
ETHUSDT,2023-11-15,46,1.7796894661186449
ETHUSDT,2023-11-16,71,1.1711973382108198
ETHUSDT,2023-11-17,51,1.5925961073209098
ETHUSDT,2023-11-18,30,1.1065119596172197
ETHUSDT,2023-11-19,20,0.36385890693463857
ETHUSDT,2023-11-20,29,0.92220995114830473
ETHUSDT,2023-11-21,29,1.3473163857557875
ETHUSDT,2023-11-22,39,-0.1506604316810353
ETHUSDT,2023-11-23,20,1.1661512394019589
ETHUSDT,2023-11-24,40,1.4369945447286736
ETHUSDT,2023-11-25,15,0.24485533101919194
ETHUSDT,2023-11-26,16,-0.3604623629736261
ETHUSDT,2023-11-27,33,1.4098009072340654
ETHUSDT,2023-11-28,28,0.63992060244564819
ETHUSDT,2023-11-29,16,1.1977582235475541
ETHUSDT,2023-11-30,31,1.966365918120764
ETHUSDT,2023-12-01,44,-0.237679957763851
ETHUSDT,2023-12-02,22,2.210866014871486
ETHUSDT,2023-12-03,26,0.45520405298929539
ETHUSDT,2023-12-04,38,2.0661463062451921
ETHUSDT,2023-12-05,37,0.62175669476973883
ETHUSDT,2023-12-06,35,0.63194262734096873
ETHUSDT,2023-12-07,40,1.2660208071352219
ETHUSDT,2023-12-08,42,1.660302061731777
ETHUSDT,2023-12-09,28,0.79116345221833684
ETHUSDT,2023-12-10,21,1.4291937586988157
ETHUSDT,2023-12-11,32,1.5682758640442831
ETHUSDT,2023-12-12,30,2.2788931592954773
ETHUSDT,2023-12-13,42,2.4333851152485297
ETHUSDT,2023-12-14,47,0.97644238078130063
ETHUSDT,2023-12-15,26,1.5161138897661877
ETHUSDT,2023-12-16,11,1.6603298172356202
ETHUSDT,2023-12-17,19,0.98254463774272849
ETHUSDT,2023-12-18,32,0.41284990666293847
ETHUSDT,2023-12-19,39,1.1454555956246126
ETHUSDT,2023-12-20,32,1.1018568853472284
ETHUSDT,2023-12-21,37,1.6323830377529935
ETHUSDT,2023-12-22,23,1.4855185724357902
ETHUSDT,2023-12-23,31,1.3704910605350942
ETHUSDT,2023-12-24,25,0.54345599833040792
ETHUSDT,2023-12-25,20,0.84346086700118916
ETHUSDT,2023-12-26,26,1.1905648333107368
ETHUSDT,2023-12-27,36,1.6140919135691323
ETHUSDT,2023-12-28,36,0.72291564535533059
ETHUSDT,2023-12-29,32,1.6323679286379165
ETHUSDT,2023-12-30,12,-0.095937943818958038
ETHUSDT,2023-12-31,22,1.1590924138989165
ETHUSDT,2024-01-01,17,1.0974655334769319
ETHUSDT,2024-01-02,21,0.15856260596322641
ETHUSDT,2024-01-03,30,0.95973932762782321
ETHUSDT,2024-01-04,40,1.2420804331714732
ETHUSDT,2024-01-05,31,1.4640848785019194
ETHUSDT,2024-01-06,24,1.3312406993387333
ETHUSDT,2024-01-07,14,0.81600726290395453
ETHUSDT,2024-01-08,21,0.077710872745368156
ETHUSDT,2024-01-09,13,1.2228273318742091
ETHUSDT,2024-01-10,43,1.4317148243070714
ETHUSDT,2024-01-11,83,1.1817130720910765
ETHUSDT,2024-01-12,65,0.88337868035114853
ETHUSDT,2024-01-13,34,1.3661135271830966
ETHUSDT,2024-01-14,25,0.789481158480745
ETHUSDT,2024-01-15,42,0.81322065191284776
ETHUSDT,2024-01-16,30,1.0201772841464596
ETHUSDT,2024-01-17,45,1.5197764345968841
ETHUSDT,2024-01-18,45,1.5242558150886576
ETHUSDT,2024-01-19,47,1.5002299555376135
ETHUSDT,2024-01-20,15,1.0752529875622423
ETHUSDT,2024-01-21,26,1.1467275240534902
ETHUSDT,2024-01-22,67,0.24311904931816192
ETHUSDT,2024-01-23,39,0.95515709764373768
ETHUSDT,2024-01-24,63,0.77132218120811391
ETHUSDT,2024-01-25,52,1.0324827519375717
ETHUSDT,2024-01-26,24,0.50184465370558518
ETHUSDT,2024-01-27,20,0.50639874611416946
ETHUSDT,2024-01-28,22,1.357214362643373
ETHUSDT,2024-01-29,24,0.63535291924639736
ETHUSDT,2024-01-30,28,1.5362485077511341
ETHUSDT,2024-01-31,41,1.464143783690437
ETHUSDT,2024-02-01,36,1.4022908182509701
ETHUSDT,2024-02-02,35,1.3689052325335265
ETHUSDT,2024-02-03,31,1.805144652113585
ETHUSDT,2024-02-04,39,1.252420736143866
ETHUSDT,2024-02-05,66,2.4806939647151185
ETHUSDT,2024-02-06,55,1.758531285091816
ETHUSDT,2024-02-07,48,1.2358994789268551
ETHUSDT,2024-02-08,39,1.0720850945517928
ETHUSDT,2024-02-09,40,1.2004843140803478
ETHUSDT,2024-02-10,31,1.6345675502062604
ETHUSDT,2024-02-11,26,0.76828040020044241
ETHUSDT,2024-02-12,37,-0.26589603353289465
ETHUSDT,2024-02-13,50,1.3954371598730848
ETHUSDT,2024-02-14,41,0.53523772162619487
ETHUSDT,2024-02-15,45,0.5863370569749784
ETHUSDT,2024-02-16,39,1.6178371270405334
ETHUSDT,2024-02-17,19,1.5304032985079503
ETHUSDT,2024-02-18,34,1.4547291426144384
ETHUSDT,2024-02-19,50,1.6560138173074708
ETHUSDT,2024-02-20,51,1.7871950727293617
ETHUSDT,2024-02-21,49,1.8547396607796633
ETHUSDT,2024-02-22,57,2.190042113193976
ETHUSDT,2024-02-23,53,1.2628724454854665
ETHUSDT,2024-02-24,27,1.2113936048051559
ETHUSDT,2024-02-25,43,1.0275826990516419
ETHUSDT,2024-02-26,35,1.5729480478755709
ETHUSDT,2024-02-27,80,1.8741396115688058
ETHUSDT,2024-02-28,50,1.7738209394895668
ETHUSDT,2024-02-29,47,0.98284427879695491
ETHUSDT,2024-03-01,38,2.3793761186514661
ETHUSDT,2024-03-02,28,1.2256109168661149
ETHUSDT,2024-03-03,29,1.7580283665198775
ETHUSDT,2024-03-04,52,1.9786485277677215
ETHUSDT,2024-03-05,53,0.53351409937802208
ETHUSDT,2024-03-06,49,1.3757581425869965
ETHUSDT,2024-03-07,41,1.9229905744162381
ETHUSDT,2024-03-08,45,2.2165093081284355
ETHUSDT,2024-03-09,25,0.97876850027893
ETHUSDT,2024-03-10,48,1.6462799968251296
ETHUSDT,2024-03-11,82,1.2850802096678147
ETHUSDT,2024-03-12,63,1.8458539011515238
ETHUSDT,2024-03-13,64,2.3422344345459196
ETHUSDT,2024-03-14,63,2.3909621845343674
ETHUSDT,2024-03-15,57,1.8052394888979209
ETHUSDT,2024-03-16,28,1.2929584657003514
ETHUSDT,2024-03-17,45,1.090414589450053
ETHUSDT,2024-03-18,54,1.5920158572747534
ETHUSDT,2024-03-19,62,0.7482747308852209
ETHUSDT,2024-03-20,111,0.81838639572379335
ETHUSDT,2024-03-21,67,0.7075914321163187
ETHUSDT,2024-03-22,53,0.43606607815233633
ETHUSDT,2024-03-23,35,0.31880225759744318
ETHUSDT,2024-03-24,23,0.4482192308302248
ETHUSDT,2024-03-25,44,0.722699310200545
ETHUSDT,2024-03-26,64,0.76741731103760213
ETHUSDT,2024-03-27,81,1.0357884586937234
ETHUSDT,2024-03-28,66,1.5892740625217023
ETHUSDT,2024-03-29,48,1.5006545308957591
ETHUSDT,2024-03-30,12,1.2299295055914952
ETHUSDT,2024-03-31,18,0.66714622723277017
ETHUSDT,2024-04-01,26,1.7799594844303506
ETHUSDT,2024-04-02,56,1.4397855645159294
ETHUSDT,2024-04-03,61,0.976877610561971
ETHUSDT,2024-04-04,53,1.512295923313673
ETHUSDT,2024-04-05,50,0.97516219513572466
ETHUSDT,2024-04-06,19,1.319724937279029
ETHUSDT,2024-04-07,25,1.3474777401868887
ETHUSDT,2024-04-08,41,1.7040256849841984
ETHUSDT,2024-04-09,53,0.37105009510761788
ETHUSDT,2024-04-10,44,1.2079946282524097
ETHUSDT,2024-04-11,40,1.9982253155409468
ETHUSDT,2024-04-12,37,1.9738778822124792
ETHUSDT,2024-04-13,21,1.338407443107855
ETHUSDT,2024-04-14,21,0.96517762767506832
ETHUSDT,2024-04-15,38,1.5424573049305375
ETHUSDT,2024-04-16,45,1.1046859547863719
ETHUSDT,2024-04-17,42,2.1839325245517123
ETHUSDT,2024-04-18,44,2.101364011399188
ETHUSDT,2024-04-19,26,0.77810725638919442
ETHUSDT,2024-04-20,9,3.0495918282434546
ETHUSDT,2024-04-21,32,0.69987338146182743
ETHUSDT,2024-04-22,58,1.507480123193629
ETHUSDT,2024-04-23,48,1.3668294337499058
ETHUSDT,2024-04-24,59,0.85768984206572418
ETHUSDT,2024-04-25,47,0.1742775985289067
ETHUSDT,2024-04-26,30,-0.158881698255079
ETHUSDT,2024-04-27,27,1.0108702603450017
ETHUSDT,2024-04-28,24,-0.096623251463870574
ETHUSDT,2024-04-29,40,0.094748992196771173
ETHUSDT,2024-04-30,29,-0.21321990386756784
ETHUSDT,2024-05-01,30,-0.080150368547829864
ETHUSDT,2024-05-02,39,2.8014689697618231
ETHUSDT,2024-05-03,24,0.99149380213989724
ETHUSDT,2024-05-04,15,1.6431689456958962
ETHUSDT,2024-05-05,18,2.125752100137293
ETHUSDT,2024-05-06,32,0.16019369379031861
ETHUSDT,2024-05-07,63,1.1254904301165065
ETHUSDT,2024-05-08,71,0.855809992487574
ETHUSDT,2024-05-09,41,0.16896843597460609
ETHUSDT,2024-05-10,35,0.98241891418394311
ETHUSDT,2024-05-11,20,0.73878043330939791
ETHUSDT,2024-05-12,14,0.75905165073599723
ETHUSDT,2024-05-13,28,1.8978866878781251
ETHUSDT,2024-05-14,31,1.3796885872667726
ETHUSDT,2024-05-15,35,1.3074533592757995
ETHUSDT,2024-05-16,38,0.422578639517552
ETHUSDT,2024-05-17,44,0.4907158177157499
ETHUSDT,2024-05-18,20,1.3707858327670452
ETHUSDT,2024-05-19,24,1.1798472786432064
ETHUSDT,2024-05-20,52,0.65455344063467069
ETHUSDT,2024-05-21,97,1.0004957047575305
ETHUSDT,2024-05-22,90,1.2270041065207509
ETHUSDT,2024-05-23,92,1.4309204677070695
ETHUSDT,2024-05-24,113,1.7730079932431493
ETHUSDT,2024-05-25,48,1.1733034055192921
ETHUSDT,2024-05-26,41,1.5678263539160697
ETHUSDT,2024-05-27,80,1.7775974654021702
ETHUSDT,2024-05-28,68,0.89984710571761539
ETHUSDT,2024-05-29,83,2.0502141967905549
ETHUSDT,2024-05-30,62,1.5443917974892665
ETHUSDT,2024-05-31,80,1.1663229967176902
ETHUSDT,2024-06-01,47,0.56153526869514048
ETHUSDT,2024-06-02,29,0.37616946713458127
ETHUSDT,2024-06-03,67,0.64191394591880391
ETHUSDT,2024-06-04,67,1.522853717037717
ETHUSDT,2024-06-05,77,0.95294017184440893
ETHUSDT,2024-06-06,70,1.181459999371872
ETHUSDT,2024-06-07,48,1.69400840352559
ETHUSDT,2024-06-08,39,0.43144256041446094
ETHUSDT,2024-06-09,38,1.0039041571202085
ETHUSDT,2024-06-10,59,0.93045184009039206
ETHUSDT,2024-06-11,49,0.76652182594533336
ETHUSDT,2024-06-12,41,1.5894647274971758
ETHUSDT,2024-06-13,44,0.6163611905353491
ETHUSDT,2024-06-14,36,1.36704446694735
ETHUSDT,2024-06-15,38,1.0175012501978842
ETHUSDT,2024-06-16,41,0.23466216129032502
ETHUSDT,2024-06-17,49,0.47278100594109712
ETHUSDT,2024-06-18,47,1.5652340474480235
ETHUSDT,2024-06-19,71,0.62559514127983729
ETHUSDT,2024-06-20,55,0.10277896401311226
ETHUSDT,2024-06-21,34,1.341396725922718
ETHUSDT,2024-06-22,33,0.80651517408144524
ETHUSDT,2024-06-23,43,0.12656335168248614
ETHUSDT,2024-06-24,28,0.040648438322622854
ETHUSDT,2024-06-25,42,1.0268388472313643
ETHUSDT,2024-06-26,48,0.93267463353014946
ETHUSDT,2024-06-27,55,1.3435599332112786
ETHUSDT,2024-06-28,51,1.1641416137213796
ETHUSDT,2024-06-29,90,-0.77129800953820993
ETHUSDT,2024-06-30,34,1.263727937093964
ETHUSDT,2024-07-01,45,1.2333059420661308
ETHUSDT,2024-07-02,36,1.7580120898250116
ETHUSDT,2024-07-03,34,1.4214975912141323
ETHUSDT,2024-07-04,46,1.5893528256536973
ETHUSDT,2024-07-05,33,0.55366481231223241
ETHUSDT,2024-07-06,23,0.75179675541850277
ETHUSDT,2024-07-07,26,1.0700920422234617
ETHUSDT,2024-07-08,48,1.8952972224503672
ETHUSDT,2024-07-09,56,1.9172824715188097
ETHUSDT,2024-07-10,33,1.2115988578354748
ETHUSDT,2024-07-11,28,1.9326828804743841
ETHUSDT,2024-07-12,42,1.868192023582548
ETHUSDT,2024-07-13,25,1.6475437093257779
ETHUSDT,2024-07-14,32,1.3777179256823455
ETHUSDT,2024-07-15,36,1.536638070165969
ETHUSDT,2024-07-16,46,1.3664478092229304
ETHUSDT,2024-07-17,54,1.5875515118865082
ETHUSDT,2024-07-18,54,1.4043241107446813
ETHUSDT,2024-07-19,52,1.7322691154523326
ETHUSDT,2024-07-20,51,1.1185775740557578
ETHUSDT,2024-07-21,26,0.90588468407637024
ETHUSDT,2024-07-22,50,1.7455501380703207
ETHUSDT,2024-07-23,123,1.9245652279211982
ETHUSDT,2024-07-24,85,1.3853529886179869
ETHUSDT,2024-07-25,93,1.0699162929493522
ETHUSDT,2024-07-26,72,1.0978923615960963
ETHUSDT,2024-07-27,38,1.3882815689780821
ETHUSDT,2024-07-28,32,0.97191643317311871
ETHUSDT,2024-07-29,73,1.69333422493484
ETHUSDT,2024-07-30,60,1.461841108903817
ETHUSDT,2024-07-31,43,2.1815208120741465
ETHUSDT,2024-08-01,28,1.7237260857830061
ETHUSDT,2024-08-02,33,1.7643259504883422
ETHUSDT,2024-08-03,20,0.321566953177845
ETHUSDT,2024-08-04,19,0.934405521795731
ETHUSDT,2024-08-05,48,-1.4952371409114533
ETHUSDT,2024-08-06,40,-0.15969437823427179
ETHUSDT,2024-08-07,44,1.29331720884627
ETHUSDT,2024-08-08,34,1.0678625955058156
ETHUSDT,2024-08-09,35,0.93896947427973565
ETHUSDT,2024-08-10,16,1.7895590452068428
ETHUSDT,2024-08-11,16,1.8301567418646296
ETHUSDT,2024-08-12,39,0.9472627164442643
ETHUSDT,2024-08-13,37,1.6373626901254523
ETHUSDT,2024-08-14,35,1.299738234863467
ETHUSDT,2024-08-15,33,0.91501217374609878
ETHUSDT,2024-08-16,24,1.4179948095557755
ETHUSDT,2024-08-17,32,0.84955404911581289
ETHUSDT,2024-08-18,17,1.6504853912318198
ETHUSDT,2024-08-19,25,1.6574590409099192
ETHUSDT,2024-08-20,38,1.7767758355779442
ETHUSDT,2024-08-21,36,1.3141023426500209
ETHUSDT,2024-08-22,42,1.9885410391739187
ETHUSDT,2024-08-23,33,1.4351471829187734
ETHUSDT,2024-08-24,24,1.6473147741458214
ETHUSDT,2024-08-25,16,-0.39757883826453755
ETHUSDT,2024-08-26,35,0.88323046644706438
ETHUSDT,2024-08-27,33,1.31671581068123
ETHUSDT,2024-08-28,38,0.19918117439824767
ETHUSDT,2024-08-29,34,1.2937811756394741
ETHUSDT,2024-08-30,28,1.0951185993235164
ETHUSDT,2024-08-31,20,0.88552546758905848
ETHUSDT,2024-09-01,15,1.0584233100306057
ETHUSDT,2024-09-02,28,1.4438351921046797
ETHUSDT,2024-09-03,42,1.0874189880141747
ETHUSDT,2024-09-04,47,1.3647982183491154
ETHUSDT,2024-09-05,51,1.3518522088342446
ETHUSDT,2024-09-06,41,0.93870618214445856
ETHUSDT,2024-09-07,43,0.97824319354752787
ETHUSDT,2024-09-08,17,1.0048513393593
ETHUSDT,2024-09-09,51,1.1385901353033352
ETHUSDT,2024-09-10,51,0.64550190441074329
ETHUSDT,2024-09-11,39,0.8903870945336293
ETHUSDT,2024-09-12,65,1.7445082026485106
ETHUSDT,2024-09-13,42,0.78147374283148852
ETHUSDT,2024-09-14,41,1.4544654277389819
ETHUSDT,2024-09-15,31,1.5854214354567764
ETHUSDT,2024-09-16,44,1.1043418002194676
ETHUSDT,2024-09-17,39,1.4299468296002402
ETHUSDT,2024-09-18,34,1.1985594603869902
ETHUSDT,2024-09-19,30,1.6739305410716598
ETHUSDT,2024-09-20,21,0.65259524557204029
ETHUSDT,2024-09-21,14,0.872134892383406
ETHUSDT,2024-09-22,23,0.65211998562213436
ETHUSDT,2024-09-23,32,0.49690377001605884
ETHUSDT,2024-09-24,29,0.97162832456818626
ETHUSDT,2024-09-25,36,1.5044658365314869
ETHUSDT,2024-09-26,32,2.52333672697747
ETHUSDT,2024-09-27,20,1.214668645806452
ETHUSDT,2024-09-28,18,1.5206425775066827
ETHUSDT,2024-09-29,23,1.1198836639356693
ETHUSDT,2024-09-30,29,1.190724873064374
ETHUSDT,2024-10-01,38,1.3686467376910776
ETHUSDT,2024-10-02,29,0.832740852520879
ETHUSDT,2024-10-03,33,0.47558513386626805
ETHUSDT,2024-10-04,35,0.40174081448730775
ETHUSDT,2024-10-05,17,0.67125729304795945
ETHUSDT,2024-10-06,15,0.68790283728489843
ETHUSDT,2024-10-07,32,0.34521325344898945
ETHUSDT,2024-10-08,29,0.5748205823401531
ETHUSDT,2024-10-09,19,1.3691196836447745
ETHUSDT,2024-10-10,31,1.9162296251561219
ETHUSDT,2024-10-11,44,1.3177957654596826
ETHUSDT,2024-10-12,24,1.4050796628746731
ETHUSDT,2024-10-13,24,1.2003478155353418
ETHUSDT,2024-10-14,33,1.3554832724756394
ETHUSDT,2024-10-15,40,1.2729813404289967
ETHUSDT,2024-10-16,36,1.3839136302224775
ETHUSDT,2024-10-17,49,1.7930494985827035
ETHUSDT,2024-10-18,45,2.6826975937549182
ETHUSDT,2024-10-19,18,1.5924384529125637
ETHUSDT,2024-10-20,17,0.7922599902505657
ETHUSDT,2024-10-21,35,1.5283111731657717
ETHUSDT,2024-10-22,23,2.0875031646482434
ETHUSDT,2024-10-23,31,1.1892070511293242
ETHUSDT,2024-10-24,44,1.1693544224206402
ETHUSDT,2024-10-25,31,1.4862415820964336
ETHUSDT,2024-10-26,18,0.76771476932919136
ETHUSDT,2024-10-27,16,1.1167522902091109
ETHUSDT,2024-10-28,36,1.1467649277717455
ETHUSDT,2024-10-29,44,1.2668353002404544
ETHUSDT,2024-10-30,36,1.9573294088294302
ETHUSDT,2024-10-31,33,1.5898860051495733
ETHUSDT,2024-11-01,32,1.675959591853001
ETHUSDT,2024-11-02,22,1.4016898365428907
ETHUSDT,2024-11-03,13,0.84581267699996365
ETHUSDT,2024-11-04,26,1.5224188907474974
ETHUSDT,2024-11-05,34,1.3206881192105926
ETHUSDT,2024-11-06,22,2.1615563325718803
ETHUSDT,2024-11-07,38,1.3214829590759449
ETHUSDT,2024-11-08,40,2.2918363095045131
ETHUSDT,2024-11-09,20,2.4685005061767993
ETHUSDT,2024-11-10,8,1.3991714989934536
ETHUSDT,2024-11-11,18,2.5316040769143573
ETHUSDT,2024-11-12,40,2.2616777800862069
ETHUSDT,2024-11-13,31,2.0129974147725265
ETHUSDT,2024-11-14,31,2.3208831923698523
ETHUSDT,2024-11-15,29,2.7889182311251064
ETHUSDT,2024-11-16,13,2.0958443616138696
ETHUSDT,2024-11-17,14,2.8183932622847196
ETHUSDT,2024-11-18,32,1.909270047672837
ETHUSDT,2024-11-19,39,1.5683460887507703
ETHUSDT,2024-11-20,36,1.3155739343757364
ETHUSDT,2024-11-21,32,2.4946045132918222
ETHUSDT,2024-11-22,20,1.5786598182087528
ETHUSDT,2024-11-23,8,2.361648844612898
ETHUSDT,2024-11-24,11,2.30644385412067
ETHUSDT,2024-11-25,30,2.2082414001074278
ETHUSDT,2024-11-26,33,1.4707872096352241
ETHUSDT,2024-11-27,19,1.6693437658071089
ETHUSDT,2024-11-28,30,2.0518223567731639
ETHUSDT,2024-11-29,25,1.9607911435413654
ETHUSDT,2024-11-30,13,2.1031470959594252
ETHUSDT,2024-12-01,8,1.329790718251932
ETHUSDT,2024-12-02,26,1.6433298865540782
ETHUSDT,2024-12-03,32,1.1761426506358075
ETHUSDT,2024-12-04,30,2.1211726630068686
ETHUSDT,2024-12-05,23,3.0208347359278873
ETHUSDT,2024-12-06,22,1.6503722816279116
ETHUSDT,2024-12-07,13,1.7344321189414167
ETHUSDT,2024-12-08,18,1.81673946815978
ETHUSDT,2024-12-09,23,3.178121455705254
ETHUSDT,2024-12-10,34,3.1440898731958162
ETHUSDT,2024-12-11,34,2.5310582456356228
ETHUSDT,2024-12-12,26,2.3365790658166348
ETHUSDT,2024-12-13,36,1.2077276021550041
ETHUSDT,2024-12-14,23,2.2177949092800748
ETHUSDT,2024-12-15,11,2.76915667481451
ETHUSDT,2024-12-16,43,1.1455980946847828
ETHUSDT,2024-12-17,41,1.5106681444170214
ETHUSDT,2024-12-18,43,2.3847420573808757
ETHUSDT,2024-12-19,17,1.6807763850058925
ETHUSDT,2024-12-20,25,1.8700261050901061
ETHUSDT,2024-12-21,11,1.0687953390162563
ETHUSDT,2024-12-22,18,1.160932914136023
ETHUSDT,2024-12-23,26,2.0927504872078306
ETHUSDT,2024-12-24,23,2.2061291899733844
ETHUSDT,2024-12-25,13,2.4488585051273919
ETHUSDT,2024-12-26,22,2.1419468916949769
ETHUSDT,2024-12-27,33,1.8371803160330238
ETHUSDT,2024-12-28,18,1.6287379458379638
ETHUSDT,2024-12-29,13,1.8894533474297048
ETHUSDT,2024-12-30,19,2.2456524966687321
ETHUSDT,2024-12-31,24,2.8137331299266615
ETHUSDT,2025-01-01,23,1.7115001328630575
ETHUSDT,2025-01-02,18,2.2960284843458538
ETHUSDT,2025-01-03,16,0.20592343769600879
ETHUSDT,2025-01-04,15,2.0662875996198919
ETHUSDT,2025-01-05,15,1.5553274248213542
ETHUSDT,2025-01-06,12,1.9068908445322137
ETHUSDT,2025-01-07,20,1.534769752199729
ETHUSDT,2025-01-08,39,1.865536147208009
ETHUSDT,2025-01-09,31,2.18791649826234
ETHUSDT,2025-01-10,22,1.7955008398848924
ETHUSDT,2025-01-11,14,1.141480752291181
ETHUSDT,2025-01-12,9,1.9964916048550183
ETHUSDT,2025-01-13,16,1.7720005352208266
ETHUSDT,2025-01-14,22,2.8705072266780114
ETHUSDT,2025-01-15,24,2.9774539297667268
ETHUSDT,2025-01-16,27,3.4034775951063732
ETHUSDT,2025-01-17,23,2.4778017291180228
ETHUSDT,2025-01-18,13,3.1387656313463537
ETHUSDT,2025-01-19,10,1.4872440478669453
ETHUSDT,2025-01-20,33,1.5998489399306055
ETHUSDT,2025-01-21,35,0.60854117684953646
ETHUSDT,2025-01-22,32,0.13489468515973568
ETHUSDT,2025-01-23,26,1.8055082377385976
ETHUSDT,2025-01-24,21,1.7338485683504814
ETHUSDT,2025-01-25,17,0.6850875437761903
ETHUSDT,2025-01-26,8,0.74978523112559414
ETHUSDT,2025-01-27,24,2.401810153728861
ETHUSDT,2025-01-28,16,2.3964309949777025
ETHUSDT,2025-01-29,16,1.8199454137893212
ETHUSDT,2025-01-30,16,1.310506600846578
ETHUSDT,2025-01-31,22,2.350291688991498
ETHUSDT,2025-02-01,14,1.7857614310868934
ETHUSDT,2025-02-02,10,3.1882218299888367
ETHUSDT,2025-02-03,24,0.075668366797538911
ETHUSDT,2025-02-04,32,0.58416333326751246
ETHUSDT,2025-02-05,30,0.37459610352952727
ETHUSDT,2025-02-06,31,-0.074874249324238973
ETHUSDT,2025-02-07,34,0.4357676538176059
ETHUSDT,2025-02-08,18,1.8623009702975415
ETHUSDT,2025-02-09,11,1.3898908129602863
ETHUSDT,2025-02-10,20,0.44902169948721377
ETHUSDT,2025-02-11,30,0.90661546856173536
ETHUSDT,2025-02-12,24,0.97668704114105642
ETHUSDT,2025-02-13,24,1.5671609685468475
ETHUSDT,2025-02-14,24,0.85158428983688617
ETHUSDT,2025-02-15,12,1.86869992760028
ETHUSDT,2025-02-16,8,0.77767069017458368
ETHUSDT,2025-02-17,13,0.99088315376705993
ETHUSDT,2025-02-18,18,0.86675585372982222
ETHUSDT,2025-02-19,23,2.0221169832412151
ETHUSDT,2025-02-20,22,0.877836128600052
ETHUSDT,2025-02-21,19,0.6021213026126746
ETHUSDT,2025-02-22,24,-0.81915478290646526
ETHUSDT,2025-02-23,12,-0.70910282106420031
ETHUSDT,2025-02-24,17,-0.83721981759608188
ETHUSDT,2025-02-25,33,-1.3139324637045433
ETHUSDT,2025-02-26,38,0.57772469219513678
ETHUSDT,2025-02-27,29,0.19763202858509077
ETHUSDT,2025-02-28,43,-0.95196488419724046
ETHUSDT,2025-03-01,20,2.0101050323456433
ETHUSDT,2025-03-02,21,1.0504461386244939
ETHUSDT,2025-03-03,30,1.5938113437545816
ETHUSDT,2025-03-04,30,0.481476679657166
ETHUSDT,2025-03-05,32,-0.41415203404254652
ETHUSDT,2025-03-06,23,0.43051426427083161
ETHUSDT,2025-03-07,17,0.28798586716525038
ETHUSDT,2025-03-08,10,0.95730685016501
ETHUSDT,2025-03-09,7,2.8947173151425241
ETHUSDT,2025-03-10,26,0.62725178007873683
ETHUSDT,2025-03-11,17,0.52743276229653391
ETHUSDT,2025-03-12,24,1.9761127698373966
ETHUSDT,2025-03-13,26,0.45988366957344645
ETHUSDT,2025-03-14,23,0.5836994707337827
ETHUSDT,2025-03-15,14,0.71366106630497717
ETHUSDT,2025-03-16,9,1.6362023712670941
ETHUSDT,2025-03-17,26,0.37775471218857953
ETHUSDT,2025-03-18,37,0.730029769450397
ETHUSDT,2025-03-19,18,1.4463768536268429
ETHUSDT,2025-03-20,29,0.24179260876717562
ETHUSDT,2025-03-21,21,0.38504499704734108
ETHUSDT,2025-03-22,31,1.1809613006950577
ETHUSDT,2025-03-23,7,-0.170603084824846
ETHUSDT,2025-03-24,11,2.4703675377753154
ETHUSDT,2025-03-25,28,1.596564958602978
ETHUSDT,2025-03-26,23,0.77262282143536432
ETHUSDT,2025-03-27,22,2.4484156555535135
ETHUSDT,2025-03-28,28,1.9044598889341526
ETHUSDT,2025-03-29,14,0.20433987378403493
ETHUSDT,2025-03-30,22,0.14488231792519921
ETHUSDT,2025-03-31,21,1.4625411642354016
ETHUSDT,2025-04-01,19,0.350857006706189
ETHUSDT,2025-04-02,14,3.0270632873353773
ETHUSDT,2025-04-03,19,1.1068635146116443
ETHUSDT,2025-04-04,19,0.11812987586495949
ETHUSDT,2025-04-05,5,0.69458437558146136
ETHUSDT,2025-04-06,5,1.8412460844376748
ETHUSDT,2025-04-07,16,-0.85969108870044553
ETHUSDT,2025-04-08,20,0.29351696500915453
ETHUSDT,2025-04-09,27,-0.2760908899661732
ETHUSDT,2025-04-10,15,0.518835295798192
ETHUSDT,2025-04-11,38,-0.349737180926071
ETHUSDT,2025-04-12,23,-0.5595358155040987
ETHUSDT,2025-04-13,8,-0.34638741494387931
ETHUSDT,2025-04-14,16,1.3678651277813505
ETHUSDT,2025-04-15,25,1.415562830480344
ETHUSDT,2025-04-16,25,1.2198068205422632
ETHUSDT,2025-04-17,18,-0.7355364081703516
ETHUSDT,2025-04-18,18,0.21109288133900289
ETHUSDT,2025-04-19,14,1.2768073332992627
ETHUSDT,2025-04-20,13,0.26020318653962687
ETHUSDT,2025-04-21,20,0.16359515336572622
ETHUSDT,2025-04-22,28,-0.039547509112573292
ETHUSDT,2025-04-23,20,0.9058855488856441
ETHUSDT,2025-04-24,18,3.0248489172170707
ETHUSDT,2025-04-25,13,1.5779350444617133
ETHUSDT,2025-04-26,7,2.3323264031157969
ETHUSDT,2025-04-27,8,-0.24601396412171539
ETHUSDT,2025-04-28,14,0.054617090006428892
ETHUSDT,2025-04-29,27,1.4156217201896757
ETHUSDT,2025-04-30,22,0.27060038855761503
ETHUSDT,2025-05-01,12,0.23201205509075717
ETHUSDT,2025-05-02,24,0.3387942307546733
ETHUSDT,2025-05-03,5,0.52956727059513686
ETHUSDT,2025-05-04,8,0.866149070960368
ETHUSDT,2025-05-05,24,0.95320137869323773
ETHUSDT,2025-05-06,17,0.30680467313272852
ETHUSDT,2025-05-07,19,1.6254177221591397
ETHUSDT,2025-05-08,34,1.5814652662284947
ETHUSDT,2025-05-09,26,1.1859200257133715
ETHUSDT,2025-05-10,27,0.6068616464231229
ETHUSDT,2025-05-11,14,0.34287550798862088
ETHUSDT,2025-05-12,21,0.813197486048649
ETHUSDT,2025-05-13,26,0.68491044686868274
ETHUSDT,2025-05-14,33,1.5470746639137651
ETHUSDT,2025-05-15,24,1.8465249102084296
ETHUSDT,2025-05-16,21,0.52950202694171489
ETHUSDT,2025-05-17,10,0.58414080299376259
ETHUSDT,2025-05-18,11,-0.16497710704512572
ETHUSDT,2025-05-19,23,0.25385435837537684
ETHUSDT,2025-05-20,15,1.7723259954005848
ETHUSDT,2025-05-21,23,0.97482177398131975
ETHUSDT,2025-05-22,25,1.6291148744340913
ETHUSDT,2025-05-23,12,1.3531851004672255
ETHUSDT,2025-05-24,12,1.2298578718607107
ETHUSDT,2025-05-25,14,0.12617196641604272
ETHUSDT,2025-05-26,15,2.0855111574215077
ETHUSDT,2025-05-27,23,0.96407905435686947
ETHUSDT,2025-05-28,26,1.4815174143758376
ETHUSDT,2025-05-29,20,1.4688194216402808
ETHUSDT,2025-05-30,20,0.72850101314394511
ETHUSDT,2025-05-31,13,-0.080063768561172588
ETHUSDT,2025-06-01,10,0.65147694769239939
ETHUSDT,2025-06-02,24,-0.10551868899592859
ETHUSDT,2025-06-03,18,1.5260432477239665
ETHUSDT,2025-06-04,18,1.4476989498900195
ETHUSDT,2025-06-05,23,-0.15557492408737336
ETHUSDT,2025-06-06,12,-0.12824124941396986
ETHUSDT,2025-06-07,16,1.419673626878228
ETHUSDT,2025-06-08,12,-0.48391290468553561
ETHUSDT,2025-06-09,14,1.041030438450389
ETHUSDT,2025-06-10,31,1.4462018951386448
ETHUSDT,2025-06-11,25,1.9432210816977402
ETHUSDT,2025-06-12,24,1.6081550439152064
ETHUSDT,2025-06-13,29,-0.0874675204540113
ETHUSDT,2025-06-14,14,0.32827548864511458
ETHUSDT,2025-07-02,44,0.87292274250999735
ETHUSDT,2025-07-03,25,1.5255987819469428
ETHUSDT,2025-07-04,29,1.2732603776733653
ETHUSDT,2025-07-05,14,0.15721472328692515
ETHUSDT,2025-07-06,11,-0.018817372731728829
ETHUSDT,2025-07-07,26,0.73610517335527348
ETHUSDT,2025-07-08,28,0.64565546600388313
ETHUSDT,2025-07-09,35,1.6807282071929892
ETHUSDT,2025-07-10,26,1.6460481404093932
ETHUSDT,2025-07-11,49,0.82986912049454931
ETHUSDT,2025-07-12,18,1.3769485462301738
ETHUSDT,2025-07-13,18,1.0666043602737458
ETHUSDT,2025-07-14,33,0.7516960637238066
ETHUSDT,2025-07-15,31,0.6995718673053819
ETHUSDT,2025-07-16,36,1.5447579127522602
ETHUSDT,2025-07-17,36,1.1123859355253609
ETHUSDT,2025-07-18,40,1.0603843528138879
ETHUSDT,2025-07-19,13,1.8628706718420525
ETHUSDT,2025-07-20,24,1.4703238536593095
ETHUSDT,2025-07-21,33,0.61927757054115162
ETHUSDT,2025-07-22,28,1.3954971406979353
ETHUSDT,2025-07-23,29,1.3518345854979552
ETHUSDT,2025-07-24,27,1.2834673142401813
ETHUSDT,2025-07-25,48,1.369607665769329
ETHUSDT,2025-07-26,23,1.3439156981755065
ETHUSDT,2025-07-27,11,1.6442055353651968
ETHUSDT,2025-07-28,19,1.1880571991804314
ETHUSDT,2025-07-29,33,1.1025615761007834
ETHUSDT,2025-07-30,34,1.5662608163967751
ETHUSDT,2025-07-31,43,1.5194744888661258
ETHUSDT,2025-08-01,30,1.2017107663974609
ETHUSDT,2025-08-02,16,-0.0050086170978695943
ETHUSDT,2025-08-03,16,1.5316217902361595
ETHUSDT,2025-08-04,21,1.4449132498850337
ETHUSDT,2025-08-05,36,0.65430914500237991
ETHUSDT,2025-08-06,39,-0.079409582613800517
ETHUSDT,2025-08-07,33,-0.067346949720326843
ETHUSDT,2025-08-08,39,1.6293220534149526
ETHUSDT,2025-08-09,21,1.8569744399951436
ETHUSDT,2025-08-10,17,1.5707061287332675
ETHUSDT,2025-08-11,26,0.53942931327945509
ETHUSDT,2025-08-12,37,1.0373201171766411
ETHUSDT,2025-08-13,51,0.49387378688549305
ETHUSDT,2025-08-14,49,0.68912564927472231
ETHUSDT,2025-08-15,31,0.84530237708673739
ETHUSDT,2025-08-16,12,-0.14534768489118433
ETHUSDT,2025-08-17,12,0.85600930211343185
ETHUSDT,2025-08-18,29,0.41373574813086744
ETHUSDT,2025-08-19,29,0.93106052871415679
ETHUSDT,2025-08-20,33,0.32759112862403622
ETHUSDT,2025-08-21,23,0.63847483235048141
ETHUSDT,2025-08-22,29,0.66866430516477493
ETHUSDT,2025-08-23,12,0.68212704327002216
ETHUSDT,2025-08-24,18,0.8026194247041416
ETHUSDT,2025-08-25,45,0.011313391341197396
ETHUSDT,2025-08-26,37,-0.094102770002005939
ETHUSDT,2025-08-27,34,0.81554766274228918
ETHUSDT,2025-08-28,46,0.87319847541347906
ETHUSDT,2025-08-29,40,1.4156792792160962
ETHUSDT,2025-08-30,21,0.47778036265541635
ETHUSDT,2025-08-31,19,1.0102122686439245
ETHUSDT,2025-09-01,33,1.0208874402173154
ETHUSDT,2025-09-02,33,1.1085418952280377
ETHUSDT,2025-09-03,46,1.1457589078427894
ETHUSDT,2025-09-04,55,0.37621513323472189
ETHUSDT,2025-09-05,35,0.53020227344117576
ETHUSDT,2025-09-06,16,0.76762039473855548
ETHUSDT,2025-09-07,6,-0.047651119459627828
ETHUSDT,2025-09-08,35,0.99478516683552654
ETHUSDT,2025-09-09,29,0.87821576503794885
ETHUSDT,2025-09-10,17,0.91131856103515219
ETHUSDT,2025-09-11,35,0.54543148927799034
ETHUSDT,2025-09-12,21,0.83246032970973283
ETHUSDT,2025-09-13,13,0.722916121670835
ETHUSDT,2025-09-14,12,1.0384665782538154
ETHUSDT,2025-09-15,32,1.2127685778593222
ETHUSDT,2025-09-16,39,1.1449160257973332
ETHUSDT,2025-09-17,32,0.75343892888755415
ETHUSDT,2025-09-18,26,1.1415316821598507
ETHUSDT,2025-09-19,21,1.2784612203773829
ETHUSDT,2025-09-20,16,0.57172302509113238
ETHUSDT,2025-09-21,14,1.7926925575987465
ETHUSDT,2025-09-22,31,0.23738845432434924
ETHUSDT,2025-09-23,27,0.82664360148809513
ETHUSDT,2025-09-24,24,0.90684716899434359
ETHUSDT,2025-09-25,29,1.4479370386285089
ETHUSDT,2025-09-26,34,0.63447262526130643
ETHUSDT,2025-09-27,16,0.823141759759195
ETHUSDT,2025-09-28,16,0.38117446688444534
ETHUSDT,2025-09-29,30,1.0049585471795075
ETHUSDT,2025-09-30,24,1.4034535465121531
ETHUSDT,2025-10-01,17,0.534497505978059
ETHUSDT,2025-10-02,29,2.5352649039152468
ETHUSDT,2025-10-03,29,1.3877828990868855
ETHUSDT,2025-10-04,13,0.24180401385955558
ETHUSDT,2025-10-05,20,1.1715384797317132
ETHUSDT,2025-10-06,37,2.4451493071275991
ETHUSDT,2025-10-07,34,0.87449559164177271
ETHUSDT,2025-10-08,31,1.3140546291755821
ETHUSDT,2025-10-09,29,0.83863287966196465
ETHUSDT,2025-10-10,27,-0.31685802277198011
ETHUSDT,2025-10-11,14,-0.13903283318182524
ETHUSDT,2025-10-12,15,0.11110804709097177
ETHUSDT,2025-10-13,38,0.13527492505096361
ETHUSDT,2025-10-14,43,1.7726324673721932
ETHUSDT,2025-10-15,24,0.657561517837492
ETHUSDT,2025-10-16,29,-0.6731973658746907
ETHUSDT,2025-10-17,34,0.10119537851062013
ETHUSDT,2025-10-18,19,0.88946049178404163
ETHUSDT,2025-10-19,14,0.0804904148654978
ETHUSDT,2025-10-20,19,0.39271430962932263
ETHUSDT,2025-10-21,27,1.2549068514317638
ETHUSDT,2025-10-22,20,0.49629736619090936
ETHUSDT,2025-10-23,22,2.6207987630919121
ETHUSDT,2025-10-24,25,1.34343736074153
ETHUSDT,2025-10-25,36,1.040152798729409
ETHUSDT,2025-10-26,11,0.8595628119152281
ETHUSDT,2025-10-27,20,1.1953979877026644
ETHUSDT,2025-10-28,33,1.6282210381661586
ETHUSDT,2025-10-29,31,1.4882590199685628
ETHUSDT,2025-10-30,27,0.97716862365158264
ETHUSDT,2025-10-31,29,-0.123573206162645
ETHUSDT,2025-11-01,22,-0.51591242844688867
ETHUSDT,2025-11-02,21,1.1929075314984632
ETHUSDT,2025-11-03,21,-0.4862235783108253
ETHUSDT,2025-11-04,27,-0.9088352481956451
ETHUSDT,2025-11-05,59,0.78978024122481227
ETHUSDT,2025-11-06,25,-0.18902836425088299
ETHUSDT,2025-11-07,20,-0.11306559173786405
ETHUSDT,2025-11-08,15,-0.76008396306402859
ETHUSDT,2025-11-09,19,0.2728059760882493
ETHUSDT,2025-11-10,30,-0.12089148038200365
ETHUSDT,2025-11-11,22,1.3445536066057846
ETHUSDT,2025-11-12,20,0.26779583975830878
ETHUSDT,2025-11-13,37,-0.11013054999529093
ETHUSDT,2025-11-14,38,-0.39685922022588849
ETHUSDT,2025-11-15,14,0.78382677102440057
ETHUSDT,2025-11-16,20,-0.17387088750971585
ETHUSDT,2025-11-17,28,-0.4969937810974101
ETHUSDT,2025-11-18,34,0.3388898609227517
ETHUSDT,2025-11-19,42,-0.65333465723978013
ETHUSDT,2025-11-20,48,0.89548331786298274
ETHUSDT,2025-11-21,48,-0.60849855046080725
ETHUSDT,2025-11-22,12,-0.98440802397491423
ETHUSDT,2025-11-23,13,-0.74315409947319333
ETHUSDT,2025-11-24,18,-0.32122066484502221
ETHUSDT,2025-11-25,26,-1.6704750118486675
ETHUSDT,2025-11-26,26,0.29327080712218528
ETHUSDT,2025-11-27,34,-0.29322617088535285
ETHUSDT,2025-11-28,24,1.0056779810749643
ETHUSDT,2025-11-29,25,0.68359684947012045
ETHUSDT,2025-11-30,15,-0.87074557642883621
ETHUSDT,2025-12-01,45,-1.6004651554799274
ETHUSDT,2025-12-02,28,-0.62959844512705221
ETHUSDT,2025-12-03,38,-0.19969066558481496
ETHUSDT,2025-12-04,27,1.0129926709719643
ETHUSDT,2025-12-05,23,-0.46011082871633069
ETHUSDT,2025-12-06,13,-1.0531855358272428
ETHUSDT,2025-12-07,19,0.71133408350667338
ETHUSDT,2025-12-08,36,0.759963854905052
ETHUSDT,2025-12-09,33,1.2812366980243588
ETHUSDT,2025-12-10,29,0.35710073064261916
ETHUSDT,2025-12-11,33,1.4168907671307776
ETHUSDT,2025-12-12,23,-0.89028781815838975
ETHUSDT,2025-12-13,18,0.38428291828571653
ETHUSDT,2025-12-14,11,0.1129458408458987
ETHUSDT,2025-12-15,33,-0.30678025822281946
ETHUSDT,2025-12-16,30,-0.044508701383254815
ETHUSDT,2025-12-17,17,-0.56948845464986886
ETHUSDT,2025-12-18,29,-0.84394093574055473
ETHUSDT,2025-12-19,37,0.11927072280834609
ETHUSDT,2025-12-20,25,0.10311038171090003
ETHUSDT,2025-12-21,18,-0.82637512663666679
ETHUSDT,2025-12-22,19,-0.28127678773782466
ETHUSDT,2025-12-23,25,-0.032321589973766079
ETHUSDT,2025-12-24,24,-0.4974779996557579
ETHUSDT,2025-12-25,22,-2.308716609120566
ETHUSDT,2025-12-26,23,-1.7815487303597077
ETHUSDT,2025-12-27,25,0.030769927305527384
ETHUSDT,2025-12-28,19,-1.0428213675276119
ETHUSDT,2025-12-29,30,-0.3911165256414
ETHUSDT,2025-12-30,15,0.73956690897216992
ETHUSDT,2025-12-31,25,-0.551423760158329
ETHUSDT,2026-01-01,15,0.23045433683581229
ETHUSDT,2026-01-02,27,-0.88627174740687475
ETHUSDT,2026-01-03,19,-0.62188722500262217
ETHUSDT,2026-01-04,27,0.33859707111163195
ETHUSDT,2026-01-05,47,-0.20140660985327971
ETHUSDT,2026-01-06,29,-0.36937224118504552
ETHUSDT,2026-01-07,27,1.2058344971481691
ETHUSDT,2026-01-08,36,0.26650582574116943
ETHUSDT,2026-01-09,33,-0.48791386286105215
ETHUSDT,2026-01-10,8,-0.54304082291656641
ETHUSDT,2026-01-11,17,0.58506899619615138
ETHUSDT,2026-01-12,27,0.0077697539996670062
ETHUSDT,2026-01-13,33,-0.25215834113966362
ETHUSDT,2026-01-14,35,0.850395340251741
ETHUSDT,2026-01-15,31,0.71992243149606006
ETHUSDT,2026-01-16,25,0.82918735118510367
ETHUSDT,2026-01-17,13,0.11567577818656916
ETHUSDT,2026-01-18,15,-0.032418540196193592
ETHUSDT,2026-01-19,26,-0.84251539501269623
ETHUSDT,2026-01-20,32,-0.10539079566613187
ETHUSDT,2026-01-21,23,-0.65878028314128367
ETHUSDT,2026-01-22,18,-0.891954622677141
ETHUSDT,2026-01-23,24,-0.074707211859242062
ETHUSDT,2026-01-24,23,0.78147311325427715
ETHUSDT,2026-01-25,20,-0.73169509023235957
ETHUSDT,2026-01-26,29,0.625440730161231
ETHUSDT,2026-01-27,29,0.23581669996450386
ETHUSDT,2026-01-28,38,0.13641065561085741
ETHUSDT,2026-01-29,29,1.021236156248291
ETHUSDT,2026-01-30,31,-0.14290530377730687
ETHUSDT,2026-01-31,21,-0.77298507592790777
ETHUSDT,2026-02-01,85,-1.1124809117921381
ETHUSDT,2026-02-02,38,-1.6256658411350842
ETHUSDT,2026-02-03,29,-0.69584192627230634
ETHUSDT,2026-02-04,26,-0.25921468824850635
ETHUSDT,2026-02-05,70,-1.1354163992410287
ETHUSDT,2026-02-06,39,-0.50952762037456656
ETHUSDT,2026-02-07,9,1.0205142329374706
ETHUSDT,2026-02-08,15,0.13622058520399308
ETHUSDT,2026-02-09,23,-0.814514052654081
ETHUSDT,2026-02-10,24,0.65336673596737693
ETHUSDT,2026-02-11,34,-0.11155895997882143
ETHUSDT,2026-02-12,32,-0.006926731995524682
ETHUSDT,2026-02-13,18,-0.16546912322671875
ETHUSDT,2026-02-14,14,-0.033024964420759473
ETHUSDT,2026-02-15,14,-0.79114622080787655
ETHUSDT,2026-02-16,30,-1.203046594269483
ETHUSDT,2026-02-17,47,0.88452421683126148
ETHUSDT,2026-02-18,18,-0.40012802762490313
ETHUSDT,2026-02-19,24,0.25990492605704441
ETHUSDT,2026-02-20,24,-0.38229714905753659
ETHUSDT,2026-02-21,10,0.42451574227138961
ETHUSDT,2026-02-22,12,-1.2915159870308219
ETHUSDT,2026-02-23,24,-1.1778172952972183
ETHUSDT,2026-02-24,27,-0.467204305334944
ETHUSDT,2026-02-25,31,0.69598534659102185
ETHUSDT,2026-02-26,35,0.32805490221427946
ETHUSDT,2026-02-27,18,0.20381502991159436
ETHUSDT,2026-02-28,14,-1.0703528561815148
ETHUSDT,2026-03-01,17,0.26481429478149487
ETHUSDT,2026-03-02,28,0.50545347004299823
ETHUSDT,2026-03-03,25,-0.59603222065975536
ETHUSDT,2026-03-04,20,0.37172775958138948
ETHUSDT,2026-03-05,21,0.0010249326805808878
ETHUSDT,2026-03-06,23,-3.6117312632272003
ETHUSDT,2026-03-07,11,-1.0988630985878789
ETHUSDT,2026-03-08,10,-0.0638309673947699
ETHUSDT,2026-03-09,13,-0.35974553301880685
ETHUSDT,2026-03-10,23,-0.5104404247636013
ETHUSDT,2026-03-11,27,-0.23024753986484373
ETHUSDT,2026-03-12,23,0.41392850501229561
ETHUSDT,2026-03-13,30,1.070207977618483
ETHUSDT,2026-03-14,22,1.2299130021420004
ETHUSDT,2026-03-15,19,1.8098630456271516
ETHUSDT,2026-03-16,40,0.52597095000083438
ETHUSDT,2026-03-17,27,0.6184909605828548
ETHUSDT,2026-03-18,28,-0.39187447458616687
ETHUSDT,2026-03-19,30,0.13103943313855498
ETHUSDT,2026-03-20,28,0.27698339848506143
ETHUSDT,2026-03-21,22,1.0475596386279793
ETHUSDT,2026-03-22,20,-0.14830437176023237
ETHUSDT,2026-03-23,27,0.56221889745942433
ETHUSDT,2026-03-24,21,0.039681948227134944
ETHUSDT,2026-03-25,24,0.52886973836063023
ETHUSDT,2026-03-26,28,-0.15040497650680718
ETHUSDT,2026-03-27,23,0.32678753382520132
ETHUSDT,2026-03-28,11,0.45731529455527781
ETHUSDT,2026-03-29,10,0.27733008935076026
ETHUSDT,2026-03-30,34,0.96081700545800186
ETHUSDT,2026-03-31,36,-0.39841519054896524
ETHUSDT,2026-04-01,35,-0.30644131172297423
ETHUSDT,2026-04-02,33,-0.42795906149291518
ETHUSDT,2026-04-03,21,-0.027604774444161567
ETHUSDT,2026-04-04,14,0.59435427677047625
ETHUSDT,2026-04-05,7,-0.31219310453933069
ETHUSDT,2026-04-06,29,-0.26138811001818307
ETHUSDT,2026-04-07,25,-0.50291833350926063
ETHUSDT,2026-04-08,25,0.49807818788733932
ETHUSDT,2026-04-09,21,-0.53797612259801153
ETHUSDT,2026-04-10,30,-0.21073717559969754
ETHUSDT,2026-04-11,8,-0.67747829690648287
ETHUSDT,2026-04-12,8,0.39455885138490765
ETHUSDT,2026-04-13,13,0.096291116949098116
ETHUSDT,2026-04-14,32,-0.16871443641499803
ETHUSDT,2026-04-15,27,0.46794442988025242
ETHUSDT,2026-04-16,9,-0.43963397518761654
ETHUSDT,2026-04-17,20,-0.2608193628176535
ETHUSDT,2026-04-18,14,-0.012626717693637879
ETHUSDT,2026-04-19,10,-1.0420975915223394
ETHUSDT,2026-04-20,19,0.85032246783421683
ETHUSDT,2026-04-21,36,-0.095744460611099647
ETHUSDT,2026-04-22,30,-0.31100212920229586
ETHUSDT,2026-04-23,19,-0.74276840758294593
ETHUSDT,2026-04-24,21,-0.41544041862089581
ETHUSDT,2026-04-25,9,-0.66857427332530817
ETHUSDT,2026-04-26,11,-0.84624283893880192
ETHUSDT,2026-04-27,16,-0.37471657090361044
ETHUSDT,2026-04-28,21,-0.38439188496880372
ETHUSDT,2026-04-29,15,-1.0232497694148865
ETHUSDT,2026-04-30,11,-0.30667165566676352
ETHUSDT,2026-05-01,6,-0.034952874352917183
ETHUSDT,2026-05-02,10,-0.068513909653924177
ETHUSDT,2026-05-03,7,-0.54754769213583843
ETHUSDT,2026-05-04,12,-0.25259484111352287
ETHUSDT,2026-05-05,12,0.38562790289424981
ETHUSDT,2026-05-06,15,0.69648411399502275
ETHUSDT,2026-05-07,13,-1.5834421393061606
ETHUSDT,2026-05-08,15,-0.97158563382938534
ETHUSDT,2026-05-09,9,-0.7949262718605381
ETHUSDT,2026-05-10,9,-0.80447195980544106
ETHUSDT,2026-05-11,14,0.034462079566357384
ETHUSDT,2026-05-12,23,0.082419170620318824
ETHUSDT,2026-05-13,26,-0.69649434511172337
ETHUSDT,2026-05-14,17,0.020972105674331561
ETHUSDT,2026-05-15,18,-1.137608305383353
ETHUSDT,2026-05-16,18,1.0252367199426693
ETHUSDT,2026-05-17,16,0.47642419471936837
ETHUSDT,2026-05-18,22,-1.1768622399762945
ETHUSDT,2026-05-19,29,-0.78142766735703229
ETHUSDT,2026-05-20,18,0.47811346199925692
ETHUSDT,2026-05-21,19,-0.884752310616366
ETHUSDT,2026-05-22,20,-0.6349821405500774
ETHUSDT,2026-05-23,4,-1.0375458911818332
ETHUSDT,2026-05-24,12,-0.292086823202913
ETHUSDT,2026-05-25,12,-0.45848027283420911
ETHUSDT,2026-05-26,21,0.075576348598063031
ETHUSDT,2026-05-27,14,-0.30306913195643659
ETHUSDT,2026-05-28,24,-1.1037420885912101
ETHUSDT,2026-05-29,15,-1.2749955798911119
ETHUSDT,2026-05-30,17,0.48257899433519
ETHUSDT,2026-05-31,6,-2.0150782164566943
ETHUSDT,2026-06-01,22,-0.536709629562986
ETHUSDT,2026-06-02,14,0.5462931980791077
ETHUSDT,2026-06-03,21,-1.3931997047974856
ETHUSDT,2026-06-04,18,-1.7457292136705971
ETHUSDT,2026-06-05,29,1.087978420472367
ETHUSDT,2026-06-06,9,-0.4456435890706103
ETHUSDT,2026-06-07,11,-1.11446170453185
ETHUSDT,2026-06-08,17,-0.26532756281047409
ETHUSDT,2026-06-09,13,0.39351095553440052
ETHUSDT,2026-06-10,14,-0.81678702324668362
ETHUSDT,2026-06-11,16,-1.27190338418173
ETHUSDT,2026-06-12,18,0.052176684944767425
ETHUSDT,2026-06-13,11,0.30874653934661478
ETHUSDT,2026-06-14,10,-1.3141381076425618
ETHUSDT,2026-06-15,18,-0.541755316909185
ETHUSDT,2026-06-16,13,0.794474478664296
ETHUSDT,2026-06-17,14,-0.51129400380985313
ETHUSDT,2026-06-18,18,-0.28700993893505089
ETHUSDT,2026-06-19,9,-0.66420017631837247
ETHUSDT,2026-06-20,6,0.118699570171485
ETHUSDT,2026-06-21,13,-0.66435286502493507
ETHUSDT,2026-06-22,27,0.36202833120878364
ETHUSDT,2026-06-23,31,-0.865941697564877
ETHUSDT,2026-06-24,22,-0.90785067312593581
ETHUSDT,2026-06-25,32,0.43945847389775838
ETHUSDT,2026-06-26,20,-0.61577906400839078
ETHUSDT,2026-06-27,17,-0.026759061890180645
ETHUSDT,2026-06-28,8,-1.1816920440478054
ETHUSDT,2026-06-29,21,0.14009261618963462
ETHUSDT,2026-06-30,23,-1.2210337600774646
ETHUSDT,2026-07-01,31,-0.87636419170039259
ETHUSDT,2026-07-02,21,-0.36221576718512161
ETHUSDT,2026-07-03,24,-0.13800010437356763
ETHUSDT,2026-07-04,9,-0.241260930607959
ETHUSDT,2026-07-05,18,-0.69552604161227016
ETHUSDT,2026-07-06,21,0.34825942578930469
ETHUSDT,2026-07-07,27,-0.88766447744902732
ETHUSDT,2026-07-08,19,-1.1002475330165433
ETHUSDT,2026-07-09,14,-0.7932212382396745
ETHUSDT,2026-07-10,24,-0.61260007485913048
ETHUSDT,2026-07-11,13,-0.269048322136912
ETHUSDT,2026-07-12,11,-0.92819779876070363
ETHUSDT,2026-07-13,19,-0.47112580991558889
ETHUSDT,2026-07-14,18,-0.058740261009374933
ETHUSDT,2026-07-15,29,0.14131162057333796
ETHUSDT,2026-07-16,22,-0.52219557751769652
ETHUSDT,2026-07-17,18,-1.3059213514911638
ETHUSDT,2026-07-18,8,-1.3096328682289013
ETHUSDT,2026-07-19,18,0.11861065179707278
ETHUSDT,2026-07-20,22,0.045305278765449958
ETHUSDT,2026-07-21,21,-0.709351522588994
ETHUSDT,2026-07-22,25,-0.7386529828234748
ETHUSDT,2026-07-23,20,-1.0426778004510642
SOLUSDT,2017-01-01,5,0.10415523640340463
SOLUSDT,2017-01-02,9,-1.2246028293021702
SOLUSDT,2017-01-03,6,1.6591954872552037
SOLUSDT,2017-01-04,8,0.62841288221181013
SOLUSDT,2017-01-05,8,-1.7725038482421949
SOLUSDT,2017-01-06,42,-4.6446331294111038
SOLUSDT,2017-01-07,45,-6.6113932395395967
SOLUSDT,2017-01-08,8,0.055055713428693587
SOLUSDT,2017-01-09,4,1.5023117266480039
SOLUSDT,2017-01-10,9,-0.5044664258609336
SOLUSDT,2017-01-11,13,1.118856433537337
SOLUSDT,2017-01-12,4,-1.0423855456448792
SOLUSDT,2017-01-13,64,2.3745601096090732
SOLUSDT,2017-01-14,14,0.62909673048236781
SOLUSDT,2017-01-15,6,-1.8941027316258443
SOLUSDT,2017-01-16,9,1.9032903780271071
SOLUSDT,2017-01-17,6,4.18322920832911
SOLUSDT,2017-01-18,7,0.37713114617560251
SOLUSDT,2017-01-19,14,0.48382673635864692
SOLUSDT,2017-01-20,16,1.2762665192321467
SOLUSDT,2017-01-21,5,-0.39352255992101237
SOLUSDT,2017-01-22,4,-1.3537411840915825
SOLUSDT,2017-01-23,10,0.95614378260205546
SOLUSDT,2017-01-24,25,1.8416794823626517
SOLUSDT,2017-01-25,52,3.8513475555774339
SOLUSDT,2017-01-26,31,0.46645082223160306
SOLUSDT,2017-01-27,16,1.1762064237914356
SOLUSDT,2017-01-28,4,0.74280648331952026
SOLUSDT,2017-01-29,4,0.88793830949265051
SOLUSDT,2017-01-30,2,1.37825421133231
SOLUSDT,2017-01-31,7,0.60750892578497151
SOLUSDT,2017-02-01,9,-0.036696109856337755
SOLUSDT,2017-02-02,15,-0.24506390211386384
SOLUSDT,2017-02-03,14,-0.35062639586472893
SOLUSDT,2017-02-04,8,-4.6646175949947484
SOLUSDT,2017-02-05,4,0.14999512529312253
SOLUSDT,2017-02-06,8,1.2810090395782643
SOLUSDT,2017-02-07,8,-2.2410595620663862
SOLUSDT,2017-02-08,12,0.87786109631162834
SOLUSDT,2017-02-09,8,0.85984627931953972
SOLUSDT,2017-02-10,5,3.5031170242310066
SOLUSDT,2017-02-11,4,1.0947105224209381
SOLUSDT,2017-02-12,6,0.59647613989326775
SOLUSDT,2017-02-13,8,-2.3757198874887751
SOLUSDT,2017-02-14,6,2.1477009158841898
SOLUSDT,2017-02-15,14,-0.3772771596947237
SOLUSDT,2017-02-16,7,0.54886548978990379
SOLUSDT,2017-02-17,11,-0.94436456860243834
SOLUSDT,2017-02-18,6,-3.6878280083200163
SOLUSDT,2017-02-19,14,-0.13769971730507352
SOLUSDT,2017-02-20,43,2.8226124081904378
SOLUSDT,2017-02-21,12,-0.9709797645582694
SOLUSDT,2017-02-22,17,0.302754074838962
SOLUSDT,2017-02-23,37,-0.16147255749885325
SOLUSDT,2017-02-24,12,0.2358232554595493
SOLUSDT,2017-02-25,8,-1.9566181197145762
SOLUSDT,2017-02-26,11,0.3446921583322059
SOLUSDT,2017-02-27,15,-1.6690554893755432
SOLUSDT,2017-02-28,16,1.4907835281107715
SOLUSDT,2017-03-01,18,0.57794382300202529
SOLUSDT,2017-03-02,12,-0.81389454940385819
SOLUSDT,2017-03-03,8,1.8806740276410272
SOLUSDT,2017-03-04,5,1.690429133167743
SOLUSDT,2017-03-05,6,0.24778961661631538
SOLUSDT,2017-03-06,8,0.67410108524062706
SOLUSDT,2017-03-07,16,1.4699983564077004
SOLUSDT,2017-03-08,12,0.93341520025180713
SOLUSDT,2017-03-09,14,-1.6421670855161183
SOLUSDT,2017-03-10,13,0.67971665408282389
SOLUSDT,2017-03-11,7,0.48787325078599242
SOLUSDT,2017-03-12,9,0.47742179508098037
SOLUSDT,2017-03-13,8,1.4140452351226471
SOLUSDT,2017-03-14,5,-0.053892149711909143
SOLUSDT,2017-03-15,19,-0.71620979377526661
SOLUSDT,2017-03-16,16,-5.2086119686196248
SOLUSDT,2017-03-17,11,-2.8435228263273933
SOLUSDT,2017-03-18,7,0.20589997769556939
SOLUSDT,2017-03-19,8,0.45707141371221444
SOLUSDT,2017-03-20,6,0.39430672939346262
SOLUSDT,2017-03-21,15,1.4311458346651564
SOLUSDT,2017-03-22,7,0.546364278954944
SOLUSDT,2017-03-23,7,-0.2229163593439013
SOLUSDT,2017-03-24,18,0.58215548610657775
SOLUSDT,2017-03-25,13,-0.667481894194689
SOLUSDT,2017-03-26,12,0.0797489928326397
SOLUSDT,2017-03-27,6,1.8005777000171375
SOLUSDT,2017-03-28,4,0.78816249938161254
SOLUSDT,2017-03-29,13,0.42608754708574204
SOLUSDT,2017-03-30,10,1.255180017435749
SOLUSDT,2017-03-31,10,2.3806188484629436
SOLUSDT,2017-04-01,11,0.29899736728592108
SOLUSDT,2017-04-02,8,1.422741329852121
SOLUSDT,2017-04-03,10,0.029784624635123991
SOLUSDT,2017-04-04,5,0.5153064195351843
SOLUSDT,2017-04-05,15,0.47014204638260626
SOLUSDT,2017-04-06,15,0.54108121069470316
SOLUSDT,2017-04-07,8,2.2431373495756564
SOLUSDT,2017-04-08,5,-0.47312058209234509
SOLUSDT,2017-04-09,10,-0.055780930044461566
SOLUSDT,2017-04-10,2,3.2480340172647848
SOLUSDT,2017-04-11,12,-0.30741249466593135
SOLUSDT,2017-04-12,6,0.38711643140123153
SOLUSDT,2017-04-13,11,0.23459972989285338
SOLUSDT,2017-04-14,10,-0.25232335451337939
SOLUSDT,2017-04-15,8,-0.67166081144378142
SOLUSDT,2017-04-16,7,0.7944045332260854
SOLUSDT,2017-04-17,8,0.56182832465903565
SOLUSDT,2017-04-18,17,-0.0803181756110985
SOLUSDT,2017-04-19,14,0.85725213254718957
SOLUSDT,2017-04-20,13,0.960902611882127
SOLUSDT,2017-04-21,12,0.78560354463520432
SOLUSDT,2017-04-22,4,-1.0835868974334433
SOLUSDT,2017-04-23,10,-1.0086359376322591
SOLUSDT,2017-04-24,5,-0.39999464560938158
SOLUSDT,2017-04-25,11,-0.0058587236829570483
SOLUSDT,2017-04-26,15,-0.092521230888501282
SOLUSDT,2017-04-27,14,-0.70544243372711168
SOLUSDT,2017-04-28,15,-1.0143603927437121
SOLUSDT,2017-04-29,2,2.8115614376712097
SOLUSDT,2017-04-30,9,1.4161263433465698
SOLUSDT,2017-05-01,8,0.31885146866555036
SOLUSDT,2017-05-02,18,-2.8101730208021567
SOLUSDT,2017-05-03,27,-3.5421989599047476
SOLUSDT,2017-05-04,68,-4.874137089495779
SOLUSDT,2017-05-05,52,-4.25548203926516
SOLUSDT,2017-05-06,20,-3.4305678609035897
SOLUSDT,2017-05-07,4,-0.26005299634895007
SOLUSDT,2017-05-08,13,-0.441992331225765
SOLUSDT,2017-05-09,10,-2.9500368949262357
SOLUSDT,2017-05-10,20,-0.2802241547355383
SOLUSDT,2017-05-11,29,-1.6159243703013746
SOLUSDT,2017-05-12,10,-1.9604556732437548
SOLUSDT,2017-05-13,8,-0.12449252981154141
SOLUSDT,2017-05-14,5,-0.3552172756252599
SOLUSDT,2017-05-15,12,-0.45697647530098717
SOLUSDT,2017-05-16,36,-4.616637644827188
SOLUSDT,2017-05-17,19,-2.7393121829240146
SOLUSDT,2017-05-18,12,-1.0126055470593571
SOLUSDT,2017-05-19,13,-0.96659762003095839
SOLUSDT,2017-05-20,12,3.7961635716878339
SOLUSDT,2017-05-21,14,1.3040629748214074
SOLUSDT,2017-05-22,7,0.050575060857163234
SOLUSDT,2017-05-23,7,0.072782346618150584
SOLUSDT,2017-05-24,19,-1.1995634391009637
SOLUSDT,2017-05-25,18,1.7006619116265567
SOLUSDT,2017-05-26,9,-0.29983789957827
SOLUSDT,2017-05-27,9,1.0033010731353147
SOLUSDT,2017-05-28,4,0.15675438547660259
SOLUSDT,2017-05-29,12,-1.1469244477614264
SOLUSDT,2017-05-30,10,1.8038583836987585
SOLUSDT,2017-05-31,18,-1.6197420027769525
SOLUSDT,2017-06-01,15,-0.28257853938633315
SOLUSDT,2017-06-02,8,-1.1846480667214143
SOLUSDT,2017-06-03,5,0.22300103312391073
SOLUSDT,2017-06-04,8,-0.33605146456286072
SOLUSDT,2017-06-05,3,-1.36583028870263
SOLUSDT,2017-06-06,4,-2.5066003329119577
SOLUSDT,2017-06-07,17,0.790096183565001
SOLUSDT,2017-06-08,17,1.4125749166519985
SOLUSDT,2017-06-09,24,1.1413082604754905
SOLUSDT,2017-06-10,11,0.33400556982310026
SOLUSDT,2017-06-11,4,-1.9433747821369793
SOLUSDT,2017-06-12,3,1.8893378865899133
SOLUSDT,2017-06-13,14,-0.15765662060178742
SOLUSDT,2017-06-14,11,0.53309539496278369
SOLUSDT,2017-06-15,12,1.1417231807119492
SOLUSDT,2017-06-16,4,0.53952044429254764
SOLUSDT,2017-06-17,8,-1.3002594350266414
SOLUSDT,2017-06-18,8,-0.28123367544375089
SOLUSDT,2017-06-19,10,-2.5692656011050525
SOLUSDT,2017-06-20,16,0.09299919703501211
SOLUSDT,2017-06-21,15,-0.45455762953251139
SOLUSDT,2017-06-22,28,-1.3832832232758181
SOLUSDT,2017-06-23,15,-1.6847984610038675
SOLUSDT,2017-06-24,47,-1.4375821563233955
SOLUSDT,2017-06-25,8,-1.1202197027130916
SOLUSDT,2017-06-26,9,1.7020361690289709
SOLUSDT,2017-06-27,20,-0.39331709033108997
SOLUSDT,2017-06-28,5,1.5349226072283062
SOLUSDT,2017-06-29,12,1.9221421294588785
SOLUSDT,2017-06-30,17,0.26064729327277808
SOLUSDT,2017-07-01,8,0.7865604052188494
SOLUSDT,2017-07-02,14,1.1758668368881331
SOLUSDT,2017-07-03,11,0.23581008276157689
SOLUSDT,2017-07-04,12,0.059501507920542068
SOLUSDT,2017-07-05,13,0.92529495822490426
SOLUSDT,2017-07-06,8,0.74939007264568758
SOLUSDT,2017-07-07,17,-0.33389024059373384
SOLUSDT,2017-07-08,5,-2.8460704478439869
SOLUSDT,2017-07-09,9,-2.0229250017825517
SOLUSDT,2017-07-10,11,0.13072821062264342
SOLUSDT,2017-07-11,10,1.0185019516140223
SOLUSDT,2017-07-12,19,0.46504027121316471
SOLUSDT,2017-07-13,8,-2.5393782552963993
SOLUSDT,2017-07-14,35,-1.7159117658665806
SOLUSDT,2017-07-15,5,-0.33000334939052806
SOLUSDT,2017-07-16,6,-0.6302193508784677
SOLUSDT,2017-07-17,9,2.1926626958826625
SOLUSDT,2017-07-18,7,0.72741901084692018
SOLUSDT,2017-07-19,6,1.6073862417088081
SOLUSDT,2017-07-20,13,-2.7810363166410923
SOLUSDT,2017-07-21,8,-0.83482183908069
SOLUSDT,2017-07-22,9,0.632544850556219
SOLUSDT,2017-07-23,33,0.18637552385641992
SOLUSDT,2017-07-24,10,-2.9217713033203392
SOLUSDT,2017-07-25,9,-1.9511754098580574
SOLUSDT,2017-07-26,6,-0.38462200091663012
SOLUSDT,2017-07-27,10,0.31407706478698516
SOLUSDT,2017-07-28,13,2.1207040207019916
SOLUSDT,2017-07-29,3,1.4503743783133825
SOLUSDT,2017-07-30,1,-0.596852957135106
SOLUSDT,2017-07-31,95,1.527603925361003
SOLUSDT,2017-08-01,10,0.18507883740914827
SOLUSDT,2017-08-02,9,0.13554888945085294
SOLUSDT,2017-08-03,9,0.79001221885063089
SOLUSDT,2017-08-04,17,-4.6803904651475134
SOLUSDT,2017-08-05,6,-1.1738291343016147
SOLUSDT,2017-08-06,5,-0.20026226146023302
SOLUSDT,2017-08-07,9,-2.3291266468819209
SOLUSDT,2017-08-08,6,-0.10437900454336407
SOLUSDT,2017-08-09,6,0.059512067359579895
SOLUSDT,2017-08-10,13,-0.53676045619254908
SOLUSDT,2017-08-11,6,0.96739197680631783
SOLUSDT,2017-08-12,4,-1.6852799360805046
SOLUSDT,2017-08-13,33,-0.61835916682852421
SOLUSDT,2017-08-14,8,0.68689610008485413
SOLUSDT,2017-08-15,10,3.2407911108287419
SOLUSDT,2017-08-16,9,-0.51363365137828287
SOLUSDT,2017-08-17,6,1.2646036926054167
SOLUSDT,2017-08-18,18,1.0201201875597614
SOLUSDT,2017-08-19,7,0.57148334588496064
SOLUSDT,2017-08-20,3,0.72392500623590594
SOLUSDT,2017-08-21,9,0.5007492039838719
SOLUSDT,2017-08-22,6,-0.29285132153781057
SOLUSDT,2017-08-23,168,1.9366281196497155
SOLUSDT,2017-08-24,13,0.5890863908258348
SOLUSDT,2017-08-25,10,-0.46703253085683305
SOLUSDT,2017-08-26,52,-3.3599513099005844
SOLUSDT,2017-08-27,24,-1.8805553899231551
SOLUSDT,2017-08-28,20,-0.69981438858499945
SOLUSDT,2017-08-30,15,-0.45407075195378355
SOLUSDT,2017-08-31,19,-0.44385875846657447
SOLUSDT,2017-09-01,18,-2.5758974773687409
SOLUSDT,2017-09-02,14,-1.1760749613855572
SOLUSDT,2017-09-03,8,-1.2458441733129426
SOLUSDT,2017-09-04,11,-2.6351301222192864
SOLUSDT,2017-09-05,33,-1.167071844468113
SOLUSDT,2017-09-06,22,-2.1686210678923517
SOLUSDT,2017-09-07,8,0.054237968227922304
SOLUSDT,2017-09-08,11,-0.36894575683381559
SOLUSDT,2017-09-09,5,0.577793162370192
SOLUSDT,2017-09-10,12,-0.67357046649370833
SOLUSDT,2017-09-11,5,-0.80982684408970518
SOLUSDT,2017-09-12,9,-0.83098265806565808
SOLUSDT,2017-09-13,12,-1.4272416069643823
SOLUSDT,2017-09-14,19,-0.34295320768808479
SOLUSDT,2017-09-15,20,0.31948796696796045
SOLUSDT,2017-09-16,9,0.60569821632837406
SOLUSDT,2017-09-17,4,-0.25596684264016434
SOLUSDT,2017-09-18,6,-0.66621475007852693
SOLUSDT,2017-09-19,8,-0.41230973542553673
SOLUSDT,2017-09-20,9,-1.4440391949248852
SOLUSDT,2017-09-21,14,-0.40050053706612143
SOLUSDT,2017-09-22,17,0.38866560703139907
SOLUSDT,2017-09-23,8,-1.1632681261102586
SOLUSDT,2017-09-24,10,0.596072085182593
SOLUSDT,2017-09-25,8,-1.2239388214948694
SOLUSDT,2017-09-26,8,0.061747604941891208
SOLUSDT,2017-09-27,10,1.197202292661032
SOLUSDT,2017-09-28,25,-0.93099929209475463
SOLUSDT,2017-09-29,17,3.1703802064040589
SOLUSDT,2017-09-30,6,1.6203093986950317
SOLUSDT,2017-10-01,7,-0.14712375153982138
SOLUSDT,2017-10-02,4,0.627551154769183
SOLUSDT,2017-10-03,5,0.37648656892292576
SOLUSDT,2017-10-04,5,-0.45289264096254989
SOLUSDT,2017-10-05,16,2.0186045405868192
SOLUSDT,2017-10-06,14,-0.81960979412225865
SOLUSDT,2017-10-07,7,0.15212161078725295
SOLUSDT,2017-10-08,12,0.68973924484722082
SOLUSDT,2017-10-09,24,0.14567882369476781
SOLUSDT,2017-10-10,7,1.0663495686589926
SOLUSDT,2017-10-11,15,-2.4751264092147944
SOLUSDT,2017-10-12,26,-0.94419005386933152
SOLUSDT,2017-10-13,11,-0.95989612344019637
SOLUSDT,2017-10-14,1,4.82315112540193
SOLUSDT,2017-10-15,4,-0.13448846621394334
SOLUSDT,2017-10-16,7,-1.1444891430260804
SOLUSDT,2017-10-17,11,0.15337241287352898
SOLUSDT,2017-10-18,52,-2.9395866969127766
SOLUSDT,2017-10-19,14,-1.8655917952992485
SOLUSDT,2017-10-20,40,-1.5456916879979621
SOLUSDT,2017-10-21,14,-1.7254572831553805
SOLUSDT,2017-10-22,13,-1.4212387438786329
SOLUSDT,2017-10-23,23,0.45296754101449488
SOLUSDT,2017-10-24,19,0.89210782037955039
SOLUSDT,2017-10-25,24,-1.5302754933126983
SOLUSDT,2017-10-26,31,-0.33504180047369153
SOLUSDT,2017-10-27,6,0.92256492011437519
SOLUSDT,2017-10-28,10,0.19352282977454013
SOLUSDT,2017-10-29,5,-0.6257353069383349
SOLUSDT,2017-10-30,10,-0.684116068329532
SOLUSDT,2017-10-31,9,0.039229412490189408
SOLUSDT,2017-11-01,21,-1.5685508231152481
SOLUSDT,2017-11-02,21,0.59041655002077365
SOLUSDT,2017-11-03,28,-2.9358164012436219
SOLUSDT,2017-11-04,6,1.5097234225591665
SOLUSDT,2017-11-05,7,-0.81908501533025579
SOLUSDT,2017-11-06,5,2.630444129838506
SOLUSDT,2017-11-07,12,-1.5872955511603926
SOLUSDT,2017-11-08,29,-4.9486273587456022
SOLUSDT,2017-11-09,20,-2.337778059819835
SOLUSDT,2017-11-10,20,-2.582237918768945
SOLUSDT,2017-11-11,7,-2.6344000431485584
SOLUSDT,2017-11-12,5,0.1070655858581292
SOLUSDT,2017-11-13,5,2.1643750238775818
SOLUSDT,2017-11-14,17,-2.1269394728021722
SOLUSDT,2017-11-15,34,-1.594495703129817
SOLUSDT,2017-11-16,24,-0.45636733482863567
SOLUSDT,2017-11-17,12,-0.77665881903130551
SOLUSDT,2017-11-18,8,1.4382131665847564
SOLUSDT,2017-11-19,6,1.4447234223847985
SOLUSDT,2017-11-20,8,-1.501821209789729
SOLUSDT,2017-11-21,12,1.2461237849147864
SOLUSDT,2017-11-22,14,1.1410818132377309
SOLUSDT,2017-11-23,29,-0.5230483396132537
SOLUSDT,2017-11-24,8,-1.0224514051520723
SOLUSDT,2017-11-25,19,-3.1869895432431505
SOLUSDT,2017-11-26,15,-3.9305052004973433
SOLUSDT,2017-11-27,34,-3.14332213830329
SOLUSDT,2017-11-28,21,-1.5623694376504673
SOLUSDT,2017-11-29,9,0.43329402017528279
SOLUSDT,2017-11-30,16,0.4045854483898555
SOLUSDT,2017-12-01,38,-1.5530970149592997
SOLUSDT,2017-12-02,7,-1.9805540812642248
SOLUSDT,2017-12-03,9,-0.88980432179531133
SOLUSDT,2017-12-04,7,1.54719022542906
SOLUSDT,2017-12-05,8,1.8472917291705659
SOLUSDT,2017-12-06,7,-0.74527612299373525
SOLUSDT,2017-12-07,12,0.37035710994852467
SOLUSDT,2017-12-08,18,-3.103560034389182
SOLUSDT,2017-12-09,8,-1.6530357889855067
SOLUSDT,2017-12-10,6,0.18488658073726993
SOLUSDT,2017-12-11,11,0.34372146229265577
SOLUSDT,2017-12-12,15,-0.61323314744061563
SOLUSDT,2017-12-13,9,1.1492585331173628
SOLUSDT,2017-12-14,27,0.68702318604310308
SOLUSDT,2017-12-15,13,0.86652049067343251
SOLUSDT,2017-12-16,3,-1.1520482854113554
SOLUSDT,2017-12-17,5,0.42852521119578424
SOLUSDT,2017-12-18,4,0.29489744857283207
SOLUSDT,2017-12-19,13,-3.7069231329997283
SOLUSDT,2017-12-20,51,1.6297351756211356
SOLUSDT,2017-12-21,45,-0.77313198231155622
SOLUSDT,2017-12-22,32,0.15439119264733378
SOLUSDT,2017-12-23,6,-0.41064562541877764
SOLUSDT,2017-12-24,27,-0.52332037169791779
SOLUSDT,2017-12-25,15,-0.31657429939425225
SOLUSDT,2017-12-26,8,0.18738688054185798
SOLUSDT,2017-12-27,9,0.72182036087795309
SOLUSDT,2017-12-28,8,-0.47330709339192406
SOLUSDT,2017-12-29,3,0.52498384435935652
SOLUSDT,2017-12-30,5,0.36730931816544454
SOLUSDT,2017-12-31,3,-1.6945217277818734
SOLUSDT,2018-01-01,5,0.2316372883874401
SOLUSDT,2018-01-02,6,0.542623827473312
SOLUSDT,2018-01-03,12,0.44698332950913822
SOLUSDT,2018-01-04,15,0.3857916860234053
SOLUSDT,2018-01-05,18,1.0341104256288889
SOLUSDT,2018-01-06,3,-0.039626909954010081
SOLUSDT,2018-01-07,3,-1.2946920739081638
SOLUSDT,2018-01-08,7,0.72646152797782393
SOLUSDT,2018-01-09,10,0.56915737465351313
SOLUSDT,2018-01-10,11,-1.4355430777259119
SOLUSDT,2018-01-11,7,1.056333600789537
SOLUSDT,2018-01-12,2,2.1618278448604449
SOLUSDT,2018-01-13,3,1.3111730804386226
SOLUSDT,2018-01-14,6,1.2016184486809076
SOLUSDT,2018-01-15,2,-0.074654721911161
SOLUSDT,2018-01-16,5,-0.026471104936903966
SOLUSDT,2018-01-17,27,1.70733687872145
SOLUSDT,2018-01-18,9,1.6062965813512733
SOLUSDT,2018-01-19,17,0.49493727427807
SOLUSDT,2018-01-20,13,1.0039664573689846
SOLUSDT,2018-01-21,9,-0.23648766874399443
SOLUSDT,2018-01-22,5,-0.50307305498929322
SOLUSDT,2018-01-23,8,-0.11949058165195908
SOLUSDT,2018-01-24,15,0.95140699057411537
SOLUSDT,2018-01-25,8,0.061830593156594921
SOLUSDT,2018-01-26,10,1.778099183462728
SOLUSDT,2018-01-27,4,2.84712251506773
SOLUSDT,2018-01-28,13,1.9722803488287592
SOLUSDT,2018-01-29,15,1.2671611083368337
SOLUSDT,2018-01-30,10,1.8403526896901152
SOLUSDT,2018-01-31,4,-0.051958810456222526
SOLUSDT,2018-02-01,19,1.1992006479414548
SOLUSDT,2018-02-02,12,-1.7085192025884695
SOLUSDT,2018-02-03,5,-0.43555597616553832
SOLUSDT,2018-02-04,4,1.2468189845229576
SOLUSDT,2018-02-05,5,2.3739672088088994
SOLUSDT,2018-02-06,5,0.73112256333757
SOLUSDT,2018-02-07,9,-0.7606857435631057
SOLUSDT,2018-02-08,9,0.013762423073972185
SOLUSDT,2018-02-09,17,-0.44094942407842858
SOLUSDT,2018-02-10,10,-0.89758611107663966
SOLUSDT,2018-02-11,2,1.8821143054302749
SOLUSDT,2018-02-12,11,-2.2840237407231334
SOLUSDT,2018-02-13,9,-1.99611414663404
SOLUSDT,2018-02-14,8,0.77223322394114757
SOLUSDT,2018-02-15,13,-0.78344783530932616
SOLUSDT,2018-02-16,13,-0.7851122741700749
SOLUSDT,2018-02-17,4,1.9439254191349036
SOLUSDT,2018-02-18,11,-1.9073163412403309
SOLUSDT,2018-02-19,12,-2.0565314241081536
SOLUSDT,2018-02-20,20,0.15297144629611445
SOLUSDT,2018-02-21,8,1.2299871790605588
SOLUSDT,2018-02-22,33,0.046615723074876887
SOLUSDT,2018-02-23,20,-3.1974589055187139
SOLUSDT,2018-02-24,17,-1.6735124780695052
SOLUSDT,2018-02-25,3,0.29009371629806213
SOLUSDT,2018-02-26,10,-0.012519198694127598
SOLUSDT,2018-02-27,20,1.001461211212574
SOLUSDT,2018-02-28,15,-0.08669039011046209
SOLUSDT,2018-03-01,15,1.24878748921231
SOLUSDT,2018-03-02,16,-0.6365587975466025
SOLUSDT,2018-03-03,20,-0.24333235340777803
SOLUSDT,2018-03-04,9,1.4915272292706527
SOLUSDT,2018-03-05,9,0.64095693404015286
SOLUSDT,2018-03-06,11,-0.30185113574108408
SOLUSDT,2018-03-07,5,-0.88130026853889
SOLUSDT,2018-03-08,10,-0.17258058649781294
SOLUSDT,2018-03-09,9,0.25562595633425045
SOLUSDT,2018-03-10,9,0.44138481778058869
SOLUSDT,2018-03-11,8,0.53689063529961745
SOLUSDT,2018-03-12,5,-0.76833328699629244
SOLUSDT,2018-03-13,3,1.0609567901234567
SOLUSDT,2018-03-14,19,-0.525087007334736
SOLUSDT,2018-03-15,10,0.03468262204851999
SOLUSDT,2018-03-16,10,0.98377822143233318
SOLUSDT,2018-03-17,4,-0.69792488002562025
SOLUSDT,2018-03-18,3,0.48512794753080657
SOLUSDT,2018-03-19,7,1.87113375728274
SOLUSDT,2018-03-20,15,-0.57047966889507562
SOLUSDT,2018-03-21,13,0.87357574041889952
SOLUSDT,2018-03-22,24,-0.27187556323139633
SOLUSDT,2018-03-23,9,0.49716743034334787
SOLUSDT,2018-03-24,12,0.92874917792893719
SOLUSDT,2018-03-25,8,0.0792144413994263
SOLUSDT,2018-03-26,4,1.76438425607518
SOLUSDT,2018-03-27,4,1.1366073260892209
SOLUSDT,2018-03-28,7,1.0303973964807169
SOLUSDT,2018-03-29,110,-5.4291053752347249
SOLUSDT,2018-03-30,60,-4.9091483973765273
SOLUSDT,2018-03-31,8,-1.7719648577075213
SOLUSDT,2018-04-01,9,-1.1734747654366078
SOLUSDT,2018-04-02,4,-0.33349577346724657
SOLUSDT,2018-04-03,13,1.493444085797637
SOLUSDT,2018-04-04,19,-1.1162408851881567
SOLUSDT,2018-04-05,15,1.1192560188702074
SOLUSDT,2018-04-06,39,-0.42325898030186759
SOLUSDT,2018-04-07,12,-0.27763997748917446
SOLUSDT,2018-04-08,14,0.17232771182047502
SOLUSDT,2018-04-09,9,-2.7192204135776725
SOLUSDT,2018-04-10,8,-0.31021389957759521
SOLUSDT,2018-04-11,15,1.580115727982571
SOLUSDT,2018-04-12,12,0.70339054183319982
SOLUSDT,2018-04-13,8,1.9324635864613224
SOLUSDT,2018-04-14,5,1.2132857360138147
SOLUSDT,2018-04-15,9,-0.39057795237479165
SOLUSDT,2018-04-16,5,0.61301530377859026
SOLUSDT,2018-04-17,6,-0.8634030431958728
SOLUSDT,2018-04-18,26,-0.58966698518881822
SOLUSDT,2018-04-19,13,-0.86574909342830908
SOLUSDT,2018-04-20,4,1.4781714694918955
SOLUSDT,2018-04-21,7,0.51577826778645
SOLUSDT,2018-04-22,7,0.35904478264577755
SOLUSDT,2018-04-23,4,0.13212575483642186
SOLUSDT,2018-04-24,11,-0.32794423641657938
SOLUSDT,2018-04-25,17,0.33883687607685276
SOLUSDT,2018-04-26,12,-0.20934485739728509
SOLUSDT,2018-04-27,14,1.5559875804846457
SOLUSDT,2018-04-28,25,-0.70647697565931722
SOLUSDT,2018-04-29,34,-0.813168909167713
SOLUSDT,2018-04-30,12,-0.1667506047917591
SOLUSDT,2018-05-01,20,1.8955008624497021
SOLUSDT,2018-05-02,13,-1.0482061679237593
SOLUSDT,2018-05-03,15,1.364341648407452
SOLUSDT,2018-05-04,10,0.13303626761532583
SOLUSDT,2018-05-05,1,0.806451612903226
SOLUSDT,2018-05-06,11,-2.2492824865177248
SOLUSDT,2018-05-07,6,1.9097434774219395
SOLUSDT,2018-05-08,11,2.32278058367315
SOLUSDT,2018-05-09,30,0.63517660617559368
SOLUSDT,2018-05-10,18,-0.3263868373608263
SOLUSDT,2018-05-11,21,-1.559385211478699
SOLUSDT,2018-05-12,56,-1.7321287719543186
SOLUSDT,2018-05-13,22,-1.408697567641799
SOLUSDT,2018-05-14,6,-1.6318365378290891
SOLUSDT,2018-05-15,19,-1.8769924132069582
SOLUSDT,2018-05-16,15,-0.66951285861582355
SOLUSDT,2018-05-17,17,-0.92511316829312273
SOLUSDT,2018-05-18,51,-2.3935919693714616
SOLUSDT,2018-05-19,30,-1.540729946111056
SOLUSDT,2018-05-20,12,-1.3233224968875943
SOLUSDT,2018-05-21,7,0.48709894133330867
SOLUSDT,2018-05-22,14,0.88909999449336707
SOLUSDT,2018-05-23,21,-1.2912099331775639
SOLUSDT,2018-05-24,12,-0.068028579652505583
SOLUSDT,2018-05-25,15,-0.58192507170876517
SOLUSDT,2018-05-26,8,-1.7879612029247103
SOLUSDT,2018-05-27,7,-1.075554315130725
SOLUSDT,2018-05-28,21,-1.115219962165878
SOLUSDT,2018-05-29,17,0.44692731715051837
SOLUSDT,2018-05-30,25,-0.91156849441681354
SOLUSDT,2018-05-31,20,-1.6123056447422057
SOLUSDT,2018-06-01,10,-2.8096353423196447
SOLUSDT,2018-06-02,9,-0.20310165650306525
SOLUSDT,2018-06-03,25,-1.4578425532222066
SOLUSDT,2018-06-04,13,-1.1047435857337382
SOLUSDT,2018-06-05,45,0.2540273841970373
SOLUSDT,2018-06-06,297,-0.24005883206837311
SOLUSDT,2018-06-07,16,-1.439577314503504
SOLUSDT,2018-06-08,6,2.5252727568849775
SOLUSDT,2018-06-09,3,1.403765316808796
SOLUSDT,2018-06-10,6,0.78858584655196307
SOLUSDT,2018-06-11,9,-0.41090882887406788
SOLUSDT,2018-06-12,6,-0.56569993096541427
SOLUSDT,2018-06-13,10,0.89090735594341552
SOLUSDT,2018-06-14,13,0.66252776794919821
SOLUSDT,2018-06-15,5,1.2996744391600918
SOLUSDT,2018-06-16,7,-3.1180155961215688
SOLUSDT,2018-06-17,10,0.10131867036846987
SOLUSDT,2018-06-18,23,1.5070994741022874
SOLUSDT,2018-06-19,15,-0.069058991916137832
SOLUSDT,2018-06-20,14,0.56147789209975363
SOLUSDT,2018-06-21,18,-0.70955063380580374
SOLUSDT,2018-06-22,10,1.4990387568531238
SOLUSDT,2018-06-23,7,1.193135576738817
SOLUSDT,2018-06-24,15,-2.3279969398993203
SOLUSDT,2018-06-25,137,-1.4455567450071376
SOLUSDT,2018-06-26,50,-1.2616045430985556
SOLUSDT,2018-06-27,20,-1.7873823892341714
SOLUSDT,2018-06-28,35,-0.7148312635218167
SOLUSDT,2018-06-29,72,-0.92572626300102512
SOLUSDT,2018-06-30,14,-0.59186312239187644
SOLUSDT,2018-07-01,9,1.2611887965786446
SOLUSDT,2018-07-02,12,-0.58727921977775588
SOLUSDT,2018-07-03,11,0.28583056262753703
SOLUSDT,2018-07-04,8,-1.7169659560626775
SOLUSDT,2018-07-05,21,0.12857998698624359
SOLUSDT,2018-07-06,11,0.38474921210818769
SOLUSDT,2018-07-07,6,0.39840967107591796
SOLUSDT,2018-07-08,3,1.803265080810055
SOLUSDT,2018-07-09,5,-1.0914903428984761
SOLUSDT,2018-07-10,6,-0.22709441566800476
SOLUSDT,2018-07-11,11,-0.41146120862563884
SOLUSDT,2018-07-12,13,0.40583096472977442
SOLUSDT,2018-07-13,12,-0.65360127351059893
SOLUSDT,2018-07-14,7,0.18724187122644564
SOLUSDT,2018-07-15,8,1.9849371539072496
SOLUSDT,2018-07-16,15,-1.1799778202833779
SOLUSDT,2018-07-17,20,1.6059226033565639
SOLUSDT,2018-07-18,9,1.4692028965800072
SOLUSDT,2018-07-19,14,0.98203639622002759
SOLUSDT,2018-07-20,8,0.05389405959470453
SOLUSDT,2018-07-21,5,1.046552390719899
SOLUSDT,2018-07-22,1,-1.85013876040703
SOLUSDT,2018-07-23,5,-0.31127597095735027
SOLUSDT,2018-07-24,11,0.019618136198063282
SOLUSDT,2018-07-25,7,0.0190128303854058
SOLUSDT,2018-07-26,9,-0.21345911593136366
SOLUSDT,2018-07-27,10,1.3711109247783722
SOLUSDT,2018-07-28,10,0.484476553659258
SOLUSDT,2018-07-29,7,2.8141985354837913
SOLUSDT,2018-07-30,17,0.98255604672935082
SOLUSDT,2018-07-31,3,0.64321527736161688
SOLUSDT,2018-08-01,11,0.681230086324029
SOLUSDT,2018-08-02,12,0.2822785324872743
SOLUSDT,2018-08-03,4,-1.3078633495616412
SOLUSDT,2018-08-04,9,0.6040824128475536
SOLUSDT,2018-08-05,5,-0.2686351586850132
SOLUSDT,2018-08-06,15,-0.31478814966436824
SOLUSDT,2018-08-07,14,1.2802823339167757
SOLUSDT,2018-08-08,16,2.252426172000948
SOLUSDT,2018-08-09,43,-1.8574450765879571
SOLUSDT,2018-08-10,21,0.42857947573031413
SOLUSDT,2018-08-11,15,1.2563061809718359
SOLUSDT,2018-08-12,3,-0.42651659458158808
SOLUSDT,2018-08-13,16,1.1335715173738219
SOLUSDT,2018-08-14,20,-0.43805170238370655
SOLUSDT,2018-08-15,10,-0.52464865506040681
SOLUSDT,2018-08-16,3,-2.8262513790261368
SOLUSDT,2018-08-17,11,1.507016699558589
SOLUSDT,2018-08-18,3,-1.03833055824843
SOLUSDT,2018-08-19,6,1.5877964457708511
SOLUSDT,2018-08-20,11,-1.8979001966860749
SOLUSDT,2018-08-21,22,1.8744133540386965
SOLUSDT,2018-08-22,16,0.469880061958036
SOLUSDT,2018-08-23,11,-4.4398856733765255
SOLUSDT,2018-08-24,4,1.0561897982468769
SOLUSDT,2018-08-25,2,-3.56715110079465
SOLUSDT,2018-08-26,5,0.855741803147334
SOLUSDT,2018-08-27,8,-0.660170802580076
SOLUSDT,2018-08-28,22,-0.73665135917505176
SOLUSDT,2018-08-29,14,-2.6529088930293003
SOLUSDT,2018-08-30,32,1.2039318430632535
SOLUSDT,2018-08-31,22,1.5786934605816163
SOLUSDT,2018-09-01,16,0.46433861046942054
SOLUSDT,2018-09-02,24,2.033552537005145
SOLUSDT,2018-09-03,5,1.2168372885388312
SOLUSDT,2018-09-04,4,-0.65746022859488085
SOLUSDT,2018-09-05,14,0.4273613801715006
SOLUSDT,2018-09-06,14,0.60226932106825748
SOLUSDT,2018-09-07,6,2.1539983155165121
SOLUSDT,2018-09-08,4,0.1833817277672446
SOLUSDT,2018-09-09,9,1.0421579473268872
SOLUSDT,2018-09-10,8,0.10567531029371391
SOLUSDT,2018-09-11,8,-0.39680998382076277
SOLUSDT,2018-09-12,16,-0.80481789160484529
SOLUSDT,2018-09-13,17,-0.8999103439444609
SOLUSDT,2018-09-14,13,-1.1271976607483045
SOLUSDT,2018-09-15,1,3.51075877689694
SOLUSDT,2018-09-16,3,1.2911111210113648
SOLUSDT,2018-09-17,7,-0.7845583491062853
SOLUSDT,2018-09-18,12,0.21085729691865646
SOLUSDT,2018-09-19,10,0.00384002353082441
SOLUSDT,2018-09-20,11,-1.8567980598370222
SOLUSDT,2018-09-21,7,-0.91542641776407607
SOLUSDT,2018-09-22,12,-0.31933787235558431
SOLUSDT,2018-09-23,11,1.0177208698422715
SOLUSDT,2018-09-24,14,0.26722090029333512
SOLUSDT,2018-09-25,26,0.29244491304285458
SOLUSDT,2018-09-26,7,1.1663836515285615
SOLUSDT,2018-09-27,19,-1.277994556805742
SOLUSDT,2018-09-28,12,0.46841955214308734
SOLUSDT,2018-09-29,12,-1.5180817302070257
SOLUSDT,2018-09-30,7,-1.8768525877486351
SOLUSDT,2018-10-01,24,-0.48835825845984704
SOLUSDT,2018-10-02,8,-0.87007741211483025
SOLUSDT,2018-10-03,11,0.23605828674027124
SOLUSDT,2018-10-04,9,3.4663280854825831
SOLUSDT,2018-10-05,6,-2.8544706939594104
SOLUSDT,2018-10-06,7,1.4386276249630259
SOLUSDT,2018-10-07,5,1.7274152414002035
SOLUSDT,2018-10-08,2,-1.0285168317886426
SOLUSDT,2018-10-09,6,2.5008621260778972
SOLUSDT,2018-10-10,3,-1.4381525129881332
SOLUSDT,2018-10-11,41,0.92339210374059821
SOLUSDT,2018-10-12,10,0.38467737556218751
SOLUSDT,2018-10-13,1,0.0
SOLUSDT,2018-10-14,6,-0.39960223468223016
SOLUSDT,2018-10-15,6,-0.0850520722843866
SOLUSDT,2018-10-16,12,0.564828827835274
SOLUSDT,2018-10-17,10,-0.84710746387275626
SOLUSDT,2018-10-18,7,1.3722078684369952
SOLUSDT,2018-10-19,10,-0.62593650642262988
SOLUSDT,2018-10-20,3,-3.092440332397282
SOLUSDT,2018-10-21,12,-0.057123344672493165
SOLUSDT,2018-10-22,9,-0.36524867659969196
SOLUSDT,2018-10-23,9,-1.3658185167468155
SOLUSDT,2018-10-24,12,2.5938512541658554
SOLUSDT,2018-10-25,15,-0.10793868662367982
SOLUSDT,2018-10-26,7,3.0223650064790344
SOLUSDT,2018-10-27,2,-3.1291532114398146
SOLUSDT,2018-10-28,4,0.9518706640626301
SOLUSDT,2018-10-29,2,1.9687092568448528
SOLUSDT,2018-10-30,10,0.80220007509865576
SOLUSDT,2018-10-31,10,1.3520672043868798
SOLUSDT,2018-11-01,10,1.5144631130379909
SOLUSDT,2018-11-02,3,0.74588565732313361
SOLUSDT,2018-11-03,4,2.9080577202887388
SOLUSDT,2018-11-04,3,0.65157060535141809
SOLUSDT,2018-11-05,6,0.96992361356373646
SOLUSDT,2018-11-06,29,0.75230611238460265
SOLUSDT,2018-11-07,112,-0.232202751962138
SOLUSDT,2018-11-08,21,0.73407911949824223
SOLUSDT,2018-11-09,9,2.1213256482692611
SOLUSDT,2018-11-10,10,-0.55485314939665542
SOLUSDT,2018-11-11,4,1.0558791871259432
SOLUSDT,2018-11-12,9,-0.50033103269639012
SOLUSDT,2018-11-13,17,1.0882011524145849
SOLUSDT,2018-11-14,37,-0.32650981803772966
SOLUSDT,2018-11-15,22,1.1906169996577685
SOLUSDT,2018-11-16,14,0.22295070762060126
SOLUSDT,2018-11-17,10,0.40074988946851281
SOLUSDT,2018-11-18,4,1.2693805861189182
SOLUSDT,2018-11-19,4,1.4526027006528324
SOLUSDT,2018-11-20,6,-2.6733198906148425
SOLUSDT,2018-11-21,6,0.783540307134773
SOLUSDT,2018-11-22,140,-1.0639768241900061
SOLUSDT,2018-11-23,20,-0.26474738366543954
SOLUSDT,2018-11-24,13,-1.0490523472780591
SOLUSDT,2018-11-25,11,1.5176970238444212
SOLUSDT,2018-11-26,20,1.2683065287279007
SOLUSDT,2018-11-27,7,1.9942536076642179
SOLUSDT,2018-11-28,5,3.4289137483808503
SOLUSDT,2018-11-29,28,-0.63842338316040592
SOLUSDT,2018-11-30,14,-2.4706284504481197
SOLUSDT,2018-12-01,8,-0.093341604801522315
SOLUSDT,2018-12-02,6,-0.92150638623580128
SOLUSDT,2018-12-03,4,0.11282150912435002
SOLUSDT,2018-12-04,7,-0.98649563862413481
SOLUSDT,2018-12-05,19,1.2266263454947812
SOLUSDT,2018-12-06,16,2.7737655906964207
SOLUSDT,2018-12-07,17,3.6220401336841075
SOLUSDT,2018-12-08,5,1.286933018908309
SOLUSDT,2018-12-09,6,0.24607623357702696
SOLUSDT,2018-12-10,9,-2.6384546882681246
SOLUSDT,2018-12-11,16,-2.8642396903414595
SOLUSDT,2018-12-12,15,1.9079995528449298
SOLUSDT,2018-12-13,6,0.27315367261183832
SOLUSDT,2018-12-14,6,1.1332322591569068
SOLUSDT,2018-12-15,2,-0.49420633812648007
SOLUSDT,2018-12-16,7,1.0860533715913843
SOLUSDT,2018-12-17,2,1.34315424610052
SOLUSDT,2018-12-18,7,1.7794343544164035
SOLUSDT,2018-12-19,8,3.0286747239015397
SOLUSDT,2018-12-20,17,0.92157670606673259
SOLUSDT,2018-12-21,167,0.912383315221445
SOLUSDT,2018-12-22,13,1.3749499329267532
SOLUSDT,2018-12-23,10,1.4808798939281946
SOLUSDT,2018-12-24,7,-0.57871748404906942
SOLUSDT,2018-12-25,3,-1.26314355165827
SOLUSDT,2018-12-26,1,-0.963391136801542
SOLUSDT,2018-12-27,10,-2.1911507468750355
SOLUSDT,2018-12-28,10,2.0481536839139265
SOLUSDT,2018-12-29,7,0.20376654484831733
SOLUSDT,2018-12-30,7,-0.52988017286027955
SOLUSDT,2018-12-31,3,-0.65648799716063744
SOLUSDT,2019-01-01,3,-2.57601512531454
SOLUSDT,2019-01-02,5,-0.59552026977556471
SOLUSDT,2019-01-03,8,-1.3270786463680042
SOLUSDT,2019-01-04,32,-3.7723678886375733
SOLUSDT,2019-01-05,3,-3.63286678578519
SOLUSDT,2019-01-06,6,-0.29346608169932165
SOLUSDT,2019-01-07,10,-0.65455864859046242
SOLUSDT,2019-01-08,18,-0.828681757034926
SOLUSDT,2019-01-09,13,-1.10173138640871
SOLUSDT,2019-01-10,15,-2.4290528859310232
SOLUSDT,2019-01-11,10,-1.3725240759891049
SOLUSDT,2019-01-12,8,0.81492583421054077
SOLUSDT,2019-01-13,5,1.1696237674595158
SOLUSDT,2019-01-14,24,-7.1937811392387232
SOLUSDT,2019-01-15,10,0.38899035328197007
SOLUSDT,2019-01-16,30,2.586169093106288
SOLUSDT,2019-01-17,17,0.6233044536240927
SOLUSDT,2019-01-18,10,-0.22947899386550019
SOLUSDT,2019-01-19,7,-2.9674414303716588
SOLUSDT,2019-01-20,8,0.94448825282699889
SOLUSDT,2019-01-21,4,-0.55137264994122648
SOLUSDT,2019-01-22,29,3.2161743927895041
SOLUSDT,2019-01-23,16,1.2434591286356804
SOLUSDT,2019-01-24,7,0.28095376503064928
SOLUSDT,2019-01-25,6,3.2214447597819715
SOLUSDT,2019-01-26,3,-1.4839553796978302
SOLUSDT,2019-01-27,6,0.64797675948645617
SOLUSDT,2019-01-28,11,-2.3883795148948548
SOLUSDT,2019-01-29,16,0.17539996172641667
SOLUSDT,2019-01-30,15,0.77448507323799154
SOLUSDT,2019-01-31,10,0.10933083127641169
SOLUSDT,2019-02-01,9,1.4847493242945711
SOLUSDT,2019-02-02,7,-2.9830028855809947
SOLUSDT,2019-02-03,13,-2.4152654645320619
SOLUSDT,2019-02-04,5,0.26221501004781234
SOLUSDT,2019-02-05,13,-0.70271280298196426
SOLUSDT,2019-02-06,11,1.1566789145203291
SOLUSDT,2019-02-07,6,-1.7198996681487091
SOLUSDT,2019-02-08,11,0.44794239092550486
SOLUSDT,2019-02-09,11,1.6851804993044277
SOLUSDT,2019-02-10,12,-2.1924141133515271
SOLUSDT,2019-02-11,6,-0.1391550484052948
SOLUSDT,2019-02-12,7,0.659088097780165
SOLUSDT,2019-02-13,12,0.31228381561574581
SOLUSDT,2019-02-14,14,0.083381819068165774
SOLUSDT,2019-02-15,15,-0.28129903144005741
SOLUSDT,2019-02-16,19,-1.441643865378381
SOLUSDT,2019-02-17,6,-0.57347373762389975
SOLUSDT,2019-02-18,7,0.777515730169333
SOLUSDT,2019-02-19,10,0.843370847505418
SOLUSDT,2019-02-20,11,0.43004294251182096
SOLUSDT,2019-02-21,30,2.3543025023381587
SOLUSDT,2019-02-22,20,1.7064907683220085
SOLUSDT,2019-02-23,9,-0.029271080891853679
SOLUSDT,2019-02-24,10,2.3375238422823514
SOLUSDT,2019-02-25,12,6.1586668580956445
SOLUSDT,2019-02-26,7,2.19343596450907
SOLUSDT,2019-02-27,11,-0.38286871889505281
SOLUSDT,2019-02-28,9,-0.76102041550373434
SOLUSDT,2019-03-01,12,1.8990032820290903
SOLUSDT,2019-03-02,7,-0.33391020989180054
SOLUSDT,2019-03-03,5,0.11420940921261732
SOLUSDT,2019-03-04,4,4.9513568034146473
SOLUSDT,2019-03-05,11,0.17117596232163712
SOLUSDT,2019-03-06,12,0.85794417288840552
SOLUSDT,2019-03-07,5,1.4391557843703924
SOLUSDT,2019-03-08,9,0.4324629244403746
SOLUSDT,2019-03-09,5,0.57057339996291256
SOLUSDT,2019-03-10,5,1.2368599876646482
SOLUSDT,2019-03-11,6,0.68526517459864555
SOLUSDT,2019-03-12,13,1.3579940191204951
SOLUSDT,2019-03-13,13,-0.96896321311708211
SOLUSDT,2019-03-14,8,1.3775866884634103
SOLUSDT,2019-03-15,5,0.691711469946728
SOLUSDT,2019-03-16,4,4.20628892940055
SOLUSDT,2019-03-17,3,-0.10016955161973987
SOLUSDT,2019-03-18,2,3.04259634888438
SOLUSDT,2019-03-19,6,0.75669342678442086
SOLUSDT,2019-03-20,10,0.0065557777715208876
SOLUSDT,2019-03-21,39,-0.31657438083980066
SOLUSDT,2019-03-22,14,0.499663843961838
SOLUSDT,2019-03-23,102,-1.6767178823512261
SOLUSDT,2019-03-24,107,-1.4833866074332172
SOLUSDT,2019-03-25,19,0.025329814379691035
SOLUSDT,2019-03-26,23,1.1948626668970208
SOLUSDT,2019-03-27,8,1.331307865375186
SOLUSDT,2019-03-28,9,-1.0518964780129125
SOLUSDT,2019-03-29,4,3.6415763347426378
SOLUSDT,2019-03-30,2,0.13436309775708954
SOLUSDT,2019-03-31,2,1.54347055220657
SOLUSDT,2019-04-01,7,1.3468008271218546
SOLUSDT,2019-04-02,14,1.1464910085279774
SOLUSDT,2019-04-03,8,0.20869235530631125
SOLUSDT,2019-04-04,9,0.296364911778531
SOLUSDT,2019-04-05,8,-1.4967936441936822
SOLUSDT,2019-04-06,4,-1.3007236046451724
SOLUSDT,2019-04-07,7,0.46066882307391688
SOLUSDT,2019-04-08,6,0.82477906931927836
SOLUSDT,2019-04-09,8,0.84788254626827508
SOLUSDT,2019-04-10,24,0.83120785849219736
SOLUSDT,2019-04-11,8,1.1588097822949845
SOLUSDT,2019-04-12,10,4.476886857880813
SOLUSDT,2019-04-13,10,1.5782863366386906
SOLUSDT,2019-04-14,8,0.18586472582350444
SOLUSDT,2019-04-15,67,-0.18505761386306477
SOLUSDT,2019-04-16,11,0.79854036725487654
SOLUSDT,2019-04-17,17,1.3469659734326178
SOLUSDT,2019-04-18,3,1.564016201991798
SOLUSDT,2019-04-19,10,-0.25293458449026673
SOLUSDT,2019-04-20,7,3.2924978462082173
SOLUSDT,2019-04-21,2,1.2929460678656794
SOLUSDT,2019-04-22,3,1.5218308522906985
SOLUSDT,2019-04-23,8,-0.15578098376011984
SOLUSDT,2019-04-24,7,-0.55586309350935659
SOLUSDT,2019-04-25,30,-2.1772483583606936
SOLUSDT,2019-04-26,8,-2.13011535003515
SOLUSDT,2019-04-27,1,-0.0464900046490002
SOLUSDT,2019-04-28,4,3.87852198244988
SOLUSDT,2019-04-29,6,-0.86947719007613367
SOLUSDT,2019-04-30,5,1.0717659589185979
SOLUSDT,2019-05-01,12,-0.43623682061750113
SOLUSDT,2019-05-02,15,1.1543764611161971
SOLUSDT,2019-05-03,15,0.44524849878533629
SOLUSDT,2019-05-04,8,0.85461702333292455
SOLUSDT,2019-05-05,11,-0.14320432415596224
SOLUSDT,2019-05-06,7,0.23186302561426364
SOLUSDT,2019-05-07,7,1.035995328899542
SOLUSDT,2019-05-08,14,2.2500124422796293
SOLUSDT,2019-05-09,19,-0.85131246543750128
SOLUSDT,2019-05-10,21,-0.57345807299119478
SOLUSDT,2019-05-11,5,1.676968304552978
SOLUSDT,2019-05-12,6,-1.0762827519718916
SOLUSDT,2019-05-13,8,0.92175591155720782
SOLUSDT,2019-05-14,11,-1.7523875196423095
SOLUSDT,2019-05-15,9,1.6913825070308282
SOLUSDT,2019-05-16,19,0.38386416406820206
SOLUSDT,2019-05-17,15,-2.4148792215418844
SOLUSDT,2019-05-18,213,-4.8536995043929085
SOLUSDT,2019-05-19,61,-4.2656755556291177
SOLUSDT,2019-05-20,23,-0.686457350661085
SOLUSDT,2019-05-21,3,-0.47084545376266673
SOLUSDT,2019-05-22,22,3.3311000170595118
SOLUSDT,2019-05-23,16,1.580506185080047
SOLUSDT,2019-05-24,21,-0.053371960052373171
SOLUSDT,2019-05-25,19,-0.20697201852594052
SOLUSDT,2019-05-26,17,-0.085129272261209366
SOLUSDT,2019-05-27,12,-0.1434967089330246
SOLUSDT,2019-05-28,14,-2.7168068074509977
SOLUSDT,2019-05-29,9,-0.69429179609666514
SOLUSDT,2019-05-30,25,2.1173079092719
SOLUSDT,2019-05-31,30,1.8211109482603485
SOLUSDT,2019-06-01,23,1.2352621820392584
SOLUSDT,2019-06-02,7,-1.1086432161245243
SOLUSDT,2019-06-03,64,-2.1301919282747388
SOLUSDT,2019-06-04,9,-0.55853024863656331
SOLUSDT,2019-06-05,12,0.32003891437510434
SOLUSDT,2019-06-06,12,0.79887060949017608
SOLUSDT,2019-06-07,4,1.2288759191516099
SOLUSDT,2019-06-08,8,1.0035678013565188
SOLUSDT,2019-06-09,4,0.52326081037695316
SOLUSDT,2019-06-10,9,0.24398068993843902
SOLUSDT,2019-06-11,5,1.0627769581781541
SOLUSDT,2019-06-12,8,1.2027118704176076
SOLUSDT,2019-06-13,9,-0.89563648280323116
SOLUSDT,2019-06-14,9,0.40268690521475503
SOLUSDT,2019-06-15,1,3.26086956521739
SOLUSDT,2019-06-16,1,1.62162162162162
SOLUSDT,2019-06-17,5,-0.31761621587057937
SOLUSDT,2019-06-18,3,1.0066961638053551
SOLUSDT,2019-06-19,13,0.60864173656676734
SOLUSDT,2019-06-20,17,-0.20218128721357037
SOLUSDT,2019-06-21,9,1.3341676887365965
SOLUSDT,2019-06-22,13,0.77292853467166589
SOLUSDT,2019-06-23,18,0.15975852942431196
SOLUSDT,2019-06-24,3,2.1163907896581167
SOLUSDT,2019-06-25,5,1.9703666913697984
SOLUSDT,2019-06-26,15,1.8771546023167285
SOLUSDT,2019-06-27,8,0.66827689696740533
SOLUSDT,2019-06-28,48,-5.6803457745389849
SOLUSDT,2019-06-29,23,-5.4738100263761984
SOLUSDT,2019-06-30,8,0.77245242777951917
SOLUSDT,2019-07-01,3,0.8071289091229199
SOLUSDT,2019-07-02,3,-0.20305442637759541
SOLUSDT,2019-07-03,16,-0.0721976063707094
SOLUSDT,2019-07-04,8,0.24948216546199023
SOLUSDT,2019-07-05,10,0.83819859439335564
SOLUSDT,2019-07-06,7,-0.098886516601695007
SOLUSDT,2019-07-07,4,-2.3445983713313572
SOLUSDT,2019-07-08,16,1.5995232150998708
SOLUSDT,2019-07-09,6,0.10013606565534661
SOLUSDT,2019-07-10,5,1.7248469714888988
SOLUSDT,2019-07-11,10,-0.13622804804547706
SOLUSDT,2019-07-12,12,0.42315513741766597
SOLUSDT,2019-07-13,2,-0.11000844594594517
SOLUSDT,2019-07-14,3,-1.79210590732287
SOLUSDT,2019-07-15,2,1.94326763676552
SOLUSDT,2019-07-16,6,1.0677434334522546
SOLUSDT,2019-07-17,8,0.9028004976167443
SOLUSDT,2019-07-18,6,0.4532852328510133
SOLUSDT,2019-07-19,21,-3.5464221691064441
SOLUSDT,2019-07-20,14,-2.8715141184508237
SOLUSDT,2019-07-21,7,-1.9227840344224261
SOLUSDT,2019-07-22,7,1.9307442872676894
SOLUSDT,2019-07-23,7,-2.44916648938663
SOLUSDT,2019-07-24,160,-7.3878074092940871
SOLUSDT,2019-07-25,12,-4.3556183084783022
SOLUSDT,2019-07-26,5,-1.0826990205288904
SOLUSDT,2019-07-27,5,-3.561351705096552
SOLUSDT,2019-07-28,10,-0.69425617890485158
SOLUSDT,2019-07-29,5,0.919399398299772
SOLUSDT,2019-07-30,11,0.34149969296697036
SOLUSDT,2019-07-31,12,1.8938488734591041
SOLUSDT,2019-08-01,6,0.019441899844393262
SOLUSDT,2019-08-02,8,0.37748967359454988
SOLUSDT,2019-08-03,2,-1.83263693365125
SOLUSDT,2019-08-05,3,2.1365373338230866
SOLUSDT,2019-08-06,12,0.060123304410379455
SOLUSDT,2019-08-07,10,1.8215289958825971
SOLUSDT,2019-08-08,10,-0.16218833612442216
SOLUSDT,2019-08-09,16,-2.1200051953909269
SOLUSDT,2019-08-10,6,-1.0675651047247416
SOLUSDT,2019-08-11,13,0.1352010467563102
SOLUSDT,2019-08-12,11,0.96921042406140578
SOLUSDT,2019-08-13,5,2.1243219786560936
SOLUSDT,2019-08-14,6,1.4742176737006165
SOLUSDT,2019-08-15,6,0.0815209052147561
SOLUSDT,2019-08-16,14,1.6235500761984203
SOLUSDT,2019-08-17,3,3.08123193876367
SOLUSDT,2019-08-18,3,-0.53585924838389776
SOLUSDT,2019-08-19,12,-1.0044887878877786
SOLUSDT,2019-08-20,10,-1.6299446418183927
SOLUSDT,2019-08-21,7,-0.11842425039817839
SOLUSDT,2019-08-22,4,-0.46958072339614054
SOLUSDT,2019-08-23,16,-0.6782799672817017
SOLUSDT,2019-08-24,8,-2.0035129615229388
SOLUSDT,2019-08-25,3,-5.1640183402478463
SOLUSDT,2019-08-26,2,1.43322150994785
SOLUSDT,2019-08-27,8,1.5701273281403263
SOLUSDT,2019-08-28,16,1.1698053272612421
SOLUSDT,2019-08-29,13,-1.192496659182487
SOLUSDT,2019-08-30,14,-0.32157366756494465
SOLUSDT,2019-08-31,4,0.68911889734408227
SOLUSDT,2019-09-01,3,0.3914874246045299
SOLUSDT,2019-09-02,3,-0.73741224911036474
SOLUSDT,2019-09-03,40,2.5457752209180589
SOLUSDT,2019-09-04,4,1.7407944488435625
SOLUSDT,2019-09-05,6,1.0565135524959635
SOLUSDT,2019-09-06,40,-4.6903928461801261
SOLUSDT,2019-09-07,2,-1.4830289899927749
SOLUSDT,2019-09-08,10,-0.49917166306425542
SOLUSDT,2019-09-09,5,1.7532005749737021
SOLUSDT,2019-09-10,7,-1.543647143962771
SOLUSDT,2019-09-11,10,0.90300262580753321
SOLUSDT,2019-09-12,10,0.45302178928709641
SOLUSDT,2019-09-13,4,-1.1835625787051551
SOLUSDT,2019-09-14,10,1.0298779242533627
SOLUSDT,2019-09-15,6,1.7463180262951745
SOLUSDT,2019-09-16,14,0.77332383739471133
SOLUSDT,2019-09-17,3,-7.07691368139168
SOLUSDT,2019-09-18,7,-1.4695151726309703
SOLUSDT,2019-09-19,16,-0.51843306152221269
SOLUSDT,2019-09-20,9,1.0321181904994545
SOLUSDT,2019-09-21,5,1.2211626518236907
SOLUSDT,2019-09-22,6,0.94669250627846346
SOLUSDT,2019-09-23,1,-3.53460972017673
SOLUSDT,2019-09-24,9,0.14058475040427154
SOLUSDT,2019-09-25,8,0.38012012751353524
SOLUSDT,2019-09-26,4,1.4496750162681225
SOLUSDT,2019-09-27,15,0.35566502823939422
SOLUSDT,2019-09-28,8,0.37813910130446032
SOLUSDT,2019-09-29,6,-1.7183063943315502
SOLUSDT,2019-09-30,11,-1.5525635401786824
SOLUSDT,2019-10-01,16,-0.055280484367524835
SOLUSDT,2019-10-02,17,0.77418096053087115
SOLUSDT,2019-10-03,16,0.86343737855883085
SOLUSDT,2019-10-04,19,-1.784588225277409
SOLUSDT,2019-10-05,4,0.32687016324028728
SOLUSDT,2019-10-06,3,0.73732958101749224
SOLUSDT,2019-10-07,6,2.2444987958361997
SOLUSDT,2019-10-08,7,-0.17307597079961839
SOLUSDT,2019-10-09,28,0.47380485523020083
SOLUSDT,2019-10-10,15,0.57827834127755828
SOLUSDT,2019-10-11,8,-1.3553122871779031
SOLUSDT,2019-10-12,11,0.43574696397098533
SOLUSDT,2019-10-13,5,-1.360157505984354
SOLUSDT,2019-10-14,7,0.79201693499782733
SOLUSDT,2019-10-15,67,1.2914541091752838
SOLUSDT,2019-10-16,7,0.40877840885474026
SOLUSDT,2019-10-17,5,0.7156620115535397
SOLUSDT,2019-10-18,6,1.4619939076859685
SOLUSDT,2019-10-19,4,4.3406667600402074
SOLUSDT,2019-10-20,2,4.5080521460315657
SOLUSDT,2019-10-21,5,1.9540633039640762
SOLUSDT,2019-10-22,5,-0.35628040247839737
SOLUSDT,2019-10-23,6,-2.2088078900367587
SOLUSDT,2019-10-24,6,0.052745928992198841
SOLUSDT,2019-10-25,6,0.74413007509229934
SOLUSDT,2019-10-26,4,3.9011882926865384
SOLUSDT,2019-10-27,9,-0.65303572349855787
SOLUSDT,2019-10-28,14,2.6648277541466507
SOLUSDT,2019-10-29,14,-2.3627826687076228
SOLUSDT,2019-10-30,86,-4.4124857841613752
SOLUSDT,2019-10-31,25,-2.3180634400307865
SOLUSDT,2019-11-01,7,1.0590153728316425
SOLUSDT,2019-11-02,1,4.06976744186047
SOLUSDT,2019-11-03,4,0.3645014026586626
SOLUSDT,2019-11-04,10,0.29750735636301395
SOLUSDT,2019-11-05,11,1.3679866782729382
SOLUSDT,2019-11-06,14,-0.11660574468509835
SOLUSDT,2019-11-07,23,0.92242515129824754
SOLUSDT,2019-11-08,7,-0.85139880567161419
SOLUSDT,2019-11-09,8,0.96913045124205943
SOLUSDT,2019-11-10,5,0.91478265115463964
SOLUSDT,2019-11-11,3,0.032575219142385259
SOLUSDT,2019-11-12,5,-0.044484573510500336
SOLUSDT,2019-11-13,22,-1.0051043109862252
SOLUSDT,2019-11-14,15,-0.70552182693693488
SOLUSDT,2019-11-15,47,-4.1453955732588188
SOLUSDT,2019-11-16,5,-1.7181923507525434
SOLUSDT,2019-11-17,5,1.1567414311010933
SOLUSDT,2019-11-18,10,-3.6253624706677936
SOLUSDT,2019-11-19,15,-0.54602140731756577
SOLUSDT,2019-11-20,10,-0.030213916465747614
SOLUSDT,2019-11-21,13,1.5905774817436056
SOLUSDT,2019-11-22,8,1.7390880878648685
SOLUSDT,2019-11-23,3,0.3444706140902577
SOLUSDT,2019-11-24,4,0.55781193984408961
SOLUSDT,2019-11-25,10,-0.11934256945985683
SOLUSDT,2019-11-26,23,3.05803099522318
SOLUSDT,2019-11-27,10,0.91520003261545135
SOLUSDT,2019-11-28,8,-0.88804247872282038
SOLUSDT,2019-11-29,13,-3.1642226561542639
SOLUSDT,2019-11-30,11,-1.9161799802308173
SOLUSDT,2019-12-01,7,-1.1811905801119087
SOLUSDT,2019-12-02,5,-0.18211796410635225
SOLUSDT,2019-12-03,8,-0.61173292020831627
SOLUSDT,2019-12-04,9,2.5638773041273195
SOLUSDT,2019-12-05,6,0.26466350549820616
SOLUSDT,2019-12-06,7,1.0974499860852278
SOLUSDT,2019-12-07,12,-1.7872722986502958
SOLUSDT,2019-12-08,5,1.16390398963147
SOLUSDT,2019-12-09,4,0.67876297055765744
SOLUSDT,2019-12-10,18,-0.55844902689301346
SOLUSDT,2019-12-11,21,-1.3414655965288731
SOLUSDT,2019-12-12,20,-1.900336873690623
SOLUSDT,2019-12-13,28,-3.3990835096311782
SOLUSDT,2019-12-14,20,-1.0865254241715914
SOLUSDT,2019-12-15,4,-0.063296413094720019
SOLUSDT,2019-12-16,7,-2.1375137348988247
SOLUSDT,2019-12-17,38,-2.6507929011759437
SOLUSDT,2019-12-18,19,-1.2909183525444183
SOLUSDT,2019-12-19,18,0.23421522749196572
SOLUSDT,2019-12-20,36,-1.4852812556892174
SOLUSDT,2019-12-21,4,-1.1521101201296422
SOLUSDT,2019-12-22,1,1.31004366812227
SOLUSDT,2019-12-23,11,-2.3343213605461388
SOLUSDT,2019-12-24,18,-0.52786240161827158
SOLUSDT,2019-12-25,14,-1.0592729087589627
SOLUSDT,2019-12-26,5,0.45008175661358518
SOLUSDT,2019-12-27,5,-3.00941067399273
SOLUSDT,2019-12-28,7,-0.64198771481579486
SOLUSDT,2019-12-29,4,0.75424330892667246
SOLUSDT,2019-12-30,2,1.2468780264029751
SOLUSDT,2019-12-31,9,0.6524535306687842
SOLUSDT,2020-01-01,5,-2.8474318167668882
SOLUSDT,2020-01-02,6,0.5745063057949954
SOLUSDT,2020-01-03,5,0.55561942087911009
SOLUSDT,2020-01-04,1,-8.78661087866109
SOLUSDT,2020-01-05,2,-0.6837137553272129
SOLUSDT,2020-01-06,5,-2.6803015408781117
SOLUSDT,2020-01-07,4,2.3459379250454298
SOLUSDT,2020-01-08,6,-0.49381378681952975
SOLUSDT,2020-01-09,15,-1.0020202216377052
SOLUSDT,2020-01-10,7,0.72678469595341944
SOLUSDT,2020-01-11,4,-1.5373452985863076
SOLUSDT,2020-01-12,7,-0.36047719598967676
SOLUSDT,2020-01-13,5,-0.39892725147880814
SOLUSDT,2020-01-14,8,1.1047939865696237
SOLUSDT,2020-01-15,11,-5.027397846807153
SOLUSDT,2020-01-16,7,-0.38201238601581622
SOLUSDT,2020-01-17,8,-0.11642294250831708
SOLUSDT,2020-01-18,3,0.948267403860563
SOLUSDT,2020-01-19,4,1.1986630903953062
SOLUSDT,2020-01-20,3,1.11930618227482
SOLUSDT,2020-01-21,4,-1.4901590709356651
SOLUSDT,2020-01-22,4,-0.11554602554804605
SOLUSDT,2020-01-23,4,0.72580717379894755
SOLUSDT,2020-01-24,14,-1.8112224149773846
SOLUSDT,2020-01-25,12,-4.3544959920113806
SOLUSDT,2020-01-26,7,0.39118564299560027
SOLUSDT,2020-01-27,2,4.04979782932539
SOLUSDT,2020-01-28,40,1.1828989766780866
SOLUSDT,2020-01-29,4,2.0565567992301275
SOLUSDT,2020-01-30,13,-0.588758716994036
SOLUSDT,2020-01-31,6,1.9766769343633084
SOLUSDT,2020-02-01,5,0.58855019505697126
SOLUSDT,2020-02-02,1,-0.566037735849056
SOLUSDT,2020-02-03,1,0.328947368421053
SOLUSDT,2020-02-04,8,-4.5467131759864632
SOLUSDT,2020-02-05,21,-0.70348009236035
SOLUSDT,2020-02-06,11,-3.2539824657099934
SOLUSDT,2020-02-07,12,0.10606868751812473
SOLUSDT,2020-02-08,2,-0.36589160443538993
SOLUSDT,2020-02-09,4,-0.49578972413312594
SOLUSDT,2020-02-10,6,-0.89922258190961879
SOLUSDT,2020-02-11,9,-2.1954337710756811
SOLUSDT,2020-02-12,6,1.2189807027728043
SOLUSDT,2020-02-13,11,1.954278369156256
SOLUSDT,2020-02-14,7,2.8504038014298088
SOLUSDT,2020-02-15,6,1.8951157445414959
SOLUSDT,2020-02-16,3,1.5280546419032861
SOLUSDT,2020-02-17,3,0.83307712500304865
SOLUSDT,2020-02-18,2,1.1292630285589551
SOLUSDT,2020-02-19,13,0.871185464660094
SOLUSDT,2020-02-20,10,0.523974953361963
SOLUSDT,2020-02-21,23,-0.17368661244831454
SOLUSDT,2020-02-22,5,-0.90491803278688387
SOLUSDT,2020-02-23,6,0.036076759834437366
SOLUSDT,2020-02-24,1,0.277392510402219
SOLUSDT,2020-02-25,23,-1.1392482786596896
SOLUSDT,2020-02-26,10,-0.52608018745931129
SOLUSDT,2020-02-27,26,0.53735513168823867
SOLUSDT,2020-02-28,15,-0.62578330112283886
SOLUSDT,2020-02-29,8,-0.66521273462550479
SOLUSDT,2020-03-01,7,0.82796593049674883
SOLUSDT,2020-03-02,8,-1.200068614662845
SOLUSDT,2020-03-03,13,1.2892264390042434
SOLUSDT,2020-03-04,14,-0.045811358077327141
SOLUSDT,2020-03-05,26,0.13347607890743929
SOLUSDT,2020-03-06,42,-0.46262505290502892
SOLUSDT,2020-03-07,3,-1.7562844964674926
SOLUSDT,2020-03-08,5,0.70893550574727127
SOLUSDT,2020-03-09,9,1.0739982423608294
SOLUSDT,2020-03-10,20,1.6458389817268209
SOLUSDT,2020-03-11,18,-0.41915735191284054
SOLUSDT,2020-03-12,12,-1.8681643137828761
SOLUSDT,2020-03-13,13,-0.88992385617583847
SOLUSDT,2020-03-14,23,-1.6240426663358354
SOLUSDT,2020-03-15,8,-0.83124026544104646
SOLUSDT,2020-03-16,6,-1.0481286358139972
SOLUSDT,2020-03-17,14,-2.54082682410531
SOLUSDT,2020-03-18,12,-2.3792864540028162
SOLUSDT,2020-03-19,4,-2.2194069732417088
SOLUSDT,2020-03-20,6,-2.3317501788797612
SOLUSDT,2020-03-21,5,1.9469325868292833
SOLUSDT,2020-03-22,3,-0.79483212295080663
SOLUSDT,2020-03-23,6,-3.4460606824798035
SOLUSDT,2020-03-24,13,-1.4682832217491868
SOLUSDT,2020-03-25,8,0.014338395715163155
SOLUSDT,2020-03-26,5,-1.0403966514627299
SOLUSDT,2020-03-27,10,-0.486131723156083
SOLUSDT,2020-03-28,5,-1.715108966836254
SOLUSDT,2020-03-29,3,-0.86963415043273007
SOLUSDT,2020-03-30,15,0.18330006026971579
SOLUSDT,2020-03-31,9,-1.1945555004149448
SOLUSDT,2020-04-01,7,0.49100522042164785
SOLUSDT,2020-04-02,8,-1.0489862063169517
SOLUSDT,2020-04-03,15,-1.5878786387649517
SOLUSDT,2020-04-04,4,-2.374667442633855
SOLUSDT,2020-04-05,6,-1.3243819850164678
SOLUSDT,2020-04-06,2,-1.2647175733651328
SOLUSDT,2020-04-07,5,-0.96767709738832863
SOLUSDT,2020-04-08,7,-1.4837552511304075
SOLUSDT,2020-04-09,4,-1.2447892610671523
SOLUSDT,2020-04-10,16,-0.24023448449025975
SOLUSDT,2020-04-11,5,-0.54613815537879806
SOLUSDT,2020-04-12,12,-0.35229485848778119
SOLUSDT,2020-04-13,3,-2.0585869733790667
SOLUSDT,2020-04-14,12,-1.4973448319960772
SOLUSDT,2020-04-15,10,-1.2626060336212868
SOLUSDT,2020-04-16,4,-0.682046528560684
SOLUSDT,2020-04-17,12,-3.2001080573177032
SOLUSDT,2020-04-18,2,1.4513037012034991
SOLUSDT,2020-04-19,2,-6.1765961990177214
SOLUSDT,2020-04-20,7,-3.5010457937050568
SOLUSDT,2020-04-21,6,-1.5187601484141893
SOLUSDT,2020-04-22,13,0.12606381531157784
SOLUSDT,2020-04-23,10,0.031197198839330809
SOLUSDT,2020-04-24,7,0.54151202420283229
SOLUSDT,2020-04-25,15,-0.58677060031358608
SOLUSDT,2020-04-26,9,-1.0775844877945995
SOLUSDT,2020-04-27,17,-0.92843899356938508
SOLUSDT,2020-04-28,17,-0.20960477684185241
SOLUSDT,2020-04-29,14,2.0104287811463881
SOLUSDT,2020-04-30,9,0.35443557350666194
SOLUSDT,2020-05-01,9,-0.52993634016238922
SOLUSDT,2020-05-02,9,-1.0838866679128829
SOLUSDT,2020-05-03,86,-1.8726291670448703
SOLUSDT,2020-05-04,11,-0.78033790186626617
SOLUSDT,2020-05-05,11,-0.90568667299878625
SOLUSDT,2020-05-06,8,1.1397815988563651
SOLUSDT,2020-05-07,10,0.91801008041894172
SOLUSDT,2020-05-08,8,-0.67466667216841281
SOLUSDT,2020-05-09,1,5.01392757660167
SOLUSDT,2020-05-10,7,0.70055955172774442
SOLUSDT,2020-05-11,5,-1.0343767329681999
SOLUSDT,2020-05-12,7,-0.44482884365453479
SOLUSDT,2020-05-13,9,-3.2188775305597481
SOLUSDT,2020-05-14,6,1.7021937651764336
SOLUSDT,2020-05-15,6,0.11692216262700744
SOLUSDT,2020-05-16,1,-0.339443312966734
SOLUSDT,2020-05-17,7,0.37341760301869087
SOLUSDT,2020-05-18,8,0.49600946846657124
SOLUSDT,2020-05-19,4,-5.6492894709387924
SOLUSDT,2020-05-20,3,2.1809523809523834
SOLUSDT,2020-05-21,11,0.6499844450046256
SOLUSDT,2020-05-22,2,1.173708920187795
SOLUSDT,2020-05-23,3,0.73565310759916258
SOLUSDT,2020-05-24,5,2.48024784465135
SOLUSDT,2020-05-25,3,-0.67347167888938553
SOLUSDT,2020-05-26,6,1.0347247360243026
SOLUSDT,2020-05-27,10,1.8382132035831313
SOLUSDT,2020-05-28,12,-0.91172770342520815
SOLUSDT,2020-05-29,5,0.37044440632615849
SOLUSDT,2020-05-30,5,-0.092981931477943175
SOLUSDT,2020-05-31,6,-0.94630528389894331
SOLUSDT,2020-06-01,1,0.204046930794082
SOLUSDT,2020-06-02,47,-0.051500834032471035
SOLUSDT,2020-06-03,15,-2.0977458182144031
SOLUSDT,2020-06-04,5,-1.1865730790011368
SOLUSDT,2020-06-05,4,-1.1231322879971626
SOLUSDT,2020-06-06,7,0.88021590589342413
SOLUSDT,2020-06-07,4,-1.5388067666771637
SOLUSDT,2020-06-08,1,-1.15798180314309
SOLUSDT,2020-06-09,8,-3.391583105968325
SOLUSDT,2020-06-10,11,-1.9717313897392117
SOLUSDT,2020-06-11,8,2.2378368167756557
SOLUSDT,2020-06-12,6,2.4579217896930894
SOLUSDT,2020-06-13,5,0.470094918297875
SOLUSDT,2020-06-14,2,0.780170428374021
SOLUSDT,2020-06-15,6,0.26348806735938418
SOLUSDT,2020-06-16,1,0.62111801242236
SOLUSDT,2020-06-17,7,0.62017268887204646
SOLUSDT,2020-06-18,5,0.4438160157715465
SOLUSDT,2020-06-19,7,-0.33498183003365262
SOLUSDT,2020-06-20,2,-5.57432432432432
SOLUSDT,2020-06-21,2,-0.42382173133635603
SOLUSDT,2020-06-22,5,2.195433222686288
SOLUSDT,2020-06-23,10,-0.9191146378486037
SOLUSDT,2020-06-24,8,2.3203662434531096
SOLUSDT,2020-06-25,5,1.0435235093161579
SOLUSDT,2020-06-26,11,-1.3610614249353379
SOLUSDT,2020-06-27,6,-0.27281347055454053
SOLUSDT,2020-06-28,10,-1.8017517161605352
SOLUSDT,2020-06-29,8,-1.3735917039570791
SOLUSDT,2020-06-30,9,-0.15592695049353211
SOLUSDT,2020-07-01,8,1.2353377020670753
SOLUSDT,2020-07-02,5,-0.68046289576296126
SOLUSDT,2020-07-03,2,1.4008169250104698
SOLUSDT,2020-07-04,7,-1.3583804578401621
SOLUSDT,2020-07-05,8,0.95371692280050269
SOLUSDT,2020-07-06,5,1.5220892533955706
SOLUSDT,2020-07-07,11,0.34858701711515927
SOLUSDT,2020-07-08,10,-1.116792144938304
SOLUSDT,2020-07-09,7,0.37460617643029348
SOLUSDT,2020-07-10,10,-2.4120615444344855
SOLUSDT,2020-07-11,10,1.3049622334832351
SOLUSDT,2020-07-12,2,0.72881141846658859
SOLUSDT,2020-07-13,2,-0.35957319396809651
SOLUSDT,2020-07-14,6,-3.136957771999894
SOLUSDT,2020-07-15,10,0.50829277454033817
SOLUSDT,2020-07-16,4,2.7279408051280574
SOLUSDT,2020-07-17,2,-2.749333999334
SOLUSDT,2020-07-18,4,1.0445980430645161
SOLUSDT,2020-07-19,4,0.8316408721698525
SOLUSDT,2020-07-20,3,2.8762811790786151
SOLUSDT,2020-07-21,5,0.61334067814148074
SOLUSDT,2020-07-22,4,0.55734753349306965
SOLUSDT,2020-07-23,12,1.5248907428926066
SOLUSDT,2020-07-24,4,-1.8094476353870226
SOLUSDT,2020-07-25,13,0.72009899092191909
SOLUSDT,2020-07-26,3,-1.9098014806009687
SOLUSDT,2020-07-27,1,0.435729847494553
SOLUSDT,2020-07-28,3,-0.42156148655841807
SOLUSDT,2020-07-29,9,0.42787060383909525
SOLUSDT,2020-07-30,4,4.1050035277171357
SOLUSDT,2020-07-31,4,2.091691957159298
SOLUSDT,2020-08-01,3,-1.4272729139793698
SOLUSDT,2020-08-02,6,-1.8278647401028867
SOLUSDT,2020-08-03,4,2.0774022768925255
SOLUSDT,2020-08-04,8,-1.0847085026786232
SOLUSDT,2020-08-05,5,1.3551678012067103
SOLUSDT,2020-08-06,6,0.42883628324341377
SOLUSDT,2020-08-07,7,1.0551184798117643
SOLUSDT,2020-08-08,4,-1.6574890911799436
SOLUSDT,2020-08-09,5,-0.534011251877116
SOLUSDT,2020-08-10,4,-0.86106978258333222
SOLUSDT,2020-08-11,5,-2.7530053379293959
SOLUSDT,2020-08-12,10,-1.6425135440483478
SOLUSDT,2020-08-13,8,-0.95942048549955672
SOLUSDT,2020-08-14,6,-0.77274948561976342
SOLUSDT,2020-08-15,7,-1.6898047531304043
SOLUSDT,2020-08-16,3,-0.051755840572529327
SOLUSDT,2020-08-17,2,-2.13040909762221
SOLUSDT,2020-08-18,3,-0.23335060920260675
SOLUSDT,2020-08-19,8,0.43316507034006896
SOLUSDT,2020-08-20,7,1.382865287943662
SOLUSDT,2020-08-21,6,1.2307481179429056
SOLUSDT,2020-08-22,6,-2.0362780729759491
SOLUSDT,2020-08-23,7,-0.86363135687391646
SOLUSDT,2020-08-24,11,-0.19865547475323425
SOLUSDT,2020-08-25,13,-0.13304131282722254
SOLUSDT,2020-08-26,4,0.6635016659492815
SOLUSDT,2020-08-27,10,-3.2000648442246886
SOLUSDT,2020-08-28,8,-0.58256701456911464
SOLUSDT,2020-08-30,4,-1.7124418174224447
SOLUSDT,2020-08-31,5,1.3463368363984858
SOLUSDT,2020-09-01,14,-1.2945714824587518
SOLUSDT,2020-09-02,1,1.88679245283019
SOLUSDT,2020-09-03,5,1.9035556588506601
SOLUSDT,2020-09-04,1,-1.14503816793893
SOLUSDT,2020-09-05,5,-1.2805194644222382
SOLUSDT,2020-09-06,2,1.17227734196697
SOLUSDT,2020-09-07,3,2.6699859291656933
SOLUSDT,2020-09-08,4,1.4925074121695445
SOLUSDT,2020-09-09,9,-0.48423395693108895
SOLUSDT,2020-09-10,17,0.11297276120980682
SOLUSDT,2020-09-11,4,-3.1597610015281177
SOLUSDT,2020-09-12,4,0.21068987016662222
SOLUSDT,2020-09-13,2,-0.11753692531724513
SOLUSDT,2020-09-14,3,-2.4285675777669971
SOLUSDT,2020-09-15,6,0.306592262803818
SOLUSDT,2020-09-16,9,-0.68940508602631212
SOLUSDT,2020-09-17,8,-0.51411093192787982
SOLUSDT,2020-09-18,4,-2.4829571531544397
SOLUSDT,2020-09-19,2,-0.45731547973700448
SOLUSDT,2020-09-20,10,-0.92906318357918516
SOLUSDT,2020-09-21,8,-0.11465984711717947
SOLUSDT,2020-09-22,10,-0.79688973530992846
SOLUSDT,2020-09-23,8,-1.3192680239968386
SOLUSDT,2020-09-24,8,-1.9433146556964547
SOLUSDT,2020-09-25,8,0.85301206198688972
SOLUSDT,2020-09-27,2,2.29338430954651
SOLUSDT,2020-09-28,4,2.0581745336757571
SOLUSDT,2020-09-29,1,0.544959128065395
SOLUSDT,2020-09-30,2,-2.1717558420875314
SOLUSDT,2020-10-01,9,-3.5744003054959936
SOLUSDT,2020-10-02,6,0.70684997075704092
SOLUSDT,2020-10-03,4,1.9097746751792479
SOLUSDT,2020-10-04,5,2.4838554633737986
SOLUSDT,2020-10-05,9,0.66139056646462779
SOLUSDT,2020-10-06,9,1.2365310619156435
SOLUSDT,2020-10-07,20,-0.16588143614440118
SOLUSDT,2020-10-08,14,0.41410260453529618
SOLUSDT,2020-10-09,8,1.0344536087860181
SOLUSDT,2020-10-10,2,-2.6266554551187737
SOLUSDT,2020-10-11,3,-0.68222148837951857
SOLUSDT,2020-10-12,4,0.98354524833936252
SOLUSDT,2020-10-13,3,0.7539387326621364
SOLUSDT,2020-10-15,6,3.7239336356981618
SOLUSDT,2020-10-17,4,-2.07593917289923
SOLUSDT,2020-10-18,1,2.5811209439528
SOLUSDT,2020-10-19,2,-3.8382988845562451
SOLUSDT,2020-10-20,2,0.33489204147432994
SOLUSDT,2020-10-21,6,0.2863588796490068
SOLUSDT,2020-10-22,4,2.4488803277413949
SOLUSDT,2020-10-23,3,3.2164055031950403
SOLUSDT,2020-10-24,3,3.695755143127216
SOLUSDT,2020-10-25,5,-0.62032976572483833
SOLUSDT,2020-10-26,2,-3.8391357386768554
SOLUSDT,2020-10-27,3,-0.75235291171856922
SOLUSDT,2020-10-28,7,0.79402190614194357
SOLUSDT,2020-10-29,1,0.0
SOLUSDT,2020-10-30,1,-1.99733688415446
SOLUSDT,2020-11-01,2,-1.9018096801530795
SOLUSDT,2020-11-02,2,-0.931233724193427
SOLUSDT,2020-11-03,2,-0.13171743144706649
SOLUSDT,2020-11-04,3,0.30395770691588697
SOLUSDT,2020-11-07,4,-0.54378881943737645
SOLUSDT,2020-11-08,5,-0.52524549220376726
SOLUSDT,2020-11-09,1,1.3953488372093
SOLUSDT,2020-11-10,1,1.47492625368732
SOLUSDT,2020-11-11,1,0.1998001998002
SOLUSDT,2020-11-12,2,-1.2005471084755004
SOLUSDT,2020-11-14,2,-4.60251046025105
SOLUSDT,2020-11-15,1,-1.5625
SOLUSDT,2020-11-16,1,1.85185185185185
SOLUSDT,2020-11-17,1,1.48760330578512
SOLUSDT,2020-11-18,4,-0.76023830673194415
SOLUSDT,2020-11-19,6,0.19800520090678597
SOLUSDT,2020-11-20,6,0.51109680303978156
SOLUSDT,2020-11-21,11,0.99243976299032388
SOLUSDT,2020-11-22,10,-1.331727770289616
SOLUSDT,2020-11-23,19,0.40746066141395376
SOLUSDT,2020-11-24,11,1.1962227722558347
SOLUSDT,2020-11-25,15,-0.78016438621118445
SOLUSDT,2020-11-26,1,1.68831168831169
SOLUSDT,2020-11-27,5,1.91370464837623
SOLUSDT,2020-11-28,3,-0.48427257234653742
SOLUSDT,2020-11-29,3,-1.5422286334700068
SOLUSDT,2020-11-30,7,0.22831533019852834
SOLUSDT,2020-12-01,36,-0.614112901804611
SOLUSDT,2020-12-02,8,1.3886596357048364
SOLUSDT,2020-12-03,12,0.1916251242924959
SOLUSDT,2020-12-04,8,0.55401129212313971
SOLUSDT,2020-12-05,4,3.4075689644093452
SOLUSDT,2020-12-06,3,-1.1426133033223138
SOLUSDT,2020-12-07,5,2.2163983839276518
SOLUSDT,2020-12-08,4,-1.6797630865308402
SOLUSDT,2020-12-09,11,1.0959167508694345
SOLUSDT,2020-12-10,3,2.6581128689955698
SOLUSDT,2020-12-11,5,-1.5379563926103799
SOLUSDT,2020-12-12,13,1.8716815177888861
SOLUSDT,2020-12-13,5,0.36501363082762994
SOLUSDT,2020-12-14,4,-0.25762179221128523
SOLUSDT,2020-12-15,6,0.48290136225119851
SOLUSDT,2020-12-16,5,1.2631679856729281
SOLUSDT,2020-12-17,3,0.48072543224648978
SOLUSDT,2020-12-18,6,-0.18854623053034408
SOLUSDT,2020-12-19,5,1.0247760051793064
SOLUSDT,2020-12-20,6,1.319223056337151
SOLUSDT,2020-12-21,6,0.571285016338641
SOLUSDT,2020-12-22,3,0.1069253499012367
SOLUSDT,2020-12-23,6,-0.27628757704530327
SOLUSDT,2020-12-24,6,1.0748697597184718
SOLUSDT,2020-12-25,1,-4.83870967741935
SOLUSDT,2020-12-26,1,-1.96078431372549
SOLUSDT,2020-12-27,2,-1.592753287185771
SOLUSDT,2020-12-28,5,0.73851222511809589
SOLUSDT,2020-12-29,5,-1.6963523394464275
SOLUSDT,2020-12-30,2,-0.53310236994732052
SOLUSDT,2020-12-31,2,-2.1802759104421847
SOLUSDT,2021-01-01,6,-1.275050542577113
SOLUSDT,2021-01-02,7,4.2967687843815563
SOLUSDT,2021-01-03,11,-3.0966694769598671
SOLUSDT,2021-01-04,11,-1.2689087285224212
SOLUSDT,2021-01-05,6,-0.028117802515271628
SOLUSDT,2021-01-06,13,-0.023423691305535344
SOLUSDT,2021-01-07,7,-0.072330652516128524
SOLUSDT,2021-01-08,8,0.62056590654324006
SOLUSDT,2021-01-09,3,1.1845906670561135
SOLUSDT,2021-01-10,4,0.25431759781666496
SOLUSDT,2021-01-11,6,0.12768889539466022
SOLUSDT,2021-01-12,7,-0.31946513186502695
SOLUSDT,2021-01-13,9,-0.842346803123499
SOLUSDT,2021-01-14,5,-1.0842340020488277
SOLUSDT,2021-01-15,6,0.11008717910395781
SOLUSDT,2021-01-16,9,0.048895708318849873
SOLUSDT,2021-01-17,3,1.3444497692605901
SOLUSDT,2021-01-18,1,1.86199342825849
SOLUSDT,2021-01-19,6,3.1616043528968749
SOLUSDT,2021-01-21,6,-1.4020791446760792
SOLUSDT,2021-01-22,2,-1.9670388091440731
SOLUSDT,2021-01-23,3,-2.8041606733865061
SOLUSDT,2021-01-24,16,-5.3790067420139378
SOLUSDT,2021-01-25,14,-1.5449934774051379
SOLUSDT,2021-01-26,13,-1.3875215994279013
SOLUSDT,2021-01-27,24,-1.0820127124049344
SOLUSDT,2021-01-28,3,1.1461318051575933
SOLUSDT,2021-01-29,2,0.86490187129165008
SOLUSDT,2021-01-30,4,6.7574761770087974
SOLUSDT,2021-01-31,3,1.286621281353135
SOLUSDT,2021-02-01,1,0.698602794411178
SOLUSDT,2021-02-02,4,-0.0246137765291555
SOLUSDT,2021-02-03,4,-0.38311686072772144
SOLUSDT,2021-02-04,6,-0.27158375263984436
SOLUSDT,2021-02-05,19,0.76380347933080184
SOLUSDT,2021-02-06,1,5.14285714285714
SOLUSDT,2021-02-07,8,1.1287762386290459
SOLUSDT,2021-02-08,6,1.0044395812424196
SOLUSDT,2021-02-09,3,-1.6701650562200765
SOLUSDT,2021-02-10,3,-1.4878280247120017
SOLUSDT,2021-02-11,12,-1.215769486212571
SOLUSDT,2021-02-12,5,-1.1356487693271344
SOLUSDT,2021-02-13,8,0.055148883085064847
SOLUSDT,2021-02-14,3,-1.5978663006712202
SOLUSDT,2021-02-15,2,1.0
SOLUSDT,2021-02-16,6,0.23690128511936814
SOLUSDT,2021-02-17,7,0.48222009257076515
SOLUSDT,2021-02-18,13,-1.8365975281331475
SOLUSDT,2021-02-19,12,0.84358084793330512
SOLUSDT,2021-02-20,2,0.54945054945055
SOLUSDT,2021-02-21,2,0.78112443671356346
SOLUSDT,2021-02-22,7,-0.548784919474163
SOLUSDT,2021-02-23,6,-1.364225193369075
SOLUSDT,2021-02-24,2,-0.1196172248803825
SOLUSDT,2021-02-25,12,0.931629783550569
SOLUSDT,2021-02-26,8,-1.523402309616245
SOLUSDT,2021-02-27,7,0.45611519511815896
SOLUSDT,2021-02-28,6,1.3845034693746976
SOLUSDT,2021-03-01,5,1.8847865047477712
SOLUSDT,2021-03-02,13,-0.57001859022534762
SOLUSDT,2021-03-03,8,3.332245736933205
SOLUSDT,2021-03-04,6,0.62488051923480015
SOLUSDT,2021-03-05,15,1.3417748814363168
SOLUSDT,2021-03-06,5,4.4516509403359059
SOLUSDT,2021-03-07,7,0.90192934051494
SOLUSDT,2021-03-08,8,3.1078965900649651
SOLUSDT,2021-03-09,21,1.1522557910329603
SOLUSDT,2021-03-10,7,-0.14178165509311363
SOLUSDT,2021-03-11,5,1.3045034576074648
SOLUSDT,2021-03-12,5,0.270206909346551
SOLUSDT,2021-03-13,4,1.1915393654524098
SOLUSDT,2021-03-14,8,1.3328450024043113
SOLUSDT,2021-03-15,4,-1.1810120548986314
SOLUSDT,2021-03-16,15,0.52902665760668632
SOLUSDT,2021-03-17,8,0.15974363958887133
SOLUSDT,2021-03-18,6,0.5497736467178036
SOLUSDT,2021-03-19,5,0.95842681289524823
SOLUSDT,2021-03-20,14,1.1943104469646233
SOLUSDT,2021-03-21,4,-0.0871259014271974
SOLUSDT,2021-03-22,3,3.5221013804920336
SOLUSDT,2021-03-23,9,0.85927688115435352
SOLUSDT,2021-03-24,5,0.18167693788426198
SOLUSDT,2021-03-25,5,3.3671865614188121
SOLUSDT,2021-03-26,7,1.5259313147529316
SOLUSDT,2021-03-27,5,-0.58097495949115407
SOLUSDT,2021-03-28,5,-0.43478104370014475
SOLUSDT,2021-03-29,3,-0.72465980314576
SOLUSDT,2021-03-30,6,0.58685480725041872
SOLUSDT,2021-03-31,5,2.0089779756198349
SOLUSDT,2021-04-01,5,3.5964239954187667
SOLUSDT,2021-04-02,2,0.29174504593274
SOLUSDT,2021-04-03,5,2.318464056691623
SOLUSDT,2021-04-04,5,1.2264491357647858
SOLUSDT,2021-04-05,3,4.5494640432644573
SOLUSDT,2021-04-06,9,-0.95232031702267372
SOLUSDT,2021-04-07,11,0.40685780782206038
SOLUSDT,2021-04-08,12,0.53715328061555678
SOLUSDT,2021-04-09,4,-0.980800430034146
SOLUSDT,2021-04-10,4,0.52692957891194592
SOLUSDT,2021-04-11,8,0.89678894356996675
SOLUSDT,2021-04-12,6,-2.5880055419326662
SOLUSDT,2021-04-13,7,-0.10853931240575608
SOLUSDT,2021-04-14,5,-0.19704322538636374
SOLUSDT,2021-04-15,10,0.57528842666808955
SOLUSDT,2021-04-16,12,-2.0607647154951452
SOLUSDT,2021-04-17,4,4.6106226218044375
SOLUSDT,2021-04-18,4,0.913744666303355
SOLUSDT,2021-04-19,8,1.3206159342563628
SOLUSDT,2021-04-20,6,1.3840237174617835
SOLUSDT,2021-04-22,4,1.0613945906104825
SOLUSDT,2021-04-23,8,2.2103707522210612
SOLUSDT,2021-04-24,6,0.099486820079110028
SOLUSDT,2021-04-25,13,1.50194962602748
SOLUSDT,2021-04-26,11,0.92338206482683638
SOLUSDT,2021-04-27,8,1.7765324071547957
SOLUSDT,2021-04-28,7,0.71590190464188119
SOLUSDT,2021-04-29,2,0.615834025105022
SOLUSDT,2021-04-30,4,-0.41652422426761437
SOLUSDT,2021-05-01,9,2.3705612942841654
SOLUSDT,2021-05-02,9,-1.2769073584540771
SOLUSDT,2021-05-03,16,-1.1281223441954005
SOLUSDT,2021-05-04,9,1.0977330359384341
SOLUSDT,2021-05-05,8,0.39819784404523034
SOLUSDT,2021-05-06,22,1.4541165875268123
SOLUSDT,2021-05-07,7,0.33108280340566432
SOLUSDT,2021-05-08,7,1.5165123197695769
SOLUSDT,2021-05-09,6,-1.9115909041848025
SOLUSDT,2021-05-10,9,-0.16792692678926896
SOLUSDT,2021-05-11,9,1.6320834273069122
SOLUSDT,2021-05-12,9,-1.7369638129280291
SOLUSDT,2021-05-13,2,0.45062958288865307
SOLUSDT,2021-05-14,5,0.328014601616343
SOLUSDT,2021-05-15,3,0.38113077764871672
SOLUSDT,2021-05-16,10,-1.3512573280071132
SOLUSDT,2021-05-17,6,1.4446746129069581
SOLUSDT,2021-05-18,15,2.4597537366469573
SOLUSDT,2021-05-19,14,1.0342838433318038
SOLUSDT,2021-05-20,3,-2.3851188505276206
SOLUSDT,2021-05-21,5,-0.6535009725514509
SOLUSDT,2021-05-22,2,-1.77574504793372
SOLUSDT,2021-05-23,6,-0.70529211948397519
SOLUSDT,2021-05-24,6,-0.2606160783930348
SOLUSDT,2021-05-25,11,0.82566549856071747
SOLUSDT,2021-05-26,6,-0.011457639365598848
SOLUSDT,2021-05-27,9,-0.20444626732664717
SOLUSDT,2021-05-28,8,-2.0295462000397713
SOLUSDT,2021-05-29,8,-0.24398573684258917
SOLUSDT,2021-05-30,6,-0.43297393015373942
SOLUSDT,2021-05-31,11,-0.77089109103151543
SOLUSDT,2021-06-01,7,-0.29426422048498546
SOLUSDT,2021-06-02,8,-0.31803245148775749
SOLUSDT,2021-06-03,12,1.1836403845252255
SOLUSDT,2021-06-04,15,-0.32573151779275544
SOLUSDT,2021-06-05,4,-0.59678630784843767
SOLUSDT,2021-06-06,10,2.1997949486161525
SOLUSDT,2021-06-07,9,1.3273507982812396
SOLUSDT,2021-06-08,12,-0.17408840735018227
SOLUSDT,2021-06-09,24,-0.18809144729499624
SOLUSDT,2021-06-10,7,0.57296914224021156
SOLUSDT,2021-06-11,9,-0.20034901707461603
SOLUSDT,2021-06-12,5,2.9818572418260425
SOLUSDT,2021-06-13,8,1.735770707929627
SOLUSDT,2021-06-14,5,0.10081519727248472
SOLUSDT,2021-06-15,13,2.814735081089569
SOLUSDT,2021-06-16,8,1.7550328869910172
SOLUSDT,2021-06-17,7,0.94789413260764288
SOLUSDT,2021-06-18,8,-3.4784898878940638
SOLUSDT,2021-06-19,8,1.5843488238339125
SOLUSDT,2021-06-20,7,0.5825901832792485
SOLUSDT,2021-06-21,5,1.0908008476331892
SOLUSDT,2021-06-22,7,2.637210858362439
SOLUSDT,2021-06-23,10,1.2872832279425412
SOLUSDT,2021-06-24,11,-0.59862191201744352
SOLUSDT,2021-06-25,12,-1.2618468147607438
SOLUSDT,2021-06-26,7,0.055868346543087921
SOLUSDT,2021-06-27,9,1.8074530620053606
SOLUSDT,2021-06-28,19,-0.74852425156029634
SOLUSDT,2021-06-29,10,-1.2583966436778216
SOLUSDT,2021-06-30,10,-2.8324676404665881
SOLUSDT,2021-07-01,2,2.6720294630742369
SOLUSDT,2021-07-02,2,-0.925810886501347
SOLUSDT,2021-07-03,4,-0.872687707256851
SOLUSDT,2021-07-04,4,-0.024428370905789976
SOLUSDT,2021-07-05,6,-0.24239567664277314
SOLUSDT,2021-07-06,4,-2.7082458866868548
SOLUSDT,2021-07-07,13,-1.1192572626441908
SOLUSDT,2021-07-08,5,1.6038648692443738
SOLUSDT,2021-07-09,8,-0.73280938574940013
SOLUSDT,2021-07-10,90,-1.3981558737967059
SOLUSDT,2021-07-11,13,-1.0951746243799279
SOLUSDT,2021-07-12,5,0.758038228974316
SOLUSDT,2021-07-13,11,-0.8835606790742323
SOLUSDT,2021-07-14,5,1.5957711715856
SOLUSDT,2021-07-15,17,-1.8360636279519524
SOLUSDT,2021-07-16,22,0.63038691031492256
SOLUSDT,2021-07-17,1,-9.82367758186398
SOLUSDT,2021-07-18,4,-0.17270213557211178
SOLUSDT,2021-07-19,3,-1.26776833325025
SOLUSDT,2021-07-20,6,2.0179663567110637
SOLUSDT,2021-07-21,4,3.3290649203362372
SOLUSDT,2021-07-22,2,-2.6868750437032376
SOLUSDT,2021-07-23,4,1.8759539188728573
SOLUSDT,2021-07-24,7,1.4854834956811254
SOLUSDT,2021-07-25,9,0.13797797896711178
SOLUSDT,2021-07-26,7,-2.3085694562105852
SOLUSDT,2021-07-27,7,0.712669052811242
SOLUSDT,2021-07-28,9,0.574477365688486
SOLUSDT,2021-07-29,2,2.25268891658588
SOLUSDT,2021-07-30,7,-1.6802906447257597
SOLUSDT,2021-07-31,14,-2.0705213038174271
SOLUSDT,2021-08-01,5,1.6303196230648047
SOLUSDT,2021-08-02,3,2.4195929497010318
SOLUSDT,2021-08-03,4,1.9438350405742773
SOLUSDT,2021-08-04,8,1.4479762234589477
SOLUSDT,2021-08-05,4,2.5771103896103895
SOLUSDT,2021-08-06,4,1.5269561349396259
SOLUSDT,2021-08-07,1,2.33333333333333
SOLUSDT,2021-08-08,3,0.87861164365930278
SOLUSDT,2021-08-09,7,1.0092465235222114
SOLUSDT,2021-08-10,4,0.42784685728523753
SOLUSDT,2021-08-11,3,-1.7962135618827035
SOLUSDT,2021-08-12,4,-0.24450388927136157
SOLUSDT,2021-08-13,5,1.8834812602540434
SOLUSDT,2021-08-15,3,1.528019652844699
SOLUSDT,2021-08-16,4,2.6625546294036329
SOLUSDT,2021-08-17,9,-1.3590411911103859
SOLUSDT,2021-08-18,5,-3.4108981873187072
SOLUSDT,2021-08-19,2,0.58233609111544027
SOLUSDT,2021-08-20,4,3.4187630574076584
SOLUSDT,2021-08-21,2,4.659483238668
SOLUSDT,2021-08-22,2,-1.40961857379768
SOLUSDT,2021-08-23,2,-1.1311632713315647
SOLUSDT,2021-08-24,7,-0.30839019239980003
SOLUSDT,2021-08-25,8,1.426520036605786
SOLUSDT,2021-08-26,5,-0.162680827671825
SOLUSDT,2021-08-27,4,0.080672564194474
SOLUSDT,2021-08-28,13,1.0789796445818838
SOLUSDT,2021-08-29,3,3.2189462941596045
SOLUSDT,2021-08-30,9,0.98582335935632626
SOLUSDT,2021-08-31,6,-1.1000110370787968
SOLUSDT,2021-09-01,17,1.3788241400031624
SOLUSDT,2021-09-02,10,-0.43715435576609918
SOLUSDT,2021-09-03,11,1.1448124532655348
SOLUSDT,2021-09-04,2,0.030742051064521547
SOLUSDT,2021-09-05,9,-0.33869355231084564
SOLUSDT,2021-09-06,10,1.5997950405981041
SOLUSDT,2021-09-07,3,-1.2610808611217643
SOLUSDT,2021-09-08,5,1.3236742216632702
SOLUSDT,2021-09-09,8,0.27257035929525969
SOLUSDT,2021-09-10,7,-0.77771994159058266
SOLUSDT,2021-09-11,17,0.072513892299931271
SOLUSDT,2021-09-12,56,-0.18815581776093482
SOLUSDT,2021-09-13,13,0.28099270703573381
SOLUSDT,2021-09-14,16,0.24099855683366916
SOLUSDT,2021-09-15,193,-2.2071855824031714
SOLUSDT,2021-09-16,66,-1.8458708620176063
SOLUSDT,2021-09-17,28,-1.3877524222001951
SOLUSDT,2021-09-18,5,-1.1422740711004979
SOLUSDT,2021-09-19,8,-2.869449573706722
SOLUSDT,2021-09-20,10,-0.014425377864391908
SOLUSDT,2021-09-21,14,0.35882070754855871
SOLUSDT,2021-09-22,19,0.75072626205449355
SOLUSDT,2021-09-23,177,-1.4722201324686666
SOLUSDT,2021-09-24,61,-1.6960191417435557
SOLUSDT,2021-09-25,12,-0.86729147388304917
SOLUSDT,2021-09-26,14,-0.62713175958980294
SOLUSDT,2021-09-27,9,-0.85606662612445139
SOLUSDT,2021-09-28,8,0.85515808872197774
SOLUSDT,2021-09-29,6,-0.051390522751175338
SOLUSDT,2021-09-30,12,-2.2256598874381024
SOLUSDT,2021-10-01,12,-0.814905770634072
SOLUSDT,2021-10-02,4,-0.14215195944416992
SOLUSDT,2021-10-03,10,1.2190959526336658
SOLUSDT,2021-10-04,20,-1.4050197062074128
SOLUSDT,2021-10-05,170,-3.0420011708623202
SOLUSDT,2021-10-06,6,-1.4437226291334702
SOLUSDT,2021-10-07,9,2.41288966585811
SOLUSDT,2021-10-08,12,0.86981361610808172
SOLUSDT,2021-10-09,4,-0.2869735771166807
SOLUSDT,2021-10-10,10,1.5148840888869013
SOLUSDT,2021-10-11,10,2.1686753745664684
SOLUSDT,2021-10-12,16,0.22672734781979892
SOLUSDT,2021-10-13,15,0.3928308741971327
SOLUSDT,2021-10-14,15,0.30321076292824206
SOLUSDT,2021-10-15,14,2.3817017150954558
SOLUSDT,2021-10-16,5,1.5135430496707398
SOLUSDT,2021-10-17,8,1.8763902836565649
SOLUSDT,2021-10-18,15,-0.798772488358926
SOLUSDT,2021-10-19,12,1.0409084971616194
SOLUSDT,2021-10-20,8,-0.14152973151243731
SOLUSDT,2021-10-21,13,0.17022112572774559
SOLUSDT,2021-10-22,8,2.0816217111362709
SOLUSDT,2021-10-23,6,-1.1741278031990992
SOLUSDT,2021-10-24,9,0.19256792920794902
SOLUSDT,2021-10-25,8,0.7843199573847901
SOLUSDT,2021-10-26,6,0.19980537992387915
SOLUSDT,2021-10-27,13,1.6917572211491727
SOLUSDT,2021-10-28,6,1.4807449063647358
SOLUSDT,2021-10-29,6,1.6163050201539901
SOLUSDT,2021-10-30,8,-1.3617245769222115
SOLUSDT,2021-10-31,4,0.36964397618536249
SOLUSDT,2021-11-01,12,0.29761507767986006
SOLUSDT,2021-11-02,8,2.6582674046357462
SOLUSDT,2021-11-03,13,1.0067057464003106
SOLUSDT,2021-11-04,23,0.3198740648933362
SOLUSDT,2021-11-05,21,-0.423992462108387
SOLUSDT,2021-11-06,10,-0.2857342697311856
SOLUSDT,2021-11-07,10,-0.39694690962256673
SOLUSDT,2021-11-08,16,1.2013479636823599
SOLUSDT,2021-11-09,23,0.38554428984320793
SOLUSDT,2021-11-10,21,0.79234474369431418
SOLUSDT,2021-11-11,19,1.6986802809889123
SOLUSDT,2021-11-12,5,2.7814821598717376
SOLUSDT,2021-11-13,6,2.9269987866843268
SOLUSDT,2021-11-14,10,0.19005100117304885
SOLUSDT,2021-11-15,13,1.6345642363853412
SOLUSDT,2021-11-16,12,1.3030004098707875
SOLUSDT,2021-11-17,12,2.1167619672790936
SOLUSDT,2021-11-18,17,1.2369841471344465
SOLUSDT,2021-11-19,48,-3.5156234379394529
SOLUSDT,2021-11-20,4,0.68900020316606092
SOLUSDT,2021-11-21,5,-0.6066809567491902
SOLUSDT,2021-11-22,4,2.7076117337883403
SOLUSDT,2021-11-23,25,1.1798453928336416
SOLUSDT,2021-11-24,16,-0.53382982429960735
SOLUSDT,2021-11-25,9,1.7665579959305808
SOLUSDT,2021-11-26,18,-2.0276062455928705
SOLUSDT,2021-11-27,7,-0.261289417939892
SOLUSDT,2021-11-28,9,1.7421179642274511
SOLUSDT,2021-11-29,15,-1.376233240807992
SOLUSDT,2021-11-30,28,1.2711380556009495
SOLUSDT,2021-12-01,12,0.044386020354658107
SOLUSDT,2021-12-02,12,-0.82040884956956062
SOLUSDT,2021-12-03,10,0.71420297532239607
SOLUSDT,2021-12-04,19,4.962031834674586
SOLUSDT,2021-12-05,9,0.70398070542546143
SOLUSDT,2021-12-06,13,0.58530362364736832
SOLUSDT,2021-12-07,12,-0.2155929594755977
SOLUSDT,2021-12-08,14,-0.14220063855140541
SOLUSDT,2021-12-09,9,-0.042131489733704688
SOLUSDT,2021-12-10,7,0.83270497845219893
SOLUSDT,2021-12-11,13,0.673388584345905
SOLUSDT,2021-12-12,4,2.3774637106604706
SOLUSDT,2021-12-13,19,0.06978623343546099
SOLUSDT,2021-12-14,12,0.92115578148481014
SOLUSDT,2021-12-15,4,0.63544228401915814
SOLUSDT,2021-12-16,17,1.6058805955807867
SOLUSDT,2021-12-17,12,0.37898537425325785
SOLUSDT,2021-12-18,8,0.50782376632570392
SOLUSDT,2021-12-19,1,2.43149363180239
SOLUSDT,2021-12-20,11,0.42947025945810074
SOLUSDT,2021-12-21,9,0.17617275095466806
SOLUSDT,2021-12-22,3,-0.54070194973634678
SOLUSDT,2021-12-23,4,2.6462003758515373
SOLUSDT,2021-12-24,5,4.0798498404574834
SOLUSDT,2021-12-25,7,1.511726137152178
SOLUSDT,2021-12-26,4,2.3667773363014453
SOLUSDT,2021-12-27,15,1.2553370759746747
SOLUSDT,2021-12-28,10,0.076161619261468055
SOLUSDT,2021-12-29,3,0.52215910296071866
SOLUSDT,2021-12-30,7,1.7383743820906061
SOLUSDT,2021-12-31,3,3.5530543564628632
SOLUSDT,2022-01-01,4,1.36904598827054
SOLUSDT,2022-01-02,3,4.42426576659427
SOLUSDT,2022-01-03,7,-0.11337348144683979
SOLUSDT,2022-01-04,12,-0.61520042835573141
SOLUSDT,2022-01-05,15,0.84937308882906326
SOLUSDT,2022-01-06,12,-0.61984060279591291
SOLUSDT,2022-01-07,8,0.97610382894108028
SOLUSDT,2022-01-08,10,-0.0247537494342267
SOLUSDT,2022-01-09,5,1.0055755448959338
SOLUSDT,2022-01-10,7,1.7878098011448558
SOLUSDT,2022-01-11,8,0.78094537956082588
SOLUSDT,2022-01-12,17,2.1571676964915905
SOLUSDT,2022-01-13,20,0.49540731303589824
SOLUSDT,2022-01-14,14,1.8449450013791078
SOLUSDT,2022-01-15,4,1.9680298771502409
SOLUSDT,2022-01-16,7,0.52952671120445394
SOLUSDT,2022-01-17,14,0.902748465224749
SOLUSDT,2022-01-18,7,1.2338998118000761
SOLUSDT,2022-01-19,14,1.145650204162193
SOLUSDT,2022-01-20,21,-0.33473790144425086
SOLUSDT,2022-01-21,15,0.44249081310899441
SOLUSDT,2022-01-22,6,1.0676493427985787
SOLUSDT,2022-01-23,10,-2.3679083597969672
SOLUSDT,2022-01-24,6,-0.89008096115150237
SOLUSDT,2022-01-25,12,-0.52701655652637391
SOLUSDT,2022-01-26,13,0.75604998941523383
SOLUSDT,2022-01-27,12,0.70760847167215091
SOLUSDT,2022-01-28,8,1.9028975471933696
SOLUSDT,2022-01-29,8,-0.36375859808908795
SOLUSDT,2022-01-30,2,3.857581223694305
SOLUSDT,2022-01-31,2,0.88666958098152571
SOLUSDT,2022-02-01,20,1.2710686916326872
SOLUSDT,2022-02-02,18,1.1674702159111006
SOLUSDT,2022-02-03,7,-2.8936429723976356
SOLUSDT,2022-02-04,7,0.37447981664923224
SOLUSDT,2022-02-05,10,-0.73116970001072135
SOLUSDT,2022-02-06,6,-1.2863721280244516
SOLUSDT,2022-02-07,14,0.48512942000845555
SOLUSDT,2022-02-08,6,0.1576312601395462
SOLUSDT,2022-02-09,32,1.7988606883897116
SOLUSDT,2022-02-10,6,0.52324050460113125
SOLUSDT,2022-02-11,37,1.9582713008475596
SOLUSDT,2022-02-12,17,2.5046211645810033
SOLUSDT,2022-02-13,4,1.6905732153846924
SOLUSDT,2022-02-14,5,-0.70047517897263212
SOLUSDT,2022-02-15,13,-0.39721073949411267
SOLUSDT,2022-02-16,16,1.2664152294079258
SOLUSDT,2022-02-17,17,0.57638658570412726
SOLUSDT,2022-02-18,9,1.3492386897207451
SOLUSDT,2022-02-19,14,-4.0761602967379256
SOLUSDT,2022-02-20,5,2.1131417113546465
SOLUSDT,2022-02-21,3,-1.2837154543945166
SOLUSDT,2022-02-22,16,0.8272299059988697
SOLUSDT,2022-02-23,7,0.729088465880239
SOLUSDT,2022-02-24,26,1.1688752970350254
SOLUSDT,2022-02-25,10,1.3949862040357695
SOLUSDT,2022-02-26,5,1.2549681676300526
SOLUSDT,2022-02-27,9,0.11055642345208216
SOLUSDT,2022-02-28,2,0.64022123071202652
SOLUSDT,2022-03-01,20,0.489603267868235
SOLUSDT,2022-03-02,14,1.0805620058968586
SOLUSDT,2022-03-03,21,1.6105956625608784
SOLUSDT,2022-03-04,5,0.48343473821687838
SOLUSDT,2022-03-05,11,1.6065905422140025
SOLUSDT,2022-03-06,4,-1.0324311922488871
SOLUSDT,2022-03-07,4,0.5997216843700458
SOLUSDT,2022-03-08,8,-1.4345599037299734
SOLUSDT,2022-03-09,17,0.20552498738788957
SOLUSDT,2022-03-10,19,1.7503600387863174
SOLUSDT,2022-03-11,13,1.1117982342476962
SOLUSDT,2022-03-12,19,-3.0983683256975962
SOLUSDT,2022-03-13,8,0.94276151340563985
SOLUSDT,2022-03-14,19,0.755695377642991
SOLUSDT,2022-03-15,9,2.7999812656091065
SOLUSDT,2022-03-16,13,1.4010033031195015
SOLUSDT,2022-03-17,6,1.2530873067767754
SOLUSDT,2022-03-18,6,-1.1751680106077116
SOLUSDT,2022-03-19,5,0.87994699021047051
SOLUSDT,2022-03-20,5,0.3024772940380851
SOLUSDT,2022-03-21,6,1.1576895954786801
SOLUSDT,2022-03-22,7,1.6887769433527073
SOLUSDT,2022-03-23,20,1.2848460501862893
SOLUSDT,2022-03-24,19,0.603946223334206
SOLUSDT,2022-03-25,17,-0.35745706000504485
SOLUSDT,2022-03-26,19,-2.5748704738978669
SOLUSDT,2022-03-27,5,0.26679284963023409
SOLUSDT,2022-03-28,8,0.1844570228950288
SOLUSDT,2022-03-29,6,0.16470850117771244
SOLUSDT,2022-03-30,11,1.1290484208748728
SOLUSDT,2022-03-31,6,-0.18668182754376694
SOLUSDT,2022-04-01,13,2.033358976942071
SOLUSDT,2022-04-02,13,-0.19564257814945527
SOLUSDT,2022-04-03,4,1.409516390672878
SOLUSDT,2022-04-04,10,1.8240117878976547
SOLUSDT,2022-04-05,22,0.61403137152684906
SOLUSDT,2022-04-06,13,1.1875030762440653
SOLUSDT,2022-04-07,9,1.5525576301229944
SOLUSDT,2022-04-08,6,-0.0744196402330401
SOLUSDT,2022-04-09,4,-0.033626946138143488
SOLUSDT,2022-04-10,5,1.6204696743244584
SOLUSDT,2022-04-11,9,1.6195554231437979
SOLUSDT,2022-04-12,8,1.2961720778911652
SOLUSDT,2022-04-13,6,2.2652336300196247
SOLUSDT,2022-04-14,18,-1.3660635487753954
SOLUSDT,2022-04-15,8,2.9483331118198386
SOLUSDT,2022-04-16,9,0.36781400796861891
SOLUSDT,2022-04-17,4,1.56692705415313
SOLUSDT,2022-04-18,9,-0.19216930001999405
SOLUSDT,2022-04-19,11,0.38479539016517728
SOLUSDT,2022-04-20,13,1.3375078770011752
SOLUSDT,2022-04-21,8,-0.35184550307887041
SOLUSDT,2022-04-22,13,-0.73800236327102586
SOLUSDT,2022-04-23,14,-0.99425608253545894
SOLUSDT,2022-04-24,12,-0.82591716031408624
SOLUSDT,2022-04-25,9,0.65053024241109236
SOLUSDT,2022-04-26,24,-0.74494972644395463
SOLUSDT,2022-04-27,8,1.4770542294377733
SOLUSDT,2022-04-28,25,1.9859878664678967
SOLUSDT,2022-04-29,10,-0.29690667147830463
SOLUSDT,2022-04-30,12,-2.0739501030578515
SOLUSDT,2022-05-01,8,-2.2258275030885977
SOLUSDT,2022-05-02,17,-0.96878704511332336
SOLUSDT,2022-05-03,22,0.067830190713724009
SOLUSDT,2022-05-04,23,-0.6391179086817369
SOLUSDT,2022-05-05,8,0.12935850481866146
SOLUSDT,2022-05-06,3,-0.093969350913599925
SOLUSDT,2022-05-07,8,1.9242278121637626
SOLUSDT,2022-05-08,6,0.037768695132825492
SOLUSDT,2022-05-09,7,0.17906049363378623
SOLUSDT,2022-05-10,8,0.502709445560231
SOLUSDT,2022-05-11,3,2.4219171507090564
SOLUSDT,2022-05-12,5,2.698701132698698
SOLUSDT,2022-05-13,8,0.75837902907916388
SOLUSDT,2022-05-14,3,-2.4123362906632879
SOLUSDT,2022-05-15,6,-0.18936718818294374
SOLUSDT,2022-05-16,14,0.84012485235814782
SOLUSDT,2022-05-17,7,1.9478820231391973
SOLUSDT,2022-05-18,17,1.5049906184497159
SOLUSDT,2022-05-19,10,0.36510876333934217
SOLUSDT,2022-05-20,9,0.098348097447788843
SOLUSDT,2022-05-21,10,-0.53690617780164007
SOLUSDT,2022-05-22,14,-2.5658686745535797
SOLUSDT,2022-05-23,9,1.2290689182565755
SOLUSDT,2022-05-24,7,0.70961435791155369
SOLUSDT,2022-05-25,11,2.1804204203495692
SOLUSDT,2022-05-26,14,-1.6546230493761371
SOLUSDT,2022-05-27,8,1.6194484347010811
SOLUSDT,2022-05-28,7,-0.56032057375003685
SOLUSDT,2022-05-29,10,1.4252926351015041
SOLUSDT,2022-05-30,8,-0.19245941407686021
SOLUSDT,2022-05-31,9,1.0508634875441942
SOLUSDT,2022-06-01,8,0.85050405672654539
SOLUSDT,2022-06-02,21,-1.9379134715546338
SOLUSDT,2022-06-03,11,-0.74427223098158524
SOLUSDT,2022-06-04,16,0.423253450079298
SOLUSDT,2022-06-05,6,1.2860249671823942
SOLUSDT,2022-06-06,10,-0.23942056124252098
SOLUSDT,2022-06-07,4,-0.20389960718349676
SOLUSDT,2022-06-08,24,0.870160888241999
SOLUSDT,2022-06-09,11,1.2237433339138652
SOLUSDT,2022-06-10,14,2.52327291137736
SOLUSDT,2022-06-11,11,-0.74447639652401421
SOLUSDT,2022-06-12,7,0.358893545146292
SOLUSDT,2022-06-13,4,2.7764010902705496
SOLUSDT,2022-06-15,8,-0.4566078172668423
SOLUSDT,2022-06-16,8,-0.17819608877959722
SOLUSDT,2022-06-17,15,1.5528951855736366
SOLUSDT,2022-06-18,4,-0.56443366172421017
SOLUSDT,2022-06-19,21,-0.42322941423343791
SOLUSDT,2022-06-20,13,0.23742524971618398
SOLUSDT,2022-06-21,16,3.0373710701419148
SOLUSDT,2022-06-22,14,1.10914800931555
SOLUSDT,2022-06-23,35,2.3358095221091486
SOLUSDT,2022-06-24,22,1.0817891903499732
SOLUSDT,2022-06-25,8,1.3801373860516837
SOLUSDT,2022-06-26,87,-1.9814748854808795
SOLUSDT,2022-06-27,16,-0.24268421534956527
SOLUSDT,2022-06-28,19,2.1640580149225492
SOLUSDT,2022-06-29,8,1.8081427773474972
SOLUSDT,2022-06-30,102,2.3762953818856665
SOLUSDT,2022-07-01,21,0.57007185526474624
SOLUSDT,2022-07-02,14,0.52101733744267809
SOLUSDT,2022-07-03,9,-2.1835858177933956
SOLUSDT,2022-07-04,7,-0.066497838773119655
SOLUSDT,2022-07-05,9,0.88315906754334239
SOLUSDT,2022-07-06,12,-1.290223285964186
SOLUSDT,2022-07-07,13,-0.621114763447987
SOLUSDT,2022-07-08,12,-0.578029943656317
SOLUSDT,2022-07-09,5,-0.45283598918507861
SOLUSDT,2022-07-10,2,0.0028656251074610228
SOLUSDT,2022-07-11,9,0.54379125583153853
SOLUSDT,2022-07-12,17,-0.389355624863366
SOLUSDT,2022-07-13,24,-0.78938221644553985
SOLUSDT,2022-07-14,10,-0.20464116032051916
SOLUSDT,2022-07-15,10,1.5140102796878399
SOLUSDT,2022-07-16,8,-0.12459138201749936
SOLUSDT,2022-07-17,6,-0.21705961492110332
SOLUSDT,2022-07-18,10,2.1595258585235304
SOLUSDT,2022-07-19,9,0.58185778361008222
SOLUSDT,2022-07-20,7,0.0099555265268570035
SOLUSDT,2022-07-21,7,0.041949095671748537
SOLUSDT,2022-07-22,5,0.874723925376744
SOLUSDT,2022-07-23,15,-0.84707492209385149
SOLUSDT,2022-07-24,8,0.44274994729388051
SOLUSDT,2022-07-25,11,0.37387685044704583
SOLUSDT,2022-07-26,33,-1.0589497114336777
SOLUSDT,2022-07-27,20,-2.4952333651469356
SOLUSDT,2022-07-28,24,-0.35736987582258051
SOLUSDT,2022-07-29,16,1.8223605447894884
SOLUSDT,2022-07-30,15,0.20702411100422044
SOLUSDT,2022-07-31,8,1.6057346661518734
SOLUSDT,2022-08-01,8,1.39648618316147
SOLUSDT,2022-08-02,35,-0.79672969769240831
SOLUSDT,2022-08-03,59,-2.31031225095599
SOLUSDT,2022-08-04,26,-0.69083421536365708
SOLUSDT,2022-08-05,16,-0.26590474647279427
SOLUSDT,2022-08-06,10,-1.3809156843098893
SOLUSDT,2022-08-07,6,0.32804716943945555
SOLUSDT,2022-08-08,14,-0.55815103446365655
SOLUSDT,2022-08-09,26,-1.9277531506235865
SOLUSDT,2022-08-10,6,-0.86527634774718676
SOLUSDT,2022-08-11,7,0.725783281314157
SOLUSDT,2022-08-12,25,-0.18239163130322039
SOLUSDT,2022-08-13,9,-0.61466570816683208
SOLUSDT,2022-08-14,12,1.2229511139345575
SOLUSDT,2022-08-15,6,-2.0946790140191482
SOLUSDT,2022-08-16,27,0.93125991459822521
SOLUSDT,2022-08-17,5,0.61631699341127555
SOLUSDT,2022-08-18,6,0.53316638879524647
SOLUSDT,2022-08-19,18,-0.84071670567237344
SOLUSDT,2022-08-20,9,0.607356507267869
SOLUSDT,2022-08-21,15,-0.73713027718149793
SOLUSDT,2022-08-22,18,-0.6376186773153697
SOLUSDT,2022-08-23,14,0.53482331978961684
SOLUSDT,2022-08-24,21,4.1247885508933377
SOLUSDT,2022-08-25,6,1.9011889488191727
SOLUSDT,2022-08-26,22,-0.29241444883430534
SOLUSDT,2022-08-27,6,-3.1308143621361326
SOLUSDT,2022-08-28,12,-1.2645628803740994
SOLUSDT,2022-08-29,7,-0.41260089095079833
SOLUSDT,2022-08-30,20,0.16440696892969991
SOLUSDT,2022-08-31,22,0.11898925047205047
SOLUSDT,2022-09-01,14,-1.0660757910811793
SOLUSDT,2022-09-02,24,-0.21933168623571786
SOLUSDT,2022-09-03,12,-0.091478972287620974
SOLUSDT,2022-09-04,21,-1.1076611590120946
SOLUSDT,2022-09-05,4,-0.73551303942635649
SOLUSDT,2022-09-06,3,1.3315443619110736
SOLUSDT,2022-09-07,4,1.8131283714997366
SOLUSDT,2022-09-08,8,2.323327663455204
SOLUSDT,2022-09-09,24,0.62328751124293458
SOLUSDT,2022-09-10,5,1.679336888661298
SOLUSDT,2022-09-11,10,2.3438421265075178
SOLUSDT,2022-09-12,7,1.5207039234093367
SOLUSDT,2022-09-13,14,0.73139106043971958
SOLUSDT,2022-09-14,7,-0.010187031674158353
SOLUSDT,2022-09-15,38,0.58530997297005583
SOLUSDT,2022-09-16,4,1.1421665102152436
SOLUSDT,2022-09-17,4,0.9244785092115575
SOLUSDT,2022-09-18,1,2.23944875107666
SOLUSDT,2022-09-19,8,2.7451291940356297
SOLUSDT,2022-09-20,4,2.3413429391675651
SOLUSDT,2022-09-21,10,1.1383700205474403
SOLUSDT,2022-09-22,9,1.8271299011433855
SOLUSDT,2022-09-23,6,1.8054087423189817
SOLUSDT,2022-09-24,5,3.4873528630943529
SOLUSDT,2022-09-25,6,0.23451979279168012
SOLUSDT,2022-09-26,5,-0.28594317868749997
SOLUSDT,2022-09-27,5,-0.15342927971378995
SOLUSDT,2022-09-28,15,0.84711841832735157
SOLUSDT,2022-09-29,13,1.886367511632284
SOLUSDT,2022-09-30,4,1.1022527304389533
SOLUSDT,2022-10-01,9,-0.697601213297594
SOLUSDT,2022-10-02,9,-0.29255842201887805
SOLUSDT,2022-10-03,7,1.4151268306473657
SOLUSDT,2022-10-04,10,0.32364771718648533
SOLUSDT,2022-10-05,18,-0.58706304248836771
SOLUSDT,2022-10-06,18,1.0141548272973215
SOLUSDT,2022-10-07,8,1.0883584987947508
SOLUSDT,2022-10-08,3,0.41505107327502533
SOLUSDT,2022-10-09,5,0.13687887317639813
SOLUSDT,2022-10-10,3,1.1259247130575409
SOLUSDT,2022-10-11,14,1.7979044066167462
SOLUSDT,2022-10-12,19,-0.3532595458728629
SOLUSDT,2022-10-13,13,-0.1249759946192992
SOLUSDT,2022-10-14,11,0.38699705515994054
SOLUSDT,2022-10-15,4,1.4785575457128941
SOLUSDT,2022-10-16,5,-1.0564764688436039
SOLUSDT,2022-10-17,7,-1.3872319878652104
SOLUSDT,2022-10-18,13,0.68813157929946023
SOLUSDT,2022-10-19,13,1.2886627214257518
SOLUSDT,2022-10-20,9,0.94837457779898071
SOLUSDT,2022-10-21,11,-0.076081627093687682
SOLUSDT,2022-10-22,6,2.716972822356281
SOLUSDT,2022-10-23,7,0.008399390896579817
SOLUSDT,2022-10-24,7,-0.2030399355737087
SOLUSDT,2022-10-25,12,2.3973054199585397
SOLUSDT,2022-10-26,11,-0.82535778188847819
SOLUSDT,2022-10-27,12,0.11808049406992563
SOLUSDT,2022-10-28,4,-3.1405415448781628
SOLUSDT,2022-10-29,4,2.0044260397916895
SOLUSDT,2022-10-30,4,0.29913275383953586
SOLUSDT,2022-10-31,4,-0.35339979022648504
SOLUSDT,2022-11-01,5,2.5499045413882073
SOLUSDT,2022-11-02,8,2.7464768252621479
SOLUSDT,2022-11-03,13,3.3180125434481762
SOLUSDT,2022-11-04,15,3.119419922471188
SOLUSDT,2022-11-05,8,0.24600147743159784
SOLUSDT,2022-11-06,10,0.70543848954256438
SOLUSDT,2022-11-07,10,0.18474027127472092
SOLUSDT,2022-11-08,13,0.3148735030134322
SOLUSDT,2022-11-09,30,-0.12396758923118684
SOLUSDT,2022-11-10,34,-0.10182144845639063
SOLUSDT,2022-11-11,4,-0.69181462577235719
SOLUSDT,2022-11-12,9,0.53925585016788125
SOLUSDT,2022-11-13,7,-0.76711792800434231
SOLUSDT,2022-11-14,7,-1.5017452837026304
SOLUSDT,2022-11-15,15,-0.49941034022744213
SOLUSDT,2022-11-16,10,-1.4079385179771013
SOLUSDT,2022-11-17,15,-0.27828715808400484
SOLUSDT,2022-11-18,17,-0.695005833752732
SOLUSDT,2022-11-19,7,-0.28315956682733523
SOLUSDT,2022-11-20,4,-2.785214576205195
SOLUSDT,2022-11-21,9,-0.13422557058573797
SOLUSDT,2022-11-22,6,-0.80200901423521875
SOLUSDT,2022-11-23,16,1.8662239433196919
SOLUSDT,2022-11-24,5,2.0456740330479661
SOLUSDT,2022-11-25,4,0.65133360851263478
SOLUSDT,2022-11-26,7,1.7784885810811104
SOLUSDT,2022-11-27,2,-3.082191780821915
SOLUSDT,2022-11-28,8,2.2909386665248412
SOLUSDT,2022-11-29,7,-0.70306807966048557
SOLUSDT,2022-11-30,4,-0.36638753058508056
SOLUSDT,2022-12-01,2,0.98109718512430488
SOLUSDT,2022-12-02,39,1.9857989380792127
SOLUSDT,2022-12-03,6,3.1735160080809117
SOLUSDT,2022-12-04,1,-0.909090909090909
SOLUSDT,2022-12-05,5,3.33868980732793
SOLUSDT,2022-12-06,10,3.4544432403250829
SOLUSDT,2022-12-07,19,0.97670123606592019
SOLUSDT,2022-12-08,21,-0.54201167004092776
SOLUSDT,2022-12-09,15,-1.1436810743391481
SOLUSDT,2022-12-10,4,1.2801931951137449
SOLUSDT,2022-12-11,9,0.490278711374445
SOLUSDT,2022-12-12,8,-3.3439346901188864
SOLUSDT,2022-12-13,14,1.5944020018455369
SOLUSDT,2022-12-14,6,-0.40383974898836139
SOLUSDT,2022-12-15,6,1.56105645652645
SOLUSDT,2022-12-16,43,-2.9013248218967562
SOLUSDT,2022-12-17,20,-4.285400634813727
SOLUSDT,2022-12-18,3,2.47313618006184
SOLUSDT,2022-12-19,15,1.9936925236588436
SOLUSDT,2022-12-20,5,-0.38696764812423612
SOLUSDT,2022-12-21,13,-3.0199607424066519
SOLUSDT,2022-12-22,14,-1.0280920006527794
SOLUSDT,2022-12-23,12,-1.789074289044766
SOLUSDT,2022-12-24,6,0.33082016034197492
SOLUSDT,2022-12-25,3,-1.2161740549550635
SOLUSDT,2022-12-26,6,0.26388781862569743
SOLUSDT,2022-12-27,5,1.2509028663499229
SOLUSDT,2022-12-28,14,-1.5316195872418348
SOLUSDT,2022-12-29,8,-1.027323587911025
SOLUSDT,2022-12-30,15,-0.23112286749962954
SOLUSDT,2022-12-31,7,-0.47311767566173157
SOLUSDT,2023-01-01,2,0.828500414250207
SOLUSDT,2023-01-02,8,0.09207064311940702
SOLUSDT,2023-01-03,11,0.069042278734200435
SOLUSDT,2023-01-04,13,0.8034255366274019
SOLUSDT,2023-01-05,5,-1.0945488045406642
SOLUSDT,2023-01-06,9,0.66883001844508194
SOLUSDT,2023-01-07,5,-0.77022903608691884
SOLUSDT,2023-01-08,4,0.35401870538022617
SOLUSDT,2023-01-09,17,-0.994361511429341
SOLUSDT,2023-01-10,14,1.1181688971562915
SOLUSDT,2023-01-11,8,0.39268889388135486
SOLUSDT,2023-01-12,6,1.3026833542460818
SOLUSDT,2023-01-13,7,-0.96600425618692776
SOLUSDT,2023-01-14,6,0.39870667252756686
SOLUSDT,2023-01-15,5,0.90635569720286824
SOLUSDT,2023-01-16,3,-2.2650045997594
SOLUSDT,2023-01-17,8,1.9774860993465939
SOLUSDT,2023-01-18,22,1.4251438777678662
SOLUSDT,2023-01-19,16,1.2025879565813971
SOLUSDT,2023-01-20,9,-0.30557668397820581
SOLUSDT,2023-01-21,7,-2.6947607406302287
SOLUSDT,2023-01-22,15,0.77502934789165789
SOLUSDT,2023-01-23,1,-2.39651416122004
SOLUSDT,2023-01-24,8,-2.0096823486156952
SOLUSDT,2023-01-25,7,-0.23030490585631436
SOLUSDT,2023-01-26,6,-3.2251736159591871
SOLUSDT,2023-01-27,12,0.73232021105146838
SOLUSDT,2023-01-28,6,1.0239509436609566
SOLUSDT,2023-01-29,5,1.4595940850983293
SOLUSDT,2023-01-30,3,1.7651715631260878
SOLUSDT,2023-01-31,8,1.258320809256932
SOLUSDT,2023-02-01,8,1.8198427909867467
SOLUSDT,2023-02-02,5,-1.2793108354878289
SOLUSDT,2023-02-03,1,-1.16618075801749
SOLUSDT,2023-02-04,2,0.31549709294357475
SOLUSDT,2023-02-05,5,1.2547215455485596
SOLUSDT,2023-02-06,22,-3.1438659869295127
SOLUSDT,2023-02-07,16,-2.1454147474300682
SOLUSDT,2023-02-08,5,0.91414548069183188
SOLUSDT,2023-02-09,9,0.24189634573541005
SOLUSDT,2023-02-10,8,-0.55913613154092512
SOLUSDT,2023-02-11,38,2.3705566951696211
SOLUSDT,2023-02-12,3,2.28442421582493
SOLUSDT,2023-02-13,10,-0.59354538781295152
SOLUSDT,2023-02-14,7,-0.64327219181399009
SOLUSDT,2023-02-15,14,0.67134347889972856
SOLUSDT,2023-02-16,5,0.6961193009150084
SOLUSDT,2023-02-17,6,0.53963755336957231
SOLUSDT,2023-02-18,11,-2.1482395498988587
SOLUSDT,2023-02-19,7,0.28073866364827582
SOLUSDT,2023-02-20,5,0.841456216417326
SOLUSDT,2023-02-21,12,0.3598478782489235
SOLUSDT,2023-02-22,17,1.2269873555390645
SOLUSDT,2023-02-23,6,-2.4347277011248192
SOLUSDT,2023-02-24,9,-0.595434569414284
SOLUSDT,2023-02-25,7,0.68569746230627993
SOLUSDT,2023-02-26,3,0.54068089135979669
SOLUSDT,2023-02-27,13,-0.49432527536891258
SOLUSDT,2023-02-28,14,-0.95351655476912578
SOLUSDT,2023-03-01,13,-0.21046366831600744
SOLUSDT,2023-03-02,10,2.4776841343289768
SOLUSDT,2023-03-03,8,1.339508542966761
SOLUSDT,2023-03-04,6,-3.0455078747346169
SOLUSDT,2023-03-05,7,0.48460658951754354
SOLUSDT,2023-03-06,5,-3.1828715238605931
SOLUSDT,2023-03-07,17,-1.9343128491782409
SOLUSDT,2023-03-08,9,-2.2821078791007814
SOLUSDT,2023-03-09,13,0.43192695564625577
SOLUSDT,2023-03-10,4,1.200707888054465
SOLUSDT,2023-03-11,6,-0.34939231302363027
SOLUSDT,2023-03-12,6,-0.27154470369646155
SOLUSDT,2023-03-13,2,2.64079038966139
SOLUSDT,2023-03-14,7,-0.0066663434938342148
SOLUSDT,2023-03-15,6,1.6976805669106814
SOLUSDT,2023-03-16,5,-0.620271680300289
SOLUSDT,2023-03-17,5,0.25880290416840213
SOLUSDT,2023-03-18,8,-2.8988901819898314
SOLUSDT,2023-03-19,4,1.0508356294470742
SOLUSDT,2023-03-20,7,-0.099950049394878976
SOLUSDT,2023-03-21,9,0.62230625404216333
SOLUSDT,2023-03-22,5,-0.3201997020953754
SOLUSDT,2023-03-23,9,-0.054041969446381788
SOLUSDT,2023-03-24,31,-1.4092771569833946
SOLUSDT,2023-03-25,15,0.27528962057841605
SOLUSDT,2023-03-26,13,0.563824471417568
SOLUSDT,2023-03-27,12,0.68922560961855828
SOLUSDT,2023-03-28,19,-0.10349292609895816
SOLUSDT,2023-03-29,17,1.8253312792950802
SOLUSDT,2023-03-30,15,1.4562870118766682
SOLUSDT,2023-03-31,20,0.49446524692594218
SOLUSDT,2023-04-01,16,0.84693473876190861
SOLUSDT,2023-04-02,4,0.90667333928843674
SOLUSDT,2023-04-03,26,-0.70897746536722317
SOLUSDT,2023-04-04,16,-0.046997690317726229
SOLUSDT,2023-04-05,14,1.2854598068238794
SOLUSDT,2023-04-06,10,-1.32764296725678
SOLUSDT,2023-04-07,16,1.5563430250394872
SOLUSDT,2023-04-08,6,1.6458198360460234
SOLUSDT,2023-04-09,9,1.3978526486740317
SOLUSDT,2023-04-10,10,1.58695214821
SOLUSDT,2023-04-11,11,1.6742188708287045
SOLUSDT,2023-04-12,16,1.16695532064843
SOLUSDT,2023-04-13,35,-0.095441512026034209
SOLUSDT,2023-04-14,24,0.609502080558489
SOLUSDT,2023-04-15,10,1.2800312832300902
SOLUSDT,2023-04-16,9,0.45562763264091632
SOLUSDT,2023-04-17,40,-1.8287906138081385
SOLUSDT,2023-04-18,22,-0.24117170252254391
SOLUSDT,2023-04-19,9,1.8624828789141046
SOLUSDT,2023-04-20,14,0.27929071858544285
SOLUSDT,2023-04-21,18,-0.30266440068409761
SOLUSDT,2023-04-22,9,0.910531338122893
SOLUSDT,2023-04-23,8,1.3238483793876004
SOLUSDT,2023-04-24,16,0.49382312771848774
SOLUSDT,2023-04-25,22,1.9414610012943874
SOLUSDT,2023-04-26,16,2.8363861961107935
SOLUSDT,2023-04-27,15,1.5272842249151921
SOLUSDT,2023-04-28,15,0.17609295896901128
SOLUSDT,2023-04-29,16,1.1063316228156854
SOLUSDT,2023-04-30,7,-1.24383755486117
SOLUSDT,2023-05-01,18,1.2696428424280137
SOLUSDT,2023-05-02,12,1.6651765475485991
SOLUSDT,2023-05-03,16,1.7399418192635203
SOLUSDT,2023-05-04,13,1.4680638958836534
SOLUSDT,2023-05-05,21,1.9756298545559234
SOLUSDT,2023-05-06,21,-0.033017565809304567
SOLUSDT,2023-05-07,9,1.4306466470685375
SOLUSDT,2023-05-08,35,0.43281718861089735
SOLUSDT,2023-05-09,36,1.8987139016610495
SOLUSDT,2023-05-10,13,0.80649306844329693
SOLUSDT,2023-05-11,10,0.71181896534447353
SOLUSDT,2023-05-12,20,1.9437938683059155
SOLUSDT,2023-05-13,5,1.7714110460040779
SOLUSDT,2023-05-14,8,1.54746345514982
SOLUSDT,2023-05-15,8,1.3271205936297219
SOLUSDT,2023-05-16,11,0.011549196101247994
SOLUSDT,2023-05-17,22,0.082450116243877547
SOLUSDT,2023-05-18,26,-0.51300492036777445
SOLUSDT,2023-05-19,10,0.99587584247617889
SOLUSDT,2023-05-20,6,2.3772625756308
SOLUSDT,2023-05-21,7,-0.60844797448745125
SOLUSDT,2023-05-22,15,1.4722724931098377
SOLUSDT,2023-05-23,14,2.1554895849474458
SOLUSDT,2023-05-24,17,2.2182607557578038
SOLUSDT,2023-05-25,9,0.452053529892794
SOLUSDT,2023-05-26,10,1.7656722275534034
SOLUSDT,2023-05-27,7,0.19976487587518615
SOLUSDT,2023-05-28,9,0.013830098673557917
SOLUSDT,2023-05-29,9,0.732549004832679
SOLUSDT,2023-05-30,14,2.4385869632404948
SOLUSDT,2023-05-31,23,0.81798705409046812
SOLUSDT,2023-06-01,79,-0.2967927416771215
SOLUSDT,2023-06-02,6,1.6772302660171849
SOLUSDT,2023-06-03,6,-2.0048342050585797
SOLUSDT,2023-06-04,7,0.89238594363095258
SOLUSDT,2023-06-05,9,2.1829105853428636
SOLUSDT,2023-06-06,15,-0.60453881733629355
SOLUSDT,2023-06-07,12,-0.1027759785809344
SOLUSDT,2023-06-08,19,-1.0137602969533368
SOLUSDT,2023-06-09,17,-0.40090667776001215
SOLUSDT,2023-06-10,29,0.36040452570052406
SOLUSDT,2023-06-11,20,0.098188113659035681
SOLUSDT,2023-06-12,41,-0.6978471477603817
SOLUSDT,2023-06-13,34,-0.78648957344443116
SOLUSDT,2023-06-14,20,0.497694938660276
SOLUSDT,2023-06-15,13,2.1489479888801681
SOLUSDT,2023-06-16,9,2.0901163436254269
SOLUSDT,2023-06-17,6,-0.33343348530757266
SOLUSDT,2023-06-18,9,0.012605643574763931
SOLUSDT,2023-06-19,9,1.2742489062332
SOLUSDT,2023-06-20,19,1.0510323999336715
SOLUSDT,2023-06-21,10,1.6238357844709259
SOLUSDT,2023-06-22,8,1.8133495905386727
SOLUSDT,2023-06-23,20,1.6827722529578051
SOLUSDT,2023-06-24,7,2.2213811727009625
SOLUSDT,2023-06-25,7,0.045525629916092436
SOLUSDT,2023-06-26,47,8.6660413768639373
SOLUSDT,2023-06-27,14,-0.10423491015935527
SOLUSDT,2023-06-28,9,1.8449768362366252
SOLUSDT,2023-06-29,18,1.6475837769172654
SOLUSDT,2023-06-30,14,1.0431068254022167
SOLUSDT,2023-07-01,8,0.76745271918431746
SOLUSDT,2023-07-02,5,2.2155520407253406
SOLUSDT,2023-07-03,11,0.48922373166841926
SOLUSDT,2023-07-04,14,1.5884093879223709
SOLUSDT,2023-07-05,10,0.83405558239713085
SOLUSDT,2023-07-06,7,1.4679794891367313
SOLUSDT,2023-07-07,17,-0.34115729996726984
SOLUSDT,2023-07-08,6,-0.56600554699825056
SOLUSDT,2023-07-09,6,0.96568338428719847
SOLUSDT,2023-07-10,8,0.54368726490617547
SOLUSDT,2023-07-11,16,-0.22269012616503422
SOLUSDT,2023-07-12,11,-0.63536341103786187
SOLUSDT,2023-07-13,13,1.2175148095042287
SOLUSDT,2023-07-14,17,1.3122185454202802
SOLUSDT,2023-07-15,4,-0.090733953778149967
SOLUSDT,2023-07-16,9,0.63650255821482071
SOLUSDT,2023-07-17,16,-1.9166355355086375
SOLUSDT,2023-07-18,13,0.59353333049208656
SOLUSDT,2023-07-19,27,2.1308078955837875
SOLUSDT,2023-07-20,26,1.8222853961922081
SOLUSDT,2023-07-21,23,-0.36547947972504824
SOLUSDT,2023-07-22,9,0.80584300056427116
SOLUSDT,2023-07-23,6,0.341907843229175
SOLUSDT,2023-07-24,4,3.3661168229672227
SOLUSDT,2023-07-25,10,1.3710369641022271
SOLUSDT,2023-07-26,7,0.80406165780710992
SOLUSDT,2023-07-27,26,2.0013866125593909
SOLUSDT,2023-07-28,10,-1.5807601173206574
SOLUSDT,2023-07-29,3,0.25491247772134767
SOLUSDT,2023-07-30,5,0.47392481505893208
SOLUSDT,2023-07-31,10,0.65976149759250979
SOLUSDT,2023-08-01,4,0.99931832023635891
SOLUSDT,2023-08-02,10,2.1986385963130668
SOLUSDT,2023-08-03,15,1.7317532133171423
SOLUSDT,2023-08-04,11,0.78190822672684956
SOLUSDT,2023-08-05,2,0.51778898764245851
SOLUSDT,2023-08-06,3,1.7552408769665275
SOLUSDT,2023-08-07,6,-0.803027282863449
SOLUSDT,2023-08-08,10,0.11463569967284282
SOLUSDT,2023-08-09,11,-0.49256042675029865
SOLUSDT,2023-08-10,10,1.9663983397308764
SOLUSDT,2023-08-11,10,-1.0396470566211271
SOLUSDT,2023-08-12,5,-1.1962499785562533
SOLUSDT,2023-08-13,5,1.1858999870922686
SOLUSDT,2023-08-14,17,1.8112066935837858
SOLUSDT,2023-08-15,10,1.6278363924046808
SOLUSDT,2023-08-16,5,-1.8805042077018379
SOLUSDT,2023-08-17,8,0.72676801916844413
SOLUSDT,2023-08-18,6,0.535638116559685
SOLUSDT,2023-08-19,5,-0.46873560669529191
SOLUSDT,2023-08-20,3,-3.0367221825232926
SOLUSDT,2023-08-21,14,1.9858804671078329
SOLUSDT,2023-08-22,9,1.2703916215939097
SOLUSDT,2023-08-23,18,1.3452832129188312
SOLUSDT,2023-08-24,29,0.23813243557982519
SOLUSDT,2023-08-25,21,1.5046714708105002
SOLUSDT,2023-08-26,5,0.47552792104534941
SOLUSDT,2023-08-27,7,1.0104674828901847
SOLUSDT,2023-08-28,14,0.13023483234686484
SOLUSDT,2023-08-29,19,1.6168920281923207
SOLUSDT,2023-08-30,4,-0.64810787321828267
SOLUSDT,2023-08-31,12,0.89934566848815178
SOLUSDT,2023-09-01,18,-1.5432419584877497
SOLUSDT,2023-09-02,3,3.74210649983846
SOLUSDT,2023-09-03,6,1.5693324654165384
SOLUSDT,2023-09-04,9,3.0077650386143415
SOLUSDT,2023-09-05,15,1.7234115662912421
SOLUSDT,2023-09-06,11,1.1299895728626419
SOLUSDT,2023-09-07,71,-0.55690799839706673
SOLUSDT,2023-09-08,10,0.651345949874742
SOLUSDT,2023-09-09,7,0.60647523075199394
SOLUSDT,2023-09-10,10,0.44977507716177689
SOLUSDT,2023-09-11,19,1.207657639676764
SOLUSDT,2023-09-12,14,2.041737625820089
SOLUSDT,2023-09-13,129,-3.3721752720032185
SOLUSDT,2023-09-14,77,1.7438719020503051
SOLUSDT,2023-09-15,7,1.0817483770514409
SOLUSDT,2023-09-16,2,0.58811925135008714
SOLUSDT,2023-09-17,2,-0.07931807606074992
SOLUSDT,2023-09-18,7,0.95386314353429158
SOLUSDT,2023-09-19,10,1.5886146571703954
SOLUSDT,2023-09-20,3,-1.1264063819777235
SOLUSDT,2023-09-21,11,1.4051822019531477
SOLUSDT,2023-09-22,13,-0.9730138113986031
SOLUSDT,2023-09-23,4,0.51233289605947885
SOLUSDT,2023-09-24,3,2.0515915175074766
SOLUSDT,2023-09-25,11,1.7753245995833804
SOLUSDT,2023-09-26,11,2.0594158787369641
SOLUSDT,2023-09-27,3,-2.950819771657847
SOLUSDT,2023-09-28,13,1.2140441107735014
SOLUSDT,2023-09-29,11,2.034287843787713
SOLUSDT,2023-09-30,14,2.4067871552330056
SOLUSDT,2023-10-01,9,0.95412158209349851
SOLUSDT,2023-10-02,11,2.3213404178560406
SOLUSDT,2023-10-03,18,1.7760115663031129
SOLUSDT,2023-10-04,37,2.6543295003037906
SOLUSDT,2023-10-05,13,1.5632422763505538
SOLUSDT,2023-10-06,13,0.27701382364352051
SOLUSDT,2023-10-07,7,0.66871169194884217
SOLUSDT,2023-10-08,5,1.090691290158746
SOLUSDT,2023-10-09,8,1.9047687620926217
SOLUSDT,2023-10-10,8,-0.46325491557634
SOLUSDT,2023-10-11,11,1.7981855631216774
SOLUSDT,2023-10-12,7,0.908473939833945
SOLUSDT,2023-10-13,9,1.0913358719010924
SOLUSDT,2023-10-14,10,-0.11696117194630695
SOLUSDT,2023-10-15,13,0.55343778221712037
SOLUSDT,2023-10-16,19,1.7123069712789258
SOLUSDT,2023-10-17,22,0.45551998819189271
SOLUSDT,2023-10-18,14,0.2525953964688506
SOLUSDT,2023-10-19,12,1.7684097054380858
SOLUSDT,2023-10-20,29,4.5394877107907918
SOLUSDT,2023-10-21,7,0.16488029372987567
SOLUSDT,2023-10-22,5,1.1623829356339308
SOLUSDT,2023-10-23,12,1.8472574993966746
SOLUSDT,2023-10-24,8,2.4066772813055315
SOLUSDT,2023-10-25,13,1.4979640568913368
SOLUSDT,2023-10-26,15,1.0110687970895298
SOLUSDT,2023-10-27,17,0.95188780651108451
SOLUSDT,2023-10-28,7,-0.21908236824086491
SOLUSDT,2023-10-29,3,4.0552446138584664
SOLUSDT,2023-10-30,19,-0.48501010189384308
SOLUSDT,2023-10-31,22,1.5654055415372521
SOLUSDT,2023-11-01,24,1.3684742596120776
SOLUSDT,2023-11-02,14,0.50919679212453706
SOLUSDT,2023-11-03,19,-0.083485416191221032
SOLUSDT,2023-11-04,10,3.0510332788164924
SOLUSDT,2023-11-05,2,-2.5179720461027175
SOLUSDT,2023-11-06,11,0.082828026584777073
SOLUSDT,2023-11-07,10,0.51523901265029193
SOLUSDT,2023-11-08,14,0.76693378367687615
SOLUSDT,2023-11-09,22,1.0927641776761121
SOLUSDT,2023-11-10,16,2.2221396698094034
SOLUSDT,2023-11-11,7,2.5094017269194433
SOLUSDT,2023-11-12,6,1.8739478571970354
SOLUSDT,2023-11-13,75,1.3113202113665432
SOLUSDT,2023-11-14,18,-0.68312049019242393
SOLUSDT,2023-11-15,24,1.0702315470071593
SOLUSDT,2023-11-16,45,1.66431341306884
SOLUSDT,2023-11-17,27,2.9740655400334455
SOLUSDT,2023-11-18,4,1.7160235439573799
SOLUSDT,2023-11-19,4,3.7679156124012603
SOLUSDT,2023-11-20,13,-1.0332840572896425
SOLUSDT,2023-11-21,12,0.88749423799270044
SOLUSDT,2023-11-22,8,2.556343541266247
SOLUSDT,2023-11-23,4,1.1891530233698939
SOLUSDT,2023-11-24,13,1.6682054424593651
SOLUSDT,2023-11-25,6,0.49738934529703149
SOLUSDT,2023-11-26,6,1.7611789864671585
SOLUSDT,2023-11-27,4,2.4246443756050002
SOLUSDT,2023-11-28,17,1.4650535677502183
SOLUSDT,2023-11-29,13,1.2074852131351868
SOLUSDT,2023-11-30,6,3.1538907409063097
SOLUSDT,2023-12-01,19,2.2012630687155132
SOLUSDT,2023-12-02,8,1.9787915272168839
SOLUSDT,2023-12-03,19,2.6855468368187867
SOLUSDT,2023-12-04,13,1.5109772132309862
SOLUSDT,2023-12-05,13,1.6409131695705566
SOLUSDT,2023-12-06,10,1.8998134977379904
SOLUSDT,2023-12-07,23,1.368915170354474
SOLUSDT,2023-12-08,14,1.9474449837651866
SOLUSDT,2023-12-09,11,2.0678072964302707
SOLUSDT,2023-12-10,7,2.1850980377471414
SOLUSDT,2023-12-11,13,1.0627608893986693
SOLUSDT,2023-12-12,19,1.5779904790474473
SOLUSDT,2023-12-13,12,1.5962695992440412
SOLUSDT,2023-12-14,3,1.0471659384830336
SOLUSDT,2023-12-15,25,1.0915476308130123
SOLUSDT,2023-12-16,7,0.4390689806590613
SOLUSDT,2023-12-17,10,1.1339280280510091
SOLUSDT,2023-12-18,26,0.78589933038734594
SOLUSDT,2023-12-19,21,1.6779337372249499
SOLUSDT,2023-12-20,18,1.8572960244323298
SOLUSDT,2023-12-21,20,0.67148908454235445
SOLUSDT,2023-12-22,22,1.0462103475979896
SOLUSDT,2023-12-23,13,-0.1416396984732754
SOLUSDT,2023-12-24,9,0.62168261110988676
SOLUSDT,2023-12-25,9,0.020534185576884134
SOLUSDT,2023-12-26,7,-0.043119873350363394
SOLUSDT,2023-12-27,16,1.9594509383547887
SOLUSDT,2023-12-28,16,1.1358835692601859
SOLUSDT,2023-12-29,13,1.7184382146565571
SOLUSDT,2023-12-30,9,1.4117949126873923
SOLUSDT,2023-12-31,5,-0.191011840301882
SOLUSDT,2024-01-01,12,0.716272700725897
SOLUSDT,2024-01-02,16,-1.0262106125888275
SOLUSDT,2024-01-03,7,-0.25345134030078931
SOLUSDT,2024-01-04,23,-0.67449817534393119
SOLUSDT,2024-01-05,13,1.6118644808363145
SOLUSDT,2024-01-06,5,2.465016015909828
SOLUSDT,2024-01-07,17,3.1851730598242436
SOLUSDT,2024-01-08,17,0.72058225869897563
SOLUSDT,2024-01-09,18,1.4684534519540915
SOLUSDT,2024-01-10,19,1.1714347123520774
SOLUSDT,2024-01-11,15,0.35379212936617727
SOLUSDT,2024-01-12,12,1.3408485197017743
SOLUSDT,2024-01-13,10,2.5299208353399716
SOLUSDT,2024-01-14,7,-0.0856129481766933
SOLUSDT,2024-01-15,16,1.0432948132664863
SOLUSDT,2024-01-16,37,2.3223719147671473
SOLUSDT,2024-01-17,17,0.34043606776185864
SOLUSDT,2024-01-18,31,1.8692221066615042
SOLUSDT,2024-01-19,20,0.68824053768308791
SOLUSDT,2024-01-20,10,2.3105372950331127
SOLUSDT,2024-01-21,8,1.9533390903378809
SOLUSDT,2024-01-22,12,3.4738334728800266
SOLUSDT,2024-01-23,18,1.5685063873239797
SOLUSDT,2024-01-24,22,2.3138722944440486
SOLUSDT,2024-01-25,33,2.3038341371431859
SOLUSDT,2024-01-26,16,3.2395165142194804
SOLUSDT,2024-01-27,21,0.28136618116952133
SOLUSDT,2024-01-28,11,1.4521630194484991
SOLUSDT,2024-01-29,28,1.5859414761129891
SOLUSDT,2024-01-30,18,1.8218237940039108
SOLUSDT,2024-01-31,22,1.3415607195193215
SOLUSDT,2024-02-01,24,-0.19272922874667398
SOLUSDT,2024-02-02,28,2.8711217028082361
SOLUSDT,2024-02-03,14,0.87769793704495691
SOLUSDT,2024-02-04,16,2.9585090852821292
SOLUSDT,2024-02-05,103,6.4267800481551092
SOLUSDT,2024-02-06,33,-1.0256451262306183
SOLUSDT,2024-02-07,18,1.3663842711617733
SOLUSDT,2024-02-08,21,1.3121371231955208
SOLUSDT,2024-02-09,29,2.2730517215632466
SOLUSDT,2024-02-10,7,0.73329472631666492
SOLUSDT,2024-02-11,15,1.0353033039639752
SOLUSDT,2024-02-12,20,2.3317507844541017
SOLUSDT,2024-02-13,25,1.0865636996777173
SOLUSDT,2024-02-14,24,1.1101231973432542
SOLUSDT,2024-02-15,19,2.0440858944608578
SOLUSDT,2024-02-16,15,2.0524035015053808
SOLUSDT,2024-02-17,7,1.9722772695053137
SOLUSDT,2024-02-18,6,-1.1565778557139179
SOLUSDT,2024-02-19,10,0.15433099862645761
SOLUSDT,2024-02-20,17,2.1431487008667576
SOLUSDT,2024-02-21,15,0.07958492186251323
SOLUSDT,2024-02-22,24,0.84431050938932584
SOLUSDT,2024-02-23,14,1.6926530689505206
SOLUSDT,2024-02-24,10,1.0257625413925504
SOLUSDT,2024-02-25,10,1.0067292758837787
SOLUSDT,2024-02-26,15,3.1663480636897932
SOLUSDT,2024-02-27,16,2.0837031603785272
SOLUSDT,2024-02-28,20,1.6930893233771163
SOLUSDT,2024-02-29,20,2.4682932884831779
SOLUSDT,2024-03-01,18,1.1760601639353283
SOLUSDT,2024-03-02,13,2.2872592052124117
SOLUSDT,2024-03-03,6,2.4256471877849881
SOLUSDT,2024-03-04,33,3.4086152867094359
SOLUSDT,2024-03-05,27,0.15675140171396218
SOLUSDT,2024-03-06,43,1.8586376989032549
SOLUSDT,2024-03-07,47,1.5085655665597666
SOLUSDT,2024-03-08,28,1.937491293707835
SOLUSDT,2024-03-09,13,1.3879176819452186
SOLUSDT,2024-03-10,7,0.60013642763458
SOLUSDT,2024-03-11,9,1.68443968848633
SOLUSDT,2024-03-12,40,2.3278649938339293
SOLUSDT,2024-03-13,14,3.0294340485133029
SOLUSDT,2024-03-14,190,4.8270931759812887
SOLUSDT,2024-03-15,29,-1.7172229394855525
SOLUSDT,2024-03-16,13,0.47547563985272823
SOLUSDT,2024-03-17,9,1.7913700051414199
SOLUSDT,2024-03-18,26,1.1865079906346216
SOLUSDT,2024-03-19,28,-0.33043900958928929
SOLUSDT,2024-03-20,25,-0.8670913974735257
SOLUSDT,2024-03-21,11,1.6649440124505381
SOLUSDT,2024-03-22,28,1.935269947529481
SOLUSDT,2024-03-23,21,-0.12157082347578996
SOLUSDT,2024-03-24,38,-2.4114222502826435
SOLUSDT,2024-03-25,16,-2.1545893686624358
SOLUSDT,2024-03-26,17,1.1628108322233748
SOLUSDT,2024-03-27,25,0.40089409684887278
SOLUSDT,2024-03-28,25,1.2663583388557618
SOLUSDT,2024-03-29,24,0.83686911719990609
SOLUSDT,2024-03-30,12,-0.25090556251398133
SOLUSDT,2024-03-31,10,3.43322787398846
SOLUSDT,2024-04-01,19,-0.046264655505758673
SOLUSDT,2024-04-02,192,6.8733797286797973
SOLUSDT,2024-04-03,27,2.0151976828219493
SOLUSDT,2024-04-04,21,2.2040568304149653
SOLUSDT,2024-04-05,26,-0.84248522576603024
SOLUSDT,2024-04-06,15,-0.12956971533193906
SOLUSDT,2024-04-07,9,0.88581267300019706
SOLUSDT,2024-04-08,33,2.107175112093123
SOLUSDT,2024-04-09,30,1.5524272347140642
SOLUSDT,2024-04-10,32,1.371893248639976
SOLUSDT,2024-04-11,21,1.6972809521793111
SOLUSDT,2024-04-12,35,1.1150563909522466
SOLUSDT,2024-04-13,11,0.25964372634261063
SOLUSDT,2024-04-14,24,4.2264641454460783
SOLUSDT,2024-04-15,47,1.4622205508126962
SOLUSDT,2024-04-16,35,0.07377060025499213
SOLUSDT,2024-04-17,38,0.867862183572601
SOLUSDT,2024-04-18,12,-0.78118455588707347
SOLUSDT,2024-04-19,22,-0.69032787309976906
SOLUSDT,2024-04-20,9,1.6189535526177656
SOLUSDT,2024-04-21,8,1.0567792066694133
SOLUSDT,2024-04-22,13,0.624888515877157
SOLUSDT,2024-04-23,16,0.89333975876730276
SOLUSDT,2024-04-24,34,0.88114802412926763
SOLUSDT,2024-04-25,17,1.7595082097184029
SOLUSDT,2024-04-26,18,1.3597470865004397
SOLUSDT,2024-04-27,15,2.2547353661288918
SOLUSDT,2024-04-28,12,3.3768547243979912
SOLUSDT,2024-04-29,11,4.2174946545945433
SOLUSDT,2024-04-30,16,1.1322293300821584
SOLUSDT,2024-05-01,27,3.2120323762985286
SOLUSDT,2024-05-02,22,1.4023548956490135
SOLUSDT,2024-05-03,10,1.2514081761687974
SOLUSDT,2024-05-04,12,2.3421755469238108
SOLUSDT,2024-05-05,13,0.98743688299988319
SOLUSDT,2024-05-06,14,1.9986672124502587
SOLUSDT,2024-05-07,22,2.4236767732389932
SOLUSDT,2024-05-08,19,2.6670052426700814
SOLUSDT,2024-05-09,14,1.4628280186277181
SOLUSDT,2024-05-10,41,0.60610362729352751
SOLUSDT,2024-05-11,11,0.55418628840492834
SOLUSDT,2024-05-12,6,2.8884841188452777
SOLUSDT,2024-05-13,23,1.6099880649823415
SOLUSDT,2024-05-14,25,1.4679289314583832
SOLUSDT,2024-05-15,21,0.6489720713208359
SOLUSDT,2024-05-16,22,0.82186989898800855
SOLUSDT,2024-05-17,19,2.4568557167590632
SOLUSDT,2024-05-18,15,1.5160154917673758
SOLUSDT,2024-05-19,7,0.22182274721848677
SOLUSDT,2024-05-20,33,1.7245964991863243
SOLUSDT,2024-05-21,30,2.786768693584881
SOLUSDT,2024-05-22,23,2.3387836418844521
SOLUSDT,2024-05-23,22,1.96090476049585
SOLUSDT,2024-05-24,18,1.3645300963331055
SOLUSDT,2024-05-25,16,1.7569641841487442
SOLUSDT,2024-05-26,15,0.49077975964074616
SOLUSDT,2024-05-27,56,-0.34445865816905386
SOLUSDT,2024-05-28,37,1.481477275444699
SOLUSDT,2024-05-29,24,0.91240094435497332
SOLUSDT,2024-05-30,28,1.4760406090278728
SOLUSDT,2024-05-31,20,1.2965781400065035
SOLUSDT,2024-06-01,17,1.5464101771388359
SOLUSDT,2024-06-02,8,3.9513631622366816
SOLUSDT,2024-06-03,31,2.4094551045849362
SOLUSDT,2024-06-04,23,-0.25937721416736981
SOLUSDT,2024-06-05,28,1.8384041626426788
SOLUSDT,2024-06-06,24,0.26292348210026062
SOLUSDT,2024-06-07,14,1.7909524203801337
SOLUSDT,2024-06-08,11,1.8256203465238403
SOLUSDT,2024-06-09,19,0.79043278506523407
SOLUSDT,2024-06-10,46,0.040364862549785052
SOLUSDT,2024-06-11,22,0.92883362154128213
SOLUSDT,2024-06-12,22,2.3404383242093534
SOLUSDT,2024-06-13,30,2.2917834077451866
SOLUSDT,2024-06-14,13,2.3456458454331006
SOLUSDT,2024-06-15,15,1.1919553084098817
SOLUSDT,2024-06-16,11,2.2359038963270645
SOLUSDT,2024-06-17,9,2.3438627882145586
SOLUSDT,2024-06-18,28,0.81389448325883029
SOLUSDT,2024-06-19,19,2.8350720620431038
SOLUSDT,2024-06-20,37,1.3457987977877468
SOLUSDT,2024-06-21,26,2.3019601467253512
SOLUSDT,2024-06-22,13,2.13304641492361
SOLUSDT,2024-06-23,5,1.551968155786472
SOLUSDT,2024-06-24,20,0.64194497445310794
SOLUSDT,2024-06-25,29,0.32354882254288847
SOLUSDT,2024-06-26,47,2.8521647489359117
SOLUSDT,2024-06-27,29,-0.17674919146007328
SOLUSDT,2024-06-28,51,1.4409237756983138
SOLUSDT,2024-06-29,25,0.856928047283849
SOLUSDT,2024-06-30,375,1.5913267589536475
SOLUSDT,2024-07-01,396,2.8221910849914877
SOLUSDT,2024-07-02,28,1.0824112912773645
SOLUSDT,2024-07-03,13,3.4160691330447071
SOLUSDT,2024-07-04,11,2.125033739831121
SOLUSDT,2024-07-05,7,0.36352991324778872
SOLUSDT,2024-07-06,4,0.93595804017525208
SOLUSDT,2024-07-07,6,-3.4911205369279896
SOLUSDT,2024-07-08,6,-0.82930206377143589
SOLUSDT,2024-07-09,24,1.6754408425566991
SOLUSDT,2024-07-10,15,2.3439614697785709
SOLUSDT,2024-07-11,12,2.6244611444047541
SOLUSDT,2024-07-12,22,2.0886430432088274
SOLUSDT,2024-07-13,7,-0.30207776590326707
SOLUSDT,2024-07-14,9,1.9911960393655859
SOLUSDT,2024-07-15,16,0.21159154405079911
SOLUSDT,2024-07-16,25,-0.98242718548079011
SOLUSDT,2024-07-17,15,-0.0021585486432395273
SOLUSDT,2024-07-18,19,0.68431993523501267
SOLUSDT,2024-07-19,11,2.3637946530316141
SOLUSDT,2024-07-20,5,3.5787957826205696
SOLUSDT,2024-07-21,5,0.10186017569739569
SOLUSDT,2024-07-22,9,3.0069675596102639
SOLUSDT,2024-07-23,16,2.1448660011881522
SOLUSDT,2024-07-24,9,2.658695029017232
SOLUSDT,2024-07-25,7,2.4713941678313343
SOLUSDT,2024-07-26,9,3.6134955041193613
SOLUSDT,2024-07-27,7,2.1185087969375944
SOLUSDT,2024-07-28,5,1.25865757618319
SOLUSDT,2024-07-29,7,2.2733198110129473
SOLUSDT,2024-07-30,21,2.6479655160354993
SOLUSDT,2024-07-31,13,-0.15741456704809237
SOLUSDT,2024-08-01,14,3.4670867721460237
SOLUSDT,2024-08-02,7,3.1866663777655457
SOLUSDT,2024-08-03,5,2.1972110937035003
SOLUSDT,2024-08-04,5,0.91600471389574989
SOLUSDT,2024-08-05,11,-1.1482500942776164
SOLUSDT,2024-08-06,14,0.57973207600001286
SOLUSDT,2024-08-07,11,1.4866818140261129
SOLUSDT,2024-08-08,25,1.0582572812597673
SOLUSDT,2024-08-09,9,-0.15356099781250898
SOLUSDT,2024-08-10,6,1.9317194225362728
SOLUSDT,2024-08-11,4,1.3684111157891927
SOLUSDT,2024-08-12,8,1.4139396232180486
SOLUSDT,2024-08-13,17,3.1165521068882582
SOLUSDT,2024-08-14,18,2.9519161755117134
SOLUSDT,2024-08-15,18,0.1342375208277562
SOLUSDT,2024-08-16,13,2.0280526395712566
SOLUSDT,2024-08-17,5,1.9803290606264681
SOLUSDT,2024-08-18,4,0.53753181875426947
SOLUSDT,2024-08-19,11,3.2946841087555363
SOLUSDT,2024-08-20,8,0.31408165856256826
SOLUSDT,2024-08-21,17,0.43805348009186218
SOLUSDT,2024-08-22,13,1.1418256725436509
SOLUSDT,2024-08-23,12,2.4983720599969024
SOLUSDT,2024-08-24,7,-0.066328967617465651
SOLUSDT,2024-08-25,5,1.8044989187128886
SOLUSDT,2024-08-26,11,2.4826818754595386
SOLUSDT,2024-08-27,12,2.6073993625176444
SOLUSDT,2024-08-28,8,2.4287419717330012
SOLUSDT,2024-08-29,12,2.0413126414094349
SOLUSDT,2024-08-30,11,1.6739375514158403
SOLUSDT,2024-08-31,12,0.83130630954171347
SOLUSDT,2024-09-01,7,-1.6075169286201034
SOLUSDT,2024-09-02,7,1.0586584010675182
SOLUSDT,2024-09-03,21,2.0715184817636789
SOLUSDT,2024-09-04,13,0.075771843046048337
SOLUSDT,2024-09-05,10,1.2225973853802619
SOLUSDT,2024-09-06,16,1.6017305273234141
SOLUSDT,2024-09-07,9,2.0797522393792525
SOLUSDT,2024-09-08,5,0.9709817248503041
SOLUSDT,2024-09-09,9,-0.26445711229719648
SOLUSDT,2024-09-10,13,2.2613462799151365
SOLUSDT,2024-09-11,18,2.0276391511163694
SOLUSDT,2024-09-12,25,3.3748267150147471
SOLUSDT,2024-09-13,11,3.2938997081900929
SOLUSDT,2024-09-14,5,2.516432259248818
SOLUSDT,2024-09-15,12,0.69218251964616062
SOLUSDT,2024-09-16,16,1.9486408668202677
SOLUSDT,2024-09-17,18,1.0049105193137906
SOLUSDT,2024-09-18,20,1.0109338005529909
SOLUSDT,2024-09-19,26,1.949680329389101
SOLUSDT,2024-09-20,18,0.80621597231179
SOLUSDT,2024-09-21,10,1.0896089317703748
SOLUSDT,2024-09-22,12,1.3216807147154928
SOLUSDT,2024-09-23,24,2.1679565540799466
SOLUSDT,2024-09-24,24,1.9455117764967902
SOLUSDT,2024-09-25,14,1.1096366117659586
SOLUSDT,2024-09-26,24,2.0999825149592142
SOLUSDT,2024-09-27,20,2.5967820499435792
SOLUSDT,2024-09-28,3,-0.78162816666121882
SOLUSDT,2024-09-29,6,2.0728849460470027
SOLUSDT,2024-09-30,19,0.86908164250763642
SOLUSDT,2024-10-01,23,0.99323605906483126
SOLUSDT,2024-10-02,17,1.6668911905255512
SOLUSDT,2024-10-03,10,0.34530798845229482
SOLUSDT,2024-10-04,10,0.91862536487458846
SOLUSDT,2024-10-05,7,0.1911415286640743
SOLUSDT,2024-10-06,5,1.4753073007044466
SOLUSDT,2024-10-07,10,1.8605591536682282
SOLUSDT,2024-10-08,8,2.5964782878331207
SOLUSDT,2024-10-09,19,1.9924442032606871
SOLUSDT,2024-10-10,17,2.1973121711174888
SOLUSDT,2024-10-11,15,1.7041386600345607
SOLUSDT,2024-10-12,7,2.0780603523581678
SOLUSDT,2024-10-13,5,1.3479585286609237
SOLUSDT,2024-10-14,10,0.35807237698396577
SOLUSDT,2024-10-15,12,1.6770771798345168
SOLUSDT,2024-10-16,17,1.7552495387214271
SOLUSDT,2024-10-17,13,1.2530835997708141
SOLUSDT,2024-10-18,29,3.4439177848312523
SOLUSDT,2024-10-19,4,2.05433287165502
SOLUSDT,2024-10-20,10,3.2775309855344856
SOLUSDT,2024-10-21,9,2.2463986144313859
SOLUSDT,2024-10-22,48,3.2609271578887893
SOLUSDT,2024-10-23,19,1.6598529779796887
SOLUSDT,2024-10-24,21,-0.41522840711533
SOLUSDT,2024-10-25,30,0.065438013625035679
SOLUSDT,2024-10-26,9,0.091261907105937956
SOLUSDT,2024-10-27,8,3.3596413147684441
SOLUSDT,2024-10-28,17,1.6979835312819058
SOLUSDT,2024-10-29,25,2.8353536530356864
SOLUSDT,2024-10-30,15,3.0018560225817259
SOLUSDT,2024-10-31,26,1.8454665649968005
SOLUSDT,2024-11-01,18,1.9253184150833318
SOLUSDT,2024-11-02,12,-1.1477256653822112
SOLUSDT,2024-11-03,12,1.5081992967134434
SOLUSDT,2024-11-04,11,1.5743676501304718
SOLUSDT,2024-11-05,10,0.26809821202132944
SOLUSDT,2024-11-06,10,3.0449956964720633
SOLUSDT,2024-11-07,14,-1.7206916973945783
SOLUSDT,2024-11-08,15,2.85556583691864
SOLUSDT,2024-11-09,9,1.9532337215913276
SOLUSDT,2024-11-11,19,0.88079801177859718
SOLUSDT,2024-11-12,13,2.7154125658316821
SOLUSDT,2024-11-13,22,1.4470531620906322
SOLUSDT,2024-11-14,13,0.76559798789505751
SOLUSDT,2024-11-15,16,2.0382501981799286
SOLUSDT,2024-11-16,7,2.3469426623465259
SOLUSDT,2024-11-18,17,-2.6272742120955015
SOLUSDT,2024-11-19,35,0.87155644232939211
SOLUSDT,2024-11-20,63,0.26547422693255018
SOLUSDT,2024-11-21,13,1.2454326964938041
SOLUSDT,2024-11-22,16,1.8205066915503509
SOLUSDT,2024-11-23,5,0.44805803814264356
SOLUSDT,2024-11-24,5,1.7499125171909937
SOLUSDT,2024-11-25,8,-1.7919930623839682
SOLUSDT,2024-11-26,12,2.0347836115614024
SOLUSDT,2024-11-27,10,2.1303000158865482
SOLUSDT,2024-11-28,10,2.4580514825853368
SOLUSDT,2024-11-29,5,1.797447109009632
SOLUSDT,2024-11-30,11,1.4626582994742685
SOLUSDT,2024-12-01,6,1.5527485347105052
SOLUSDT,2024-12-02,14,3.3676853973009515
SOLUSDT,2024-12-03,10,2.9270311004744056
SOLUSDT,2024-12-04,17,1.3504466120375882
SOLUSDT,2024-12-05,15,0.96906472013780331
SOLUSDT,2024-12-06,21,-0.76866018261505875
SOLUSDT,2024-12-07,8,1.1046611896838956
SOLUSDT,2024-12-08,4,1.5483443044918475
SOLUSDT,2024-12-09,10,2.2001313491699483
SOLUSDT,2024-12-10,12,3.2838397639974048
SOLUSDT,2024-12-11,19,2.3562007517088448
SOLUSDT,2024-12-12,15,2.8264834943005943
SOLUSDT,2024-12-13,9,4.0845303971057714
SOLUSDT,2024-12-14,9,1.2828019706490237
SOLUSDT,2024-12-15,4,2.3636662446933046
SOLUSDT,2024-12-16,9,1.4024810923510569
SOLUSDT,2024-12-17,17,0.70154121090821508
SOLUSDT,2024-12-18,18,2.9036127604884343
SOLUSDT,2024-12-19,17,2.2122344800053546
SOLUSDT,2024-12-20,9,1.5844675070699052
SOLUSDT,2024-12-21,10,2.2014716201282831
SOLUSDT,2024-12-22,10,-0.18186775569242375
SOLUSDT,2024-12-23,15,1.1004867490661983
SOLUSDT,2024-12-24,21,1.5566233668608982
SOLUSDT,2024-12-25,6,3.4520174240567951
SOLUSDT,2024-12-26,14,3.0796485779137068
SOLUSDT,2024-12-27,6,1.5126781879241689
SOLUSDT,2024-12-28,10,1.3403839706395504
SOLUSDT,2024-12-29,53,-2.8317766600075136
SOLUSDT,2024-12-30,15,-0.84870646433201591
SOLUSDT,2024-12-31,23,-1.5363679673914885
SOLUSDT,2025-01-01,28,-2.5747718402080984
SOLUSDT,2025-01-02,8,2.5771407432164182
SOLUSDT,2025-01-03,10,0.38937099871701053
SOLUSDT,2025-01-04,6,1.4387851675059018
SOLUSDT,2025-01-05,4,3.0683005966588972
SOLUSDT,2025-01-06,10,1.5255380198389819
SOLUSDT,2025-01-07,26,3.59939337735811
SOLUSDT,2025-01-08,22,3.0322494285912294
SOLUSDT,2025-01-09,11,2.8949215312173826
SOLUSDT,2025-01-10,20,1.8229617255908481
SOLUSDT,2025-01-11,6,2.6238126072488379
SOLUSDT,2025-01-12,7,-0.024272360636862167
SOLUSDT,2025-01-13,19,4.3229957512433579
SOLUSDT,2025-01-14,14,1.2672759045211028
SOLUSDT,2025-01-15,11,1.4578234870920157
SOLUSDT,2025-01-16,17,1.1269785339237519
SOLUSDT,2025-01-17,12,1.4854009456651169
SOLUSDT,2025-01-18,9,0.2087107354898271
SOLUSDT,2025-01-19,11,0.71097711940691588
SOLUSDT,2025-01-20,32,0.73598050408254911
SOLUSDT,2025-01-21,28,2.297182229466662
SOLUSDT,2025-01-22,12,2.2313076571859396
SOLUSDT,2025-01-23,19,0.09850412451990595
SOLUSDT,2025-01-24,14,1.9274642803167397
SOLUSDT,2025-01-25,6,1.5302451753450721
SOLUSDT,2025-01-26,9,1.8916813903227829
SOLUSDT,2025-01-27,12,2.0757169651826004
SOLUSDT,2025-01-28,17,0.927041675768244
SOLUSDT,2025-01-29,18,1.4106325106198496
SOLUSDT,2025-01-30,12,2.4810627471679405
SOLUSDT,2025-01-31,13,1.8660811950876086
SOLUSDT,2025-02-01,12,0.18705362171088577
SOLUSDT,2025-02-02,9,4.1052782603899587
SOLUSDT,2025-02-03,18,4.9064246776510592
SOLUSDT,2025-02-04,20,2.1918450174109108
SOLUSDT,2025-02-05,16,1.612066662878477
SOLUSDT,2025-02-06,19,0.46075294639175762
SOLUSDT,2025-02-07,25,2.5253729969474152
SOLUSDT,2025-02-08,14,1.9535816721486083
SOLUSDT,2025-02-09,13,2.7410139605244987
SOLUSDT,2025-02-10,18,1.4768489251236252
SOLUSDT,2025-02-11,23,2.3031232978844494
SOLUSDT,2025-02-12,18,-0.19592066559227017
SOLUSDT,2025-02-13,8,0.12317680183530655
SOLUSDT,2025-02-14,12,1.8687811572351738
SOLUSDT,2025-02-15,9,3.5675162476462106
SOLUSDT,2025-02-16,4,2.2320207847720019
SOLUSDT,2025-02-17,8,0.43629591709440618
SOLUSDT,2025-02-18,10,0.16677038652063836
SOLUSDT,2025-02-19,12,-0.3229586799484403
SOLUSDT,2025-02-20,11,1.5362362955934263
SOLUSDT,2025-02-21,13,1.97381877402053
SOLUSDT,2025-02-22,13,2.3426822306057513
SOLUSDT,2025-02-23,10,2.3395285548716163
SOLUSDT,2025-02-24,14,0.087483707503545283
SOLUSDT,2025-02-25,15,1.4472074310397116
SOLUSDT,2025-02-26,19,2.0334448403164154
SOLUSDT,2025-02-27,16,1.0458345867183558
SOLUSDT,2025-02-28,14,-0.12257595542078259
SOLUSDT,2025-03-01,10,-0.29316963706016758
SOLUSDT,2025-03-02,8,0.24106528429608862
SOLUSDT,2025-03-03,18,0.92855091475083007
SOLUSDT,2025-03-04,21,1.2621750473276963
SOLUSDT,2025-03-05,10,-0.24834226201928855
SOLUSDT,2025-03-06,30,0.82853890036402134
SOLUSDT,2025-03-07,18,0.86012168477326534
SOLUSDT,2025-03-08,5,1.2897558590330163
SOLUSDT,2025-03-09,6,2.4690622526179471
SOLUSDT,2025-03-10,11,0.8518416535501433
SOLUSDT,2025-03-11,21,-0.23743444456572316
SOLUSDT,2025-03-12,12,0.45817888728581385
SOLUSDT,2025-03-13,12,1.6851331537530372
SOLUSDT,2025-03-14,13,-0.28565944223840306
SOLUSDT,2025-03-15,7,0.58320959882182533
SOLUSDT,2025-03-16,6,1.6927881327806291
SOLUSDT,2025-03-17,13,1.6918913416747305
SOLUSDT,2025-03-18,43,1.9603159958735203
SOLUSDT,2025-03-19,22,-0.14171580770057862
SOLUSDT,2025-03-20,23,1.8708604408545557
SOLUSDT,2025-03-21,14,3.1252425469142269
SOLUSDT,2025-03-22,13,1.685631939927176
SOLUSDT,2025-03-23,3,0.45477240323926016
SOLUSDT,2025-03-24,22,1.6786374476994905
SOLUSDT,2025-03-25,17,3.5868321713029534
SOLUSDT,2025-03-26,14,-0.039178220115394027
SOLUSDT,2025-03-27,12,4.54148970460302
SOLUSDT,2025-03-28,15,1.8098377187789016
SOLUSDT,2025-03-29,5,0.16441581588485826
SOLUSDT,2025-03-30,4,3.2466497299129777
SOLUSDT,2025-03-31,10,2.0865202683031994
SOLUSDT,2025-04-01,20,1.3730805183879251
SOLUSDT,2025-04-02,15,1.2242127070101565
SOLUSDT,2025-04-03,14,1.69650667733107
SOLUSDT,2025-04-04,15,0.75682387538641038
SOLUSDT,2025-04-05,6,2.0380527634921557
SOLUSDT,2025-04-06,2,-0.43425544379707448
SOLUSDT,2025-04-07,11,0.72684994991319529
SOLUSDT,2025-04-08,24,0.20061664601095597
SOLUSDT,2025-04-09,10,1.1429958971076164
SOLUSDT,2025-04-10,21,0.6327607316021242
SOLUSDT,2025-04-11,9,1.190485947386325
SOLUSDT,2025-04-12,9,0.42889749585831827
SOLUSDT,2025-04-13,3,1.50660315846697
SOLUSDT,2025-04-14,11,0.52197664342830807
SOLUSDT,2025-04-15,15,1.628961936619123
SOLUSDT,2025-04-16,17,1.2863840892322713
SOLUSDT,2025-04-17,25,1.9464155918395052
SOLUSDT,2025-04-18,13,-0.7370683550555881
SOLUSDT,2025-04-19,2,2.7074631021999451
SOLUSDT,2025-04-20,8,0.66185747178040388
SOLUSDT,2025-04-21,18,2.0029093450504405
SOLUSDT,2025-04-22,14,1.47923805841976
SOLUSDT,2025-04-23,14,2.3055840974007076
SOLUSDT,2025-04-24,17,1.7821396909844425
SOLUSDT,2025-04-25,5,1.5801208666161759
SOLUSDT,2025-04-26,5,1.898689096915166
SOLUSDT,2025-04-27,7,-3.2207563507799866
SOLUSDT,2025-04-28,15,0.72611508078367248
SOLUSDT,2025-04-29,24,2.3607121943439422
SOLUSDT,2025-04-30,18,1.9918444467496383
SOLUSDT,2025-05-01,21,1.8594438515542535
SOLUSDT,2025-05-02,14,0.97026487897174429
SOLUSDT,2025-05-03,7,1.268698348237927
SOLUSDT,2025-05-04,5,-2.1533769964267568
SOLUSDT,2025-05-05,13,1.4204926565534339
SOLUSDT,2025-05-06,14,1.7960963027320109
SOLUSDT,2025-05-07,14,2.7588898905228438
SOLUSDT,2025-05-08,22,1.2004038650660753
SOLUSDT,2025-05-09,16,2.6729575439686948
SOLUSDT,2025-05-10,7,3.0104002908691814
SOLUSDT,2025-05-11,4,1.2363854949721567
SOLUSDT,2025-05-12,3,0.35014263809900026
SOLUSDT,2025-05-13,20,1.9109431326208697
SOLUSDT,2025-05-14,14,2.6773082025821244
SOLUSDT,2025-05-15,19,2.352361575391932
SOLUSDT,2025-05-16,11,2.230427181228003
SOLUSDT,2025-05-17,10,1.858001817891072
SOLUSDT,2025-05-18,3,-0.36129789442246629
SOLUSDT,2025-05-19,11,1.4307102200201263
SOLUSDT,2025-05-20,19,2.3137227617246876
SOLUSDT,2025-05-21,19,1.8841836319931076
SOLUSDT,2025-05-22,20,2.0614907196546439
SOLUSDT,2025-05-23,28,1.4940806992103544
SOLUSDT,2025-05-24,10,2.9042375922594088
SOLUSDT,2025-05-25,7,2.7724298079615224
SOLUSDT,2025-05-26,8,1.0159625102689589
SOLUSDT,2025-05-27,26,2.2085542005565033
SOLUSDT,2025-05-28,22,1.688261971159327
SOLUSDT,2025-05-29,14,2.1725890909264378
SOLUSDT,2025-05-30,12,2.4955367359652239
SOLUSDT,2025-05-31,3,-5.23613075589434
SOLUSDT,2025-06-01,5,3.7048699175820232
SOLUSDT,2025-06-02,11,2.1331017261153757
SOLUSDT,2025-06-03,34,1.9580099266740434
SOLUSDT,2025-06-04,18,2.0446545090721266
SOLUSDT,2025-06-05,23,3.4936846987332739
SOLUSDT,2025-06-06,16,2.6152059738518241
SOLUSDT,2025-06-07,10,1.54326119869552
SOLUSDT,2025-06-08,3,1.7812382805229272
SOLUSDT,2025-06-09,10,1.3613463806436039
SOLUSDT,2025-06-10,27,0.925720296288198
SOLUSDT,2025-06-11,17,3.3777793685142732
SOLUSDT,2025-06-12,21,1.2297800978047964
SOLUSDT,2025-06-13,18,2.1175354474614743
SOLUSDT,2025-06-14,7,1.3719664057016561
SOLUSDT,2025-07-02,31,1.3353688619500068
SOLUSDT,2025-07-03,27,1.9842004066515737
SOLUSDT,2025-07-04,28,0.69034215560290568
SOLUSDT,2025-07-05,27,0.62379908906924386
SOLUSDT,2025-07-06,38,-0.23057642065199285
SOLUSDT,2025-07-07,31,0.74163093752284426
SOLUSDT,2025-07-08,28,2.4295104890981984
SOLUSDT,2025-07-09,27,2.7266937589238438
SOLUSDT,2025-07-10,23,1.9429333399057243
SOLUSDT,2025-07-11,23,1.6987768063158184
SOLUSDT,2025-07-12,10,0.81144158457778337
SOLUSDT,2025-07-13,5,2.00029927077573
SOLUSDT,2025-07-14,20,2.5116238622078368
SOLUSDT,2025-07-15,26,1.6743516440695054
SOLUSDT,2025-07-16,13,1.8749258307540653
SOLUSDT,2025-07-17,25,0.830065083552211
SOLUSDT,2025-07-18,24,2.5813112066763382
SOLUSDT,2025-07-19,14,2.2812131322765654
SOLUSDT,2025-07-20,5,1.1884196357116423
SOLUSDT,2025-07-21,29,2.2802062706339368
SOLUSDT,2025-07-22,21,1.6173535138848545
SOLUSDT,2025-07-23,19,0.57079267549838664
SOLUSDT,2025-07-24,19,0.77152128778262363
SOLUSDT,2025-07-25,20,0.77055258628498835
SOLUSDT,2025-07-26,7,2.2220274891550087
SOLUSDT,2025-07-27,15,1.0197210877712004
SOLUSDT,2025-07-28,18,1.2408474061581283
SOLUSDT,2025-07-29,14,1.4730586307218645
SOLUSDT,2025-07-30,18,1.81463946754221
SOLUSDT,2025-07-31,31,1.8601666481100492
SOLUSDT,2025-08-01,22,1.4419984813710811
SOLUSDT,2025-08-02,7,0.77889427980595971
SOLUSDT,2025-08-03,8,2.2847409856893437
SOLUSDT,2025-08-04,23,1.6104195385140181
SOLUSDT,2025-08-05,28,2.0643109006504212
SOLUSDT,2025-08-06,22,1.7436162052948503
SOLUSDT,2025-08-07,17,1.6156867988344805
SOLUSDT,2025-08-08,26,1.3055509712217943
SOLUSDT,2025-08-09,5,0.87270371414394865
SOLUSDT,2025-08-10,5,3.7251962092866058
SOLUSDT,2025-08-11,18,0.63981878625046851
SOLUSDT,2025-08-12,11,1.4528906534055461
SOLUSDT,2025-08-13,15,1.3944563478735834
SOLUSDT,2025-08-14,20,1.4637085485918111
SOLUSDT,2025-08-15,15,0.56710438401659236
SOLUSDT,2025-08-16,7,2.4671234266623796
SOLUSDT,2025-08-17,4,-0.48057563242019807
SOLUSDT,2025-08-18,23,0.20731935693964482
SOLUSDT,2025-08-19,12,0.63330000579579182
SOLUSDT,2025-08-20,15,0.77746434439359013
SOLUSDT,2025-08-21,25,1.2141467621404214
SOLUSDT,2025-08-22,9,0.77677197848602986
SOLUSDT,2025-08-23,6,-1.66680565818771
SOLUSDT,2025-08-24,15,0.055658512848961617
SOLUSDT,2025-08-25,19,1.4507893444498228
SOLUSDT,2025-08-26,57,0.51967752198870421
SOLUSDT,2025-08-27,62,0.77170790760352437
SOLUSDT,2025-08-28,21,2.16636257295378
SOLUSDT,2025-08-29,25,0.97533454888565829
SOLUSDT,2025-08-30,15,0.77284767479337868
SOLUSDT,2025-08-31,5,1.697538304791808
SOLUSDT,2025-09-01,17,0.54645946375495436
SOLUSDT,2025-09-02,15,-0.21269443855363546
SOLUSDT,2025-09-03,25,1.814700982028647
SOLUSDT,2025-09-04,27,1.5262457058800645
SOLUSDT,2025-09-05,19,1.4455070545780775
SOLUSDT,2025-09-06,5,0.99553858103977844
SOLUSDT,2025-09-07,5,1.0473435671052995
SOLUSDT,2025-09-08,14,0.42048362058315658
SOLUSDT,2025-09-09,17,1.6100297098401701
SOLUSDT,2025-09-10,23,0.91944067719007072
SOLUSDT,2025-09-11,18,1.0982792070327299
SOLUSDT,2025-09-12,27,1.2475262904227626
SOLUSDT,2025-09-13,8,2.1391323399678708
SOLUSDT,2025-09-14,8,-0.72783976405040718
SOLUSDT,2025-09-15,24,1.6857981745390209
SOLUSDT,2025-09-16,26,2.8330410993887165
SOLUSDT,2025-09-17,20,2.3462228226165713
SOLUSDT,2025-09-18,17,1.1961068801952537
SOLUSDT,2025-09-19,28,1.6515642282991967
SOLUSDT,2025-09-20,5,0.833136333403788
SOLUSDT,2025-09-21,7,0.64513747775696384
SOLUSDT,2025-09-22,14,0.60431232161893012
SOLUSDT,2025-09-23,17,0.999147754990262
SOLUSDT,2025-09-24,36,0.94321698398081366
SOLUSDT,2025-09-25,20,1.333232877574448
SOLUSDT,2025-09-26,15,0.53425192195977567
SOLUSDT,2025-09-27,12,0.39947832370831532
SOLUSDT,2025-09-28,10,0.791012049251089
SOLUSDT,2025-09-29,16,2.3935064076714196
SOLUSDT,2025-09-30,27,1.9674701343042278
SOLUSDT,2025-10-01,30,3.7012849618074868
SOLUSDT,2025-10-02,28,1.5740749439816155
SOLUSDT,2025-10-03,25,3.0319847500432839
SOLUSDT,2025-10-04,13,1.3727054267992433
SOLUSDT,2025-10-05,9,-0.55308848098144425
SOLUSDT,2025-10-06,63,3.3555013157776581
SOLUSDT,2025-10-07,19,1.9255411973875123
SOLUSDT,2025-10-08,12,1.3936801886214685
SOLUSDT,2025-10-09,12,1.823956386222114
SOLUSDT,2025-10-10,26,1.6896129410723764
SOLUSDT,2025-10-11,9,1.3444014220100675
SOLUSDT,2025-10-12,8,-0.82097986243328847
SOLUSDT,2025-10-13,19,0.78070548502244175
SOLUSDT,2025-10-14,16,1.1039121500509808
SOLUSDT,2025-10-15,25,0.057138433818188117
SOLUSDT,2025-10-16,51,1.5953916370539218
SOLUSDT,2025-10-17,31,1.9003326137131664
SOLUSDT,2025-10-18,7,1.6623567831856305
SOLUSDT,2025-10-19,5,2.6384288256047159
SOLUSDT,2025-10-20,19,0.94803294779942771
SOLUSDT,2025-10-21,41,2.6050995626232232
SOLUSDT,2025-10-22,26,1.7860656888243451
SOLUSDT,2025-10-23,25,1.8021511487558719
SOLUSDT,2025-10-24,21,1.0591644186263507
SOLUSDT,2025-10-25,10,0.97506961330219988
SOLUSDT,2025-10-26,10,0.065921653608902342
SOLUSDT,2025-10-27,12,0.9505015996389643
SOLUSDT,2025-10-28,26,1.4974749635120432
SOLUSDT,2025-10-29,36,1.1562480234214711
SOLUSDT,2025-10-30,24,1.4849643743899923
SOLUSDT,2025-10-31,26,1.5226228641463173
SOLUSDT,2025-11-01,17,-0.57546965043920151
SOLUSDT,2025-11-02,17,1.0727230607733222
SOLUSDT,2025-11-03,15,0.035338652012716243
SOLUSDT,2025-11-04,15,-0.56163989284249771
SOLUSDT,2025-11-05,23,2.267045463490605
SOLUSDT,2025-11-06,20,1.8238964085764491
SOLUSDT,2025-11-07,18,1.8438957629925767
SOLUSDT,2025-11-08,13,0.32961524623136962
SOLUSDT,2025-11-09,3,-1.0627954684889633
SOLUSDT,2025-11-10,18,0.36955045462150893
SOLUSDT,2025-11-11,11,0.093878212030873348
SOLUSDT,2025-11-12,43,2.5073575816389213
SOLUSDT,2025-11-13,168,4.82772459901099
SOLUSDT,2025-11-14,20,0.41687960208848673
SOLUSDT,2025-11-15,14,0.64376735515169436
SOLUSDT,2025-11-16,34,1.2801056869566365
SOLUSDT,2025-11-17,13,1.450001691409436
SOLUSDT,2025-11-18,28,1.3787036339139274
SOLUSDT,2025-11-19,48,1.7913127544322545
SOLUSDT,2025-11-20,24,0.95767340680710156
SOLUSDT,2025-11-21,36,2.7236237373027206
SOLUSDT,2025-11-22,8,0.60447182521241616
SOLUSDT,2025-11-23,8,0.982526484770279
SOLUSDT,2025-11-24,12,0.89531650982624389
SOLUSDT,2025-11-25,10,0.77053115774441716
SOLUSDT,2025-11-26,15,1.5589929433144349
SOLUSDT,2025-11-27,22,0.57694054852128251
SOLUSDT,2025-11-28,19,0.61637553749235308
SOLUSDT,2025-11-29,12,-1.1306536456916774
SOLUSDT,2025-11-30,4,1.1557841800742874
SOLUSDT,2025-12-01,11,0.003536157151557251
SOLUSDT,2025-12-02,20,0.48016645702674216
SOLUSDT,2025-12-03,50,0.23327450511540057
SOLUSDT,2025-12-04,21,1.2402902431540452
SOLUSDT,2025-12-05,14,1.1924048607437572
SOLUSDT,2025-12-06,3,0.79776305482339993
SOLUSDT,2025-12-07,7,0.76077103717988614
SOLUSDT,2025-12-08,14,1.8318636963656205
SOLUSDT,2025-12-09,20,1.4116162044200171
SOLUSDT,2025-12-10,13,1.2637828460376153
SOLUSDT,2025-12-11,28,1.6998337930723204
SOLUSDT,2025-12-12,27,1.8943865938690188
SOLUSDT,2025-12-13,6,1.165981733084974
SOLUSDT,2025-12-14,7,2.7303852071683328
SOLUSDT,2025-12-15,12,-0.12540799154549886
SOLUSDT,2025-12-16,22,0.29205110575785648
SOLUSDT,2025-12-17,12,0.37900966497107624
SOLUSDT,2025-12-18,15,0.19185115941863279
SOLUSDT,2025-12-19,16,1.0287833824848276
SOLUSDT,2025-12-20,13,1.4872893058321137
SOLUSDT,2025-12-21,4,0.43209080828655488
SOLUSDT,2025-12-22,10,0.051636041810200359
SOLUSDT,2025-12-23,13,-1.0055405070445442
SOLUSDT,2025-12-24,6,0.17753634187836831
SOLUSDT,2025-12-25,7,0.91266849914584847
SOLUSDT,2025-12-26,6,-0.20920071892029046
SOLUSDT,2025-12-27,3,-3.5913742943278955
SOLUSDT,2025-12-28,3,0.70987083473524359
SOLUSDT,2025-12-29,14,0.7661807093124
SOLUSDT,2025-12-30,10,0.93228680937595976
SOLUSDT,2025-12-31,10,1.3368242936586985
SOLUSDT,2026-01-01,5,-0.10051592825133748
SOLUSDT,2026-01-02,18,0.98513359070412632
SOLUSDT,2026-01-03,17,0.72962613671992471
SOLUSDT,2026-01-05,17,1.6616379180712335
SOLUSDT,2026-01-06,17,2.2852595395086768
SOLUSDT,2026-01-07,30,1.38674772051463
SOLUSDT,2026-01-08,29,1.6357119843422974
SOLUSDT,2026-01-09,17,1.8134955520006828
SOLUSDT,2026-01-10,13,0.75990912066529148
SOLUSDT,2026-01-11,9,1.715569654326548
SOLUSDT,2026-01-12,16,0.84685681130297641
SOLUSDT,2026-01-13,24,-1.0969047887861261
SOLUSDT,2026-01-14,21,0.78554947123155838
SOLUSDT,2026-01-15,47,2.03719952108991
SOLUSDT,2026-01-16,20,2.0116402986876341
SOLUSDT,2026-01-17,8,1.0467310520571143
SOLUSDT,2026-01-18,8,0.18217493740268886
SOLUSDT,2026-01-19,11,-1.0681766631573786
SOLUSDT,2026-01-20,25,1.9590222509130664
SOLUSDT,2026-01-21,14,0.11181648062860133
SOLUSDT,2026-01-22,10,0.06905968099555404
SOLUSDT,2026-01-23,9,0.95921609198751046
SOLUSDT,2026-01-24,8,0.7545721608669701
SOLUSDT,2026-01-25,9,0.588398533514063
SOLUSDT,2026-01-26,18,0.59464073021843522
SOLUSDT,2026-01-27,13,1.3341210094448344
SOLUSDT,2026-01-28,22,2.3038913091528883
SOLUSDT,2026-01-29,16,-0.0041824167285871433
SOLUSDT,2026-01-30,12,1.8441820243473626
SOLUSDT,2026-01-31,9,0.80503380013844184
SOLUSDT,2026-02-01,6,0.087014759193832392
SOLUSDT,2026-02-02,19,1.4574508721007013
SOLUSDT,2026-02-03,14,1.2052034185123115
SOLUSDT,2026-02-04,10,0.17321780054230085
SOLUSDT,2026-02-05,13,2.0840560478544656
SOLUSDT,2026-02-06,13,1.8902382757819896
SOLUSDT,2026-02-07,6,-0.46449794952414458
SOLUSDT,2026-02-08,2,0.14980338305973495
SOLUSDT,2026-02-09,26,2.8883681072491783
SOLUSDT,2026-02-10,23,-0.32323407545122607
SOLUSDT,2026-02-11,15,1.4629956153256982
SOLUSDT,2026-02-12,14,0.21138945340325355
SOLUSDT,2026-02-13,24,1.3624571901800537
SOLUSDT,2026-02-14,4,-0.768118276810545
SOLUSDT,2026-02-15,4,-0.33346788685278494
SOLUSDT,2026-02-16,20,-2.6893686221734714
SOLUSDT,2026-02-17,12,0.055939076155881229
SOLUSDT,2026-02-18,21,0.27599614139476303
SOLUSDT,2026-02-19,10,0.75275161732291718
SOLUSDT,2026-02-20,14,-3.8503059997994078
SOLUSDT,2026-02-21,2,-0.656207827260459
SOLUSDT,2026-02-22,3,-0.49100849051818568
SOLUSDT,2026-02-23,7,0.99270977064408839
SOLUSDT,2026-02-24,13,-0.046704714597988195
SOLUSDT,2026-02-25,8,0.84395105689741345
SOLUSDT,2026-02-26,10,0.42733453232346624
SOLUSDT,2026-02-27,9,0.21918281313240051
SOLUSDT,2026-02-28,6,0.56783144726783408
SOLUSDT,2026-03-01,7,1.2607469205139079
SOLUSDT,2026-03-02,19,0.81563033535056984
SOLUSDT,2026-03-03,12,-1.4842517072959702
SOLUSDT,2026-03-04,9,2.2355253635001335
SOLUSDT,2026-03-05,10,1.0583770499663494
SOLUSDT,2026-03-06,7,0.76229949268577268
SOLUSDT,2026-03-07,4,-0.19885841563206302
SOLUSDT,2026-03-08,12,0.219639598568923
SOLUSDT,2026-03-09,14,2.1631811448898715
SOLUSDT,2026-03-10,14,0.14198077396536962
SOLUSDT,2026-03-11,13,-0.2645849117474347
SOLUSDT,2026-03-12,12,1.3000278980573265
SOLUSDT,2026-03-13,14,1.1936750813073203
SOLUSDT,2026-03-14,6,-0.88395660322920533
SOLUSDT,2026-03-15,2,2.8130821886685551
SOLUSDT,2026-03-16,7,0.166302715153343
SOLUSDT,2026-03-17,13,0.72131209273243546
SOLUSDT,2026-03-18,6,1.2531842196170269
SOLUSDT,2026-03-19,11,2.152223573547781
SOLUSDT,2026-03-20,5,1.5695041643884848
SOLUSDT,2026-03-21,4,0.46016938662942475
SOLUSDT,2026-03-22,4,-0.25460840981913946
SOLUSDT,2026-03-23,8,0.52924877869014708
SOLUSDT,2026-03-24,40,-0.55817375715679729
SOLUSDT,2026-03-25,21,-1.5684580748820465
SOLUSDT,2026-03-26,7,-1.4303802962097978
SOLUSDT,2026-03-27,12,-0.020416340138721067
SOLUSDT,2026-03-28,4,2.3496286952970573
SOLUSDT,2026-03-29,3,0.47555399025675171
SOLUSDT,2026-03-30,10,-0.16844301879581461
SOLUSDT,2026-03-31,19,1.0818586824010306
SOLUSDT,2026-04-01,12,0.97862730801103459
SOLUSDT,2026-04-02,25,0.88020070812274676
SOLUSDT,2026-04-03,8,-0.13477431134639808
SOLUSDT,2026-04-04,9,1.0764241958337781
SOLUSDT,2026-04-05,3,3.5920309988662
SOLUSDT,2026-04-06,9,-1.3262616918491221
SOLUSDT,2026-04-07,21,-1.5109197237864422
SOLUSDT,2026-04-08,7,-1.4699593948144032
SOLUSDT,2026-04-09,30,2.4609309878301904
SOLUSDT,2026-04-10,9,1.2582505677036684
SOLUSDT,2026-04-11,2,-1.478892812249307
SOLUSDT,2026-04-12,6,-3.145899432746853
SOLUSDT,2026-04-13,8,0.63151640298052114
SOLUSDT,2026-04-14,9,1.7874453569462756
SOLUSDT,2026-04-15,14,-1.9507602284761403
SOLUSDT,2026-04-16,2,-0.38312286240463012
SOLUSDT,2026-04-17,12,0.26884038242730413
SOLUSDT,2026-04-18,8,-0.22657889290499664
SOLUSDT,2026-04-19,1,-0.339366515837104
SOLUSDT,2026-04-20,13,1.4391334116329402
SOLUSDT,2026-04-21,7,0.36796013178469078
SOLUSDT,2026-04-22,14,0.92155323158692659
SOLUSDT,2026-04-23,15,-0.66228871947498869
SOLUSDT,2026-04-24,10,0.3239548568217932
SOLUSDT,2026-04-25,4,-2.3990307833463951
SOLUSDT,2026-04-26,7,-1.0125582033247764
SOLUSDT,2026-04-27,11,0.3269596674270171
SOLUSDT,2026-04-28,23,-0.026929290338786951
SOLUSDT,2026-04-29,13,0.32181340157469529
SOLUSDT,2026-04-30,11,1.7588936508528383
SOLUSDT,2026-05-01,7,-0.034844279997110927
SOLUSDT,2026-05-02,3,0.474172348135863
SOLUSDT,2026-05-03,5,1.585530403254888
SOLUSDT,2026-05-04,14,1.9096128297052333
SOLUSDT,2026-05-05,15,1.4229676076606093
SOLUSDT,2026-05-06,16,1.8116877046454163
SOLUSDT,2026-05-07,18,0.78071884830519089
SOLUSDT,2026-05-08,11,0.17167808025772482
SOLUSDT,2026-05-09,14,-1.0761209800262228
SOLUSDT,2026-05-10,7,-1.7181334115700877
SOLUSDT,2026-05-11,13,-1.5151039704588503
SOLUSDT,2026-05-12,9,0.15018749620864758
SOLUSDT,2026-05-13,6,2.152471760337141
SOLUSDT,2026-05-14,18,0.22808574137458532
SOLUSDT,2026-05-15,35,1.5391994593288969
SOLUSDT,2026-05-16,10,0.48226974988376925
SOLUSDT,2026-05-17,7,0.071138977148489685
SOLUSDT,2026-05-18,16,1.1043591699544573
SOLUSDT,2026-05-19,15,1.2469372852068572
SOLUSDT,2026-05-20,17,-0.31097450973854718
SOLUSDT,2026-05-21,11,0.18653838825690885
SOLUSDT,2026-05-22,8,0.68593141398578261
SOLUSDT,2026-05-23,11,1.5810083049283903
SOLUSDT,2026-05-24,9,-1.3257638433154701
SOLUSDT,2026-05-25,22,0.15897011067824396
SOLUSDT,2026-05-26,12,-0.0803370859756104
SOLUSDT,2026-05-27,29,0.0060162436054127764
SOLUSDT,2026-05-28,14,1.1944287614944615
SOLUSDT,2026-05-29,22,0.047874353264157815
SOLUSDT,2026-05-30,12,-0.66090635826062694
SOLUSDT,2026-05-31,10,0.69563059258099114
SOLUSDT,2026-06-01,9,-0.48993532776782417
SOLUSDT,2026-06-02,7,2.3649831964641903
SOLUSDT,2026-06-03,16,-0.16437810641738784
SOLUSDT,2026-06-04,6,0.38963804998372809
SOLUSDT,2026-06-05,12,-0.064948941716981845
SOLUSDT,2026-06-06,3,4.4223120274183136
SOLUSDT,2026-06-07,7,0.97316368138942067
SOLUSDT,2026-06-08,5,4.3442956829359627
SOLUSDT,2026-06-09,8,0.82748165676427132
SOLUSDT,2026-06-10,15,1.9468692381051267
SOLUSDT,2026-06-11,17,-1.1731213340823499
SOLUSDT,2026-06-12,14,0.051635072316330216
SOLUSDT,2026-06-13,5,-1.5160300281372892
SOLUSDT,2026-06-14,6,0.57814808859778
SOLUSDT,2026-06-15,8,1.9090462004834017
SOLUSDT,2026-06-16,13,0.26625686348322253
SOLUSDT,2026-06-17,11,1.2157895386583208
SOLUSDT,2026-06-18,20,1.7363741395983572
SOLUSDT,2026-06-19,9,0.061634759211510348
SOLUSDT,2026-06-20,5,-1.0753393754687433
SOLUSDT,2026-06-21,2,1.663477777018519
SOLUSDT,2026-06-22,14,0.053821251380444912
SOLUSDT,2026-06-23,8,1.63472383635738
SOLUSDT,2026-06-24,5,-0.44445266300280045
SOLUSDT,2026-06-25,1,0.247524752475247
SOLUSDT,2026-06-26,61,-0.14206231881917075
SOLUSDT,2026-06-27,8,1.6357113268135386
SOLUSDT,2026-06-28,7,1.3850833923243973
SOLUSDT,2026-06-29,19,0.78892844697971731
SOLUSDT,2026-06-30,20,0.37489211434588565
SOLUSDT,2026-07-01,37,0.025275703958719309
SOLUSDT,2026-07-02,39,0.16128256624788234
SOLUSDT,2026-07-03,21,0.11387580766479018
SOLUSDT,2026-07-04,41,-0.73153641671571168
SOLUSDT,2026-07-05,8,-0.16396889405574516
SOLUSDT,2026-07-06,7,1.8783424722854793
SOLUSDT,2026-07-07,10,-0.17332488440829219
SOLUSDT,2026-07-08,8,1.2266915280212589
SOLUSDT,2026-07-09,8,3.0894089184048359
SOLUSDT,2026-07-10,8,1.8421883975194284
SOLUSDT,2026-07-11,3,2.2366325402913096
SOLUSDT,2026-07-12,4,-1.061355670556879
SOLUSDT,2026-07-13,9,0.847240011979642
SOLUSDT,2026-07-14,11,3.2480057215860825
SOLUSDT,2026-07-15,16,2.1246568859679789
SOLUSDT,2026-07-16,11,0.54185095019299334
SOLUSDT,2026-07-17,9,-0.37151949408023915
SOLUSDT,2026-07-18,3,-1.3481510948670217
SOLUSDT,2026-07-19,6,0.28823393963007071
SOLUSDT,2026-07-20,20,0.42600568860362809
SOLUSDT,2026-07-21,10,-0.062648319090342575
SOLUSDT,2026-07-22,11,1.3640078220866121
SOLUSDT,2026-07-23,9,0.99798230223601159
XRPUSDT,2017-05-18,1,0.13550135501355
XRPUSDT,2017-06-25,3,1.5963084294199232
XRPUSDT,2017-07-26,1,-2.44648318042813
XRPUSDT,2017-10-15,1,-1.83150183150183
XRPUSDT,2017-11-30,1,0.280898876404495
XRPUSDT,2017-12-02,1,-0.220588235294118
XRPUSDT,2017-12-03,4,-0.14710136973239629
XRPUSDT,2017-12-10,1,-0.687285223367698
XRPUSDT,2017-12-15,2,0.29894533571004256
XRPUSDT,2017-12-30,1,-0.0997008973080757
XRPUSDT,2018-01-04,4,0.073105182384825662
XRPUSDT,2018-01-06,3,0.1550056370659717
XRPUSDT,2018-01-07,2,0.82788187899619148
XRPUSDT,2018-01-10,1,0.0534188034188037
XRPUSDT,2018-01-11,2,-1.415857605177995
XRPUSDT,2018-01-12,5,-0.75930386448744858
XRPUSDT,2018-01-15,1,-1.85810810810811
XRPUSDT,2018-02-02,1,-3.68098159509202
XRPUSDT,2018-02-04,6,-1.0229280301110957
XRPUSDT,2018-02-05,2,0.92153140325897853
XRPUSDT,2018-02-06,2,-0.93540051679586544
XRPUSDT,2018-02-07,3,-0.13383910101407337
XRPUSDT,2018-02-08,1,0.192678227360309
XRPUSDT,2018-02-09,2,0.283743764465721
XRPUSDT,2018-02-12,1,2.27272727272727
XRPUSDT,2018-02-14,1,-0.967741935483871
XRPUSDT,2018-02-18,3,-0.49079434654944865
XRPUSDT,2018-02-21,2,0.370375124620789
XRPUSDT,2018-03-01,1,-0.338983050847458
XRPUSDT,2018-03-05,1,-4.76190476190476
XRPUSDT,2018-03-14,2,-2.1660394771672049
XRPUSDT,2018-03-18,1,-2.01342281879195
XRPUSDT,2018-04-10,1,-0.12970168612192
XRPUSDT,2018-04-13,2,0.67244452254242348
XRPUSDT,2018-04-15,1,1.03305785123967
XRPUSDT,2018-04-16,1,-2.45901639344262
XRPUSDT,2018-04-25,1,1.4336917562724
XRPUSDT,2018-04-26,1,0.0
XRPUSDT,2018-05-01,1,0.15552099533437
XRPUSDT,2018-05-05,3,-1.1595065156135071
XRPUSDT,2018-05-09,1,-1.81058495821727
XRPUSDT,2018-05-21,1,0.612959719789842
XRPUSDT,2018-06-01,1,-4.59016393442623
XRPUSDT,2018-06-05,2,-0.046640208948136586
XRPUSDT,2018-06-17,1,-1.8957345971564
XRPUSDT,2018-07-05,1,0.671140939597315
XRPUSDT,2018-07-07,1,-1.046875
XRPUSDT,2018-07-16,2,-0.26329090976131353
XRPUSDT,2018-07-19,2,-0.1061571125265395
XRPUSDT,2018-07-27,2,0.341491178144565
XRPUSDT,2018-07-28,1,1.57068062827225
XRPUSDT,2018-08-01,3,-0.16181229773462802
XRPUSDT,2018-08-05,2,-3.61012380429856
XRPUSDT,2018-08-06,2,-0.900186779645575
XRPUSDT,2018-08-07,1,-1.17924528301887
XRPUSDT,2018-08-08,2,-1.148560209424085
XRPUSDT,2018-08-09,1,-5.68181818181818
XRPUSDT,2018-08-10,2,-0.010893431119561536
XRPUSDT,2018-08-14,1,-4.37158469945355
XRPUSDT,2018-08-15,1,-0.15220700152207
XRPUSDT,2018-08-24,1,1.92307692307692
XRPUSDT,2018-08-26,2,-0.398043766578247
XRPUSDT,2018-08-29,1,-1.32275132275132
XRPUSDT,2018-09-03,1,-0.297619047619047
XRPUSDT,2018-09-05,1,-1.40515222482436
XRPUSDT,2018-09-06,37,-2.5608365069844017
XRPUSDT,2018-09-07,2,-0.78155205744269707
XRPUSDT,2018-09-10,2,-0.4279131007241605
XRPUSDT,2018-09-11,1,0.21551724137931
XRPUSDT,2018-09-17,1,0.99601593625498
XRPUSDT,2018-09-18,1,1.94931773879142
XRPUSDT,2018-09-19,1,3.20796460176991
XRPUSDT,2018-09-20,1,-0.593471810089021
XRPUSDT,2018-09-21,8,2.183681761313899
XRPUSDT,2018-09-22,2,0.32327586206896552
XRPUSDT,2018-09-23,2,0.72232071250685514
XRPUSDT,2018-09-24,1,0.0
XRPUSDT,2018-09-25,2,-1.2410028105095365
XRPUSDT,2018-09-26,2,-0.374806401652039
XRPUSDT,2018-09-30,1,0.744416873449132
XRPUSDT,2018-10-02,1,-1.47058823529412
XRPUSDT,2018-10-04,1,1.13895216400911
XRPUSDT,2018-10-09,1,-0.374531835205993
XRPUSDT,2018-10-12,1,-3.15789473684211
XRPUSDT,2018-10-16,1,-1.40646976090014
XRPUSDT,2018-10-25,1,1.34529147982063
XRPUSDT,2018-10-26,1,-0.230414746543779
XRPUSDT,2018-10-28,2,0.644655982648515
XRPUSDT,2018-10-29,3,-0.0874738645160893
XRPUSDT,2018-11-03,1,-0.278551532033426
XRPUSDT,2018-11-08,2,4.55398773006135
XRPUSDT,2018-11-09,1,5.36912751677852
XRPUSDT,2018-11-11,3,0.49776933372344662
XRPUSDT,2018-11-12,1,4.21940928270042
XRPUSDT,2018-11-13,1,-0.783289817232376
XRPUSDT,2018-11-15,2,-2.2747258431615949
XRPUSDT,2018-11-17,1,0.647249190938511
XRPUSDT,2018-11-19,29,-1.7594878364041906
XRPUSDT,2018-11-20,8,-1.9214580451177874
XRPUSDT,2018-11-21,3,-4.0207010947787829
XRPUSDT,2018-12-02,2,1.557241027721856
XRPUSDT,2018-12-03,2,-0.48933866400133508
XRPUSDT,2018-12-06,3,0.22713310065923598
XRPUSDT,2018-12-14,2,-2.839661984196665
XRPUSDT,2018-12-15,1,-2.36612702366127
XRPUSDT,2018-12-18,1,-1.4018691588785
XRPUSDT,2018-12-21,1,-0.415800415800416
XRPUSDT,2018-12-24,1,-2.88461538461538
XRPUSDT,2018-12-25,4,-2.5167899727352752
XRPUSDT,2018-12-26,3,-1.8945377591952746
XRPUSDT,2019-01-11,1,-0.559701492537314
XRPUSDT,2019-01-16,1,-0.483091787439613
XRPUSDT,2019-03-31,1,-3.9568345323741
XRPUSDT,2019-04-01,1,1.05263157894737
XRPUSDT,2019-04-06,2,0.037953281396945981
XRPUSDT,2019-04-15,1,0.171821305841924
XRPUSDT,2019-04-29,1,-1.74496644295302
XRPUSDT,2019-05-29,1,2.87671232876712
XRPUSDT,2019-05-30,1,3.09973045822102
XRPUSDT,2019-06-19,1,-1.32978723404255
XRPUSDT,2019-06-28,1,-2.7027027027027
XRPUSDT,2019-07-17,1,-0.125944584382872
XRPUSDT,2019-08-09,1,-2.64705882352941
XRPUSDT,2019-08-15,3,-2.9370725355007634
XRPUSDT,2019-08-28,1,1.97530864197531
XRPUSDT,2019-09-26,1,-1.39616055846422
XRPUSDT,2019-10-02,1,-2.04081632653061
XRPUSDT,2019-10-04,1,2.62008733624454
XRPUSDT,2019-10-08,1,1.86915887850467
XRPUSDT,2019-10-22,1,0.46583850931677
XRPUSDT,2019-10-24,1,0.453514739229025
XRPUSDT,2019-11-19,1,0.547945205479452
XRPUSDT,2019-12-04,1,-2.34741784037559
XRPUSDT,2020-01-03,2,0.721260282911143
XRPUSDT,2020-01-05,1,0.403836446239273
XRPUSDT,2020-03-01,2,-2.5796370475848303
XRPUSDT,2020-03-13,1,2.63157894736842
XRPUSDT,2020-03-20,2,-1.3976361568126952
XRPUSDT,2020-03-23,3,-2.2308271162180664
XRPUSDT,2020-03-24,1,0.696055684454757
XRPUSDT,2020-03-29,4,-2.5927206600511523
XRPUSDT,2020-03-30,5,-0.539030371545014
XRPUSDT,2020-03-31,1,1.48975791433892
XRPUSDT,2020-04-03,1,-4.40528634361233
XRPUSDT,2020-04-24,1,-1.8058690744921
XRPUSDT,2020-05-10,2,-1.2047507551315002
XRPUSDT,2020-05-31,1,0.778967867575463
XRPUSDT,2020-06-09,1,1.21951219512195
XRPUSDT,2020-06-13,1,-3.70731707317073
XRPUSDT,2020-07-12,1,-0.759301442672741
XRPUSDT,2020-07-25,1,0.713557594291539
XRPUSDT,2020-08-05,1,1.28301886792453
XRPUSDT,2020-08-09,1,3.30188679245283
XRPUSDT,2020-08-15,1,0.86602139582272
XRPUSDT,2020-08-17,1,-1.94174757281553
XRPUSDT,2020-08-18,1,-1.67865707434053
XRPUSDT,2020-10-15,1,-2.70833333333333
XRPUSDT,2020-10-18,1,1.32450331125828
XRPUSDT,2020-11-22,1,3.0
XRPUSDT,2020-11-23,1,0.543478260869565
XRPUSDT,2020-11-24,1,0.79660116834838
XRPUSDT,2020-11-27,2,-0.291246878277595
XRPUSDT,2020-12-03,1,0.738188976377953
XRPUSDT,2020-12-22,1,0.898770104068117
XRPUSDT,2020-12-24,1,-3.3003300330033
XRPUSDT,2020-12-25,4,-2.3189060624375561
XRPUSDT,2020-12-26,1,0.0
XRPUSDT,2020-12-27,3,-2.2026627172259166
XRPUSDT,2020-12-28,1,-1.55415250121418
XRPUSDT,2021-01-01,2,-1.53316965884098
XRPUSDT,2021-01-05,1,0.0
XRPUSDT,2021-01-07,1,0.323624595469255
XRPUSDT,2021-01-23,1,1.34275618374558
XRPUSDT,2021-01-31,2,-0.81726671240423854
XRPUSDT,2021-02-04,1,2.56410256410256
XRPUSDT,2021-02-15,1,-0.395604395604396
XRPUSDT,2021-02-17,1,1.19205298013245
XRPUSDT,2021-02-22,1,-2.36559139784946
XRPUSDT,2021-02-27,1,1.18191161356629
XRPUSDT,2021-03-27,1,1.14558472553699
XRPUSDT,2021-03-30,1,1.43388210302708
XRPUSDT,2021-03-31,1,1.37524557956778
XRPUSDT,2021-04-08,1,0.250375563345017
XRPUSDT,2021-04-11,2,-0.94854070660522449
XRPUSDT,2021-04-16,1,-3.57142857142857
XRPUSDT,2021-04-17,1,-0.586223742061553
XRPUSDT,2021-04-18,2,-0.46875
XRPUSDT,2021-04-19,1,-0.289017341040462
XRPUSDT,2021-04-23,1,-0.0967117988394586
XRPUSDT,2021-04-25,2,-0.89721504450186806
XRPUSDT,2021-04-27,1,0.173611111111111
XRPUSDT,2021-04-29,1,1.03026400515132
XRPUSDT,2021-05-04,1,-0.288184438040346
XRPUSDT,2021-05-06,1,0.593607305936073
XRPUSDT,2021-05-07,1,1.32890365448505
XRPUSDT,2021-05-16,1,-1.87891440501044
XRPUSDT,2021-05-20,2,-2.03595481864033
XRPUSDT,2021-05-21,9,1.6402370625563891
XRPUSDT,2021-05-27,3,-0.23086666711267662
XRPUSDT,2021-05-29,1,-0.402414486921529
XRPUSDT,2021-05-31,2,1.456263218290256
XRPUSDT,2021-06-15,1,0.595829195630586
XRPUSDT,2021-06-17,1,0.680602819640253
XRPUSDT,2021-06-19,1,0.327600327600327
XRPUSDT,2021-06-22,1,-2.11480362537764
XRPUSDT,2021-06-23,1,-2.27272727272727
XRPUSDT,2021-07-01,1,0.363070539419088
XRPUSDT,2021-07-07,1,0.517368810051737
XRPUSDT,2021-07-08,2,0.98905458647248257
XRPUSDT,2021-07-10,1,1.22352941176471
XRPUSDT,2021-07-15,1,0.0
XRPUSDT,2021-07-17,1,1.8957345971564
XRPUSDT,2021-07-18,1,-4.12474849094567
XRPUSDT,2021-07-26,8,-0.14353203635051337
XRPUSDT,2021-07-27,1,-0.411522633744856
XRPUSDT,2021-08-21,1,-3.66056572379368
XRPUSDT,2021-08-24,1,0.509164969450102
XRPUSDT,2021-08-28,2,1.1730578259873217
XRPUSDT,2021-08-29,2,0.16089594242347405
XRPUSDT,2021-09-04,1,-2.35602094240838
XRPUSDT,2021-09-10,1,0.554785020804438
XRPUSDT,2021-09-12,1,1.1070110701107
XRPUSDT,2021-09-20,1,-4.63917525773196
XRPUSDT,2021-09-21,1,-0.435729847494553
XRPUSDT,2021-09-23,1,-3.23353293413174
XRPUSDT,2021-09-24,3,-3.1122878174254436
XRPUSDT,2021-09-25,4,-2.5436629701037723
XRPUSDT,2021-09-27,1,1.63934426229508
XRPUSDT,2021-10-01,4,-0.59023759851242841
XRPUSDT,2021-10-05,7,0.31412127258916905
XRPUSDT,2021-10-06,2,-1.9188861985472152
XRPUSDT,2021-10-10,2,-2.10828835944013
XRPUSDT,2021-10-15,1,-0.454545454545455
XRPUSDT,2021-10-21,1,1.17647058823529
XRPUSDT,2021-10-26,2,0.90848218325279806
XRPUSDT,2021-11-01,1,-0.245441795231417
XRPUSDT,2021-11-07,1,-1.19047619047619
XRPUSDT,2021-11-08,1,-1.06951871657754
XRPUSDT,2021-11-17,1,-1.4344262295082
XRPUSDT,2021-11-20,1,-1.34474327628362
XRPUSDT,2021-11-25,1,0.460299194476409
XRPUSDT,2021-11-26,1,-2.81962147547316
XRPUSDT,2021-12-03,1,-1.19047619047619
XRPUSDT,2021-12-13,1,0.26525198938992
XRPUSDT,2021-12-15,1,0.0
XRPUSDT,2021-12-20,1,1.36986301369863
XRPUSDT,2021-12-21,1,0.0
XRPUSDT,2022-01-04,1,0.464846019755956
XRPUSDT,2022-01-27,1,4.96894409937888
XRPUSDT,2022-01-28,1,-0.588235294117647
XRPUSDT,2022-02-02,1,-1.9492025989368
XRPUSDT,2022-02-08,3,0.280975276015354
XRPUSDT,2022-02-09,3,1.0449157210245288
XRPUSDT,2022-02-21,3,-0.45112037623114337
XRPUSDT,2022-02-22,1,1.36570561456753
XRPUSDT,2022-02-28,1,-0.546448087431694
XRPUSDT,2022-03-14,1,3.11284046692607
XRPUSDT,2022-03-22,1,-1.13168724279835
XRPUSDT,2022-03-25,2,-1.5196890711241751
XRPUSDT,2022-04-26,1,-2.98850574712644
XRPUSDT,2022-05-10,4,0.23532531238606547
XRPUSDT,2022-08-21,1,-0.22766078542971
XRPUSDT,2022-08-30,1,-1.25412541254125
XRPUSDT,2022-09-08,1,1.55038759689922
XRPUSDT,2022-09-12,1,0.486223662884927
XRPUSDT,2022-09-21,2,1.3648662533821945
XRPUSDT,2022-09-22,4,3.5385344403145123
XRPUSDT,2022-10-18,1,1.2012012012012
XRPUSDT,2022-10-23,1,-4.28571428571429
XRPUSDT,2022-11-02,1,-0.943989930774071
XRPUSDT,2022-11-09,1,-1.0752688172043
XRPUSDT,2022-12-12,1,0.76530612244898
XRPUSDT,2022-12-18,1,-4.70809792843691
XRPUSDT,2022-12-27,1,4.58553791887125
XRPUSDT,2023-01-02,1,-2.0997375328084
XRPUSDT,2023-01-03,2,1.47571181393378
XRPUSDT,2023-01-04,1,3.97877984084881
XRPUSDT,2023-01-12,2,-1.4109936417003703
XRPUSDT,2023-01-13,4,3.7364708603145251
XRPUSDT,2023-01-14,1,-1.8957345971564
XRPUSDT,2023-01-16,1,3.74064837905237
XRPUSDT,2023-01-17,2,3.68786155505442
XRPUSDT,2023-01-18,1,-0.489251297257227
XRPUSDT,2023-01-19,1,0.851466414380322
XRPUSDT,2023-01-21,2,-3.596851626108025
XRPUSDT,2023-01-22,1,4.39276485788114
XRPUSDT,2023-01-24,1,3.86473429951691
XRPUSDT,2023-01-26,1,4.82233502538071
XRPUSDT,2023-02-04,1,0.961538461538461
XRPUSDT,2023-02-09,1,1.9538188277087
XRPUSDT,2023-02-21,1,0.496688741721854
XRPUSDT,2023-03-15,1,-0.266489007328448
XRPUSDT,2023-07-10,1,-0.671140939597315
XRPUSDT,2023-07-23,1,4.16666666666667
XRPUSDT,2024-09-02,1,-0.778210116731517
XRPUSDT,2024-12-05,1,1.43042912873862
XRPUSDT,2025-05-22,1,1.22699386503067
XRPUSDT,2025-07-04,1,1.59027128157156
XRPUSDT,2025-09-12,1,-0.406504065040651
XRPUSDT,2025-09-23,1,2.68270120259019
XRPUSDT,2025-10-17,4,1.31578947368421
XRPUSDT,2025-10-27,1,0.0
XRPUSDT,2025-10-31,1,0.327868852459016
XRPUSDT,2025-11-20,1,0.32051282051282
XRPUSDT,2025-11-26,2,1.2712777418659749
XRPUSDT,2026-01-17,1,1.0126582278481
XRPUSDT,2026-01-22,1,1.32890365448505
XRPUSDT,2026-01-31,1,1.0752688172043
XRPUSDT,2026-02-05,1,1.44927536231884
XRPUSDT,2026-02-17,1,1.11111111111111
XRPUSDT,2026-02-19,1,1.05633802816901
XRPUSDT,2026-02-27,1,-6.26702997275204
XRPUSDT,2026-03-04,1,-2.17566478646253
XRPUSDT,2026-03-18,3,1.0478097074541668
XRPUSDT,2026-03-27,1,0.821018062397373
XRPUSDT,2026-06-14,1,0.694444444444444
XRPUSDT,2026-06-17,1,1.04895104895105
XRPUSDT,2026-06-27,2,0.96861386196666155
XRPUSDT,2026-07-14,1,0.97323600973236